order_id,order_date,customer_id,customer_name,segment,region,country,category,sub_category,sales,quantity,discount,profit
ORD-2024-10001,2024-11-23,CUST-1028,Alex Rivera 95,Corporate,Europe,United Kingdom,Technology,Smartphones,1665.46,2,0.2,425.49
ORD-2024-10002,2024-01-16,CUST-1023,Olivia Brown 30,Home Office,North America,United States,Office Supplies,Appliances,708.35,8,0.2,200.79
ORD-2024-10003,2025-03-21,CUST-1001,Liam Smith 90,Corporate,Asia Pacific,Singapore,Technology,Laptops,8635.44,6,0.0,1495.54
ORD-2024-10004,2024-02-19,CUST-1091,Sophia Wilson 78,Corporate,North America,Canada,Office Supplies,Paper,1704.85,7,0.0,623.31
ORD-2024-10005,2025-02-28,CUST-1092,Charlotte Thomas 25,Home Office,North America,United States,Office Supplies,Binders,371.53,2,0.05,170.88
ORD-2024-10006,2024-07-13,CUST-1071,Mia Martinez 82,Corporate,Europe,France,Furniture,Desks,884.21,2,0.2,156.5
ORD-2024-10007,2024-09-30,CUST-1062,Liam Smith 60,Corporate,Asia Pacific,Australia,Office Supplies,Storage,201.67,1,0.05,90.05
ORD-2024-10008,2025-02-16,CUST-1080,James Taylor 35,Consumer,Europe,Italy,Office Supplies,Storage,415.0,8,0.15,193.14
ORD-2024-10009,2024-11-25,CUST-1117,Liam Smith 34,Consumer,Europe,Italy,Office Supplies,Storage,1059.97,7,0.2,339.0
ORD-2024-10010,2024-04-22,CUST-1035,Benjamin Anderson 64,Consumer,North America,United States,Technology,Laptops,6746.6,7,0.2,1119.14
ORD-2024-10011,2024-07-14,CUST-1119,Benjamin Anderson 33,Home Office,North America,United States,Office Supplies,Appliances,1141.26,6,0.0,328.74
ORD-2024-10012,2024-03-21,CUST-1116,Alex Rivera 93,Home Office,Asia Pacific,Australia,Office Supplies,Paper,766.22,5,0.3,269.94
ORD-2024-10013,2024-04-11,CUST-1039,Sophia Wilson 98,Consumer,North America,Canada,Furniture,Chairs,723.06,6,0.1,70.78
ORD-2024-10014,2024-05-03,CUST-1145,Emma Watson 11,Home Office,Latin America,Brazil,Office Supplies,Binders,261.18,8,0.2,65.17
ORD-2024-10015,2024-09-27,CUST-1108,Olivia Brown 70,Home Office,Europe,France,Furniture,Bookcases,3028.64,8,0.0,301.6
ORD-2024-10016,2024-02-02,CUST-1086,Alex Rivera 76,Home Office,Europe,Italy,Technology,Smartphones,171.77,1,0.05,28.66
ORD-2024-10017,2024-01-17,CUST-1084,Emma Watson 66,Consumer,Asia Pacific,India,Technology,Monitors,2035.89,8,0.05,704.73
ORD-2024-10018,2025-02-17,CUST-1104,Olivia Brown 13,Consumer,Latin America,Mexico,Furniture,Tables,280.19,1,0.3,50.63
ORD-2024-10019,2024-11-26,CUST-1025,Alex Rivera 52,Home Office,Asia Pacific,Japan,Technology,Laptops,2660.76,8,0.05,679.75
ORD-2024-10020,2024-05-22,CUST-1118,Olivia Brown 10,Corporate,North America,United States,Office Supplies,Appliances,400.24,2,0.05,100.02
ORD-2024-10021,2024-09-05,CUST-1123,Olivia Brown 52,Consumer,Europe,Spain,Technology,Printers,3287.45,8,0.1,840.77
ORD-2024-10022,2025-05-05,CUST-1142,Mia Martinez 20,Consumer,Asia Pacific,Australia,Technology,Monitors,787.32,1,0.3,179.82
ORD-2024-10023,2024-01-26,CUST-1149,Mia Martinez 65,Home Office,Europe,Germany,Office Supplies,Paper,342.91,2,0.2,75.57
ORD-2024-10024,2025-03-17,CUST-1060,James Taylor 16,Home Office,Europe,Italy,Office Supplies,Paper,721.86,7,0.35,-36.09
ORD-2024-10025,2024-09-24,CUST-1080,Noah Davis 27,Home Office,Asia Pacific,Australia,Furniture,Tables,629.68,5,0.15,71.3
ORD-2024-10026,2025-01-19,CUST-1018,Alex Rivera 59,Home Office,North America,United States,Office Supplies,Binders,354.81,3,0.1,164.72
ORD-2024-10027,2025-03-26,CUST-1062,Sophia Wilson 37,Consumer,Latin America,Chile,Office Supplies,Storage,109.76,1,0.3,48.86
ORD-2024-10028,2024-06-02,CUST-1026,Liam Smith 34,Consumer,North America,United States,Furniture,Bookcases,2870.63,6,0.05,538.24
ORD-2024-10029,2025-03-12,CUST-1067,Benjamin Anderson 63,Corporate,North America,United States,Office Supplies,Art,209.04,1,0.0,62.73
ORD-2024-10030,2024-03-07,CUST-1067,Liam Smith 95,Corporate,Latin America,Chile,Technology,Smartphones,448.44,3,0.2,71.31
ORD-2024-10031,2024-07-08,CUST-1149,Benjamin Anderson 19,Corporate,Europe,Germany,Furniture,Bookcases,651.82,1,0.1,59.98
ORD-2024-10032,2024-05-07,CUST-1026,Sophia Wilson 72,Corporate,Europe,United Kingdom,Technology,Laptops,1265.03,1,0.05,422.7
ORD-2024-10033,2024-06-19,CUST-1105,Olivia Brown 35,Consumer,North America,Canada,Technology,Printers,2850.19,8,0.1,644.99
ORD-2024-10034,2025-02-11,CUST-1058,Olivia Brown 4,Home Office,Europe,Spain,Furniture,Bookcases,3142.17,5,0.1,560.24
ORD-2024-10035,2024-07-23,CUST-1137,Sophia Wilson 4,Consumer,Asia Pacific,Australia,Office Supplies,Storage,120.83,7,0.1,50.58
ORD-2024-10036,2024-06-09,CUST-1111,Charlotte Thomas 66,Consumer,Latin America,Chile,Technology,Accessories,1001.21,7,0.0,280.32
ORD-2024-10037,2025-02-16,CUST-1137,Olivia Brown 47,Corporate,North America,Canada,Office Supplies,Storage,236.89,2,0.3,111.34
ORD-2024-10038,2024-09-16,CUST-1079,James Taylor 42,Corporate,Asia Pacific,Australia,Technology,Printers,5018.58,7,0.3,1691.43
ORD-2024-10039,2024-03-30,CUST-1145,Noah Davis 52,Home Office,North America,Canada,Furniture,Desks,1899.34,6,0.15,262.79
ORD-2024-10040,2024-12-11,CUST-1054,Benjamin Anderson 61,Home Office,Europe,Germany,Furniture,Furnishings,3287.34,6,0.0,702.45
ORD-2024-10041,2025-01-19,CUST-1060,Noah Davis 29,Consumer,Europe,Germany,Technology,Laptops,2511.22,2,0.15,636.87
ORD-2024-10042,2024-11-18,CUST-1147,Olivia Brown 92,Home Office,Latin America,Mexico,Furniture,Desks,160.68,1,0.0,33.05
ORD-2024-10043,2024-04-22,CUST-1045,Benjamin Anderson 60,Consumer,Europe,Germany,Furniture,Desks,3320.41,6,0.15,572.87
ORD-2024-10044,2025-01-03,CUST-1129,James Taylor 71,Corporate,Europe,Spain,Furniture,Bookcases,2455.32,5,0.2,360.73
ORD-2024-10045,2024-05-02,CUST-1070,Mia Martinez 10,Home Office,Asia Pacific,Australia,Furniture,Bookcases,550.58,2,0.05,44.14
ORD-2024-10046,2024-07-15,CUST-1039,Olivia Brown 9,Corporate,Latin America,Mexico,Office Supplies,Art,373.29,4,0.15,118.27
ORD-2024-10047,2025-01-29,CUST-1149,Alex Rivera 98,Home Office,Latin America,Mexico,Technology,Accessories,2998.98,7,0.15,853.38
ORD-2024-10048,2025-01-11,CUST-1139,Charlotte Thomas 29,Corporate,Europe,France,Furniture,Tables,301.43,6,0.3,56.01
ORD-2024-10049,2024-07-26,CUST-1042,Mia Martinez 17,Home Office,North America,Canada,Office Supplies,Appliances,236.77,2,0.3,77.8
ORD-2024-10050,2025-03-19,CUST-1118,Liam Smith 7,Corporate,Latin America,Mexico,Technology,Printers,3427.96,7,0.1,1158.66
ORD-2024-10051,2025-03-01,CUST-1107,Noah Davis 11,Corporate,North America,United States,Furniture,Desks,537.61,1,0.0,128.98
ORD-2024-10052,2024-04-12,CUST-1005,Charlotte Thomas 20,Consumer,Europe,Spain,Office Supplies,Paper,494.19,4,0.15,202.54
ORD-2024-10053,2025-01-27,CUST-1094,Liam Smith 78,Home Office,North America,United States,Furniture,Chairs,1936.04,5,0.2,359.08
ORD-2024-10054,2025-05-05,CUST-1096,James Taylor 92,Consumer,North America,United States,Technology,Accessories,2059.87,2,0.2,712.01
ORD-2024-10055,2024-06-26,CUST-1136,James Taylor 85,Corporate,North America,Canada,Technology,Printers,2121.11,2,0.15,827.65
ORD-2024-10056,2024-11-21,CUST-1117,Liam Smith 56,Consumer,Asia Pacific,India,Furniture,Tables,3011.85,5,0.1,663.64
ORD-2024-10057,2025-03-01,CUST-1022,Noah Davis 58,Consumer,Latin America,Chile,Office Supplies,Art,653.33,8,0.1,166.31
ORD-2024-10058,2024-04-18,CUST-1090,Noah Davis 44,Corporate,Asia Pacific,Japan,Office Supplies,Binders,181.77,7,0.15,66.63
ORD-2024-10059,2024-05-03,CUST-1121,Mia Martinez 58,Consumer,North America,Canada,Technology,Printers,3718.19,5,0.3,1098.31
ORD-2024-10060,2024-08-30,CUST-1141,Benjamin Anderson 45,Corporate,Asia Pacific,Singapore,Office Supplies,Art,356.34,5,0.05,84.17
ORD-2024-10061,2024-04-08,CUST-1080,Emma Watson 96,Home Office,Europe,United Kingdom,Technology,Printers,2363.15,5,0.0,846.38
ORD-2024-10062,2024-05-31,CUST-1058,Sophia Wilson 23,Corporate,North America,United States,Furniture,Chairs,2732.52,5,0.3,652.57
ORD-2024-10063,2024-11-22,CUST-1125,Emma Watson 2,Home Office,Asia Pacific,India,Furniture,Tables,274.98,1,0.1,65.5
ORD-2024-10064,2024-09-01,CUST-1029,Emma Watson 52,Corporate,North America,United States,Technology,Laptops,6159.1,5,0.0,2454.28
ORD-2024-10065,2024-03-01,CUST-1142,James Taylor 78,Home Office,Europe,Italy,Furniture,Tables,2376.99,5,0.35,-118.85
ORD-2024-10066,2024-06-05,CUST-1145,Charlotte Thomas 8,Home Office,North America,United States,Office Supplies,Binders,139.69,2,0.05,37.99
ORD-2024-10067,2024-10-09,CUST-1019,Liam Smith 1,Corporate,Latin America,Chile,Office Supplies,Art,287.64,4,0.1,118.53
ORD-2024-10068,2024-12-25,CUST-1116,Emma Watson 88,Consumer,Asia Pacific,Australia,Furniture,Chairs,1237.73,3,0.1,266.52
ORD-2024-10069,2024-02-06,CUST-1015,Liam Smith 40,Home Office,Asia Pacific,India,Technology,Printers,6664.9,7,0.1,1833.63
ORD-2024-10070,2024-09-09,CUST-1112,Emma Watson 77,Consumer,Latin America,Chile,Furniture,Furnishings,451.78,2,0.05,109.5
ORD-2024-10071,2025-03-04,CUST-1147,Charlotte Thomas 3,Home Office,Asia Pacific,Japan,Technology,Printers,5881.9,8,0.1,1149.16
ORD-2024-10072,2024-10-26,CUST-1111,Mia Martinez 12,Corporate,Asia Pacific,India,Furniture,Bookcases,1492.02,3,0.1,197.44
ORD-2024-10073,2024-09-10,CUST-1073,James Taylor 98,Home Office,North America,Canada,Technology,Accessories,745.3,2,0.15,272.95
ORD-2024-10074,2025-02-26,CUST-1000,Benjamin Anderson 60,Corporate,North America,United States,Office Supplies,Storage,892.81,8,0.3,296.96
ORD-2024-10075,2024-01-27,CUST-1052,Noah Davis 71,Consumer,Asia Pacific,India,Office Supplies,Art,109.59,4,0.3,27.12
ORD-2024-10076,2024-10-09,CUST-1003,Benjamin Anderson 53,Consumer,Europe,Germany,Furniture,Chairs,1366.24,3,0.15,323.16
ORD-2024-10077,2024-05-29,CUST-1130,Noah Davis 54,Corporate,Latin America,Brazil,Furniture,Furnishings,507.14,4,0.2,76.91
ORD-2024-10078,2025-03-26,CUST-1034,Emma Watson 36,Corporate,Asia Pacific,Singapore,Technology,Accessories,8443.52,8,0.05,2209.14
ORD-2024-10079,2024-09-04,CUST-1088,Sophia Wilson 71,Home Office,Latin America,Mexico,Furniture,Desks,2513.86,4,0.2,318.24
ORD-2024-10080,2025-03-14,CUST-1105,Alex Rivera 41,Home Office,Latin America,Chile,Furniture,Tables,2017.84,3,0.15,490.26
ORD-2024-10081,2024-03-05,CUST-1128,Charlotte Thomas 43,Consumer,Latin America,Brazil,Office Supplies,Art,34.88,3,0.15,16.09
ORD-2024-10082,2025-05-11,CUST-1039,Emma Watson 61,Corporate,Asia Pacific,India,Office Supplies,Paper,1350.85,7,0.1,524.18
ORD-2024-10083,2025-03-30,CUST-1124,Benjamin Anderson 5,Home Office,North America,United States,Office Supplies,Storage,423.95,2,0.15,209.22
ORD-2024-10084,2025-01-24,CUST-1025,Mia Martinez 22,Home Office,Asia Pacific,Japan,Technology,Accessories,5447.34,5,0.1,1327.57
ORD-2024-10085,2024-03-15,CUST-1062,Benjamin Anderson 53,Home Office,Europe,United Kingdom,Technology,Smartphones,4301.93,7,0.35,-215.1
ORD-2024-10086,2024-09-11,CUST-1149,Liam Smith 30,Corporate,Asia Pacific,India,Furniture,Chairs,5214.1,8,0.1,967.33
ORD-2024-10087,2024-03-21,CUST-1018,Mia Martinez 45,Home Office,Asia Pacific,India,Office Supplies,Storage,568.29,5,0.05,284.04
ORD-2024-10088,2025-03-12,CUST-1123,Emma Watson 31,Corporate,Asia Pacific,Singapore,Office Supplies,Storage,96.2,7,0.1,19.47
ORD-2024-10089,2025-03-18,CUST-1012,Charlotte Thomas 96,Corporate,Asia Pacific,Australia,Office Supplies,Storage,200.19,4,0.2,55.09
ORD-2024-10090,2025-01-21,CUST-1035,Emma Watson 81,Home Office,North America,Canada,Furniture,Chairs,1454.04,3,0.0,337.23
ORD-2024-10091,2024-06-16,CUST-1106,Liam Smith 26,Consumer,Asia Pacific,Singapore,Technology,Accessories,9921.24,8,0.1,3339.88
ORD-2024-10092,2024-06-22,CUST-1029,Mia Martinez 10,Consumer,Europe,Spain,Office Supplies,Storage,221.69,7,0.0,61.93
ORD-2024-10093,2024-03-04,CUST-1116,Sophia Wilson 87,Home Office,Asia Pacific,India,Office Supplies,Storage,122.4,4,0.15,25.4
ORD-2024-10094,2025-03-28,CUST-1143,Sophia Wilson 79,Consumer,North America,Canada,Office Supplies,Storage,315.06,2,0.05,67.3
ORD-2024-10095,2024-01-20,CUST-1077,Mia Martinez 15,Consumer,Europe,Italy,Technology,Printers,4055.35,7,0.2,1360.84
ORD-2024-10096,2024-03-20,CUST-1106,Emma Watson 63,Home Office,Latin America,Mexico,Technology,Accessories,2952.75,8,0.05,1074.4
ORD-2024-10097,2024-02-20,CUST-1094,Benjamin Anderson 83,Corporate,North America,Canada,Furniture,Desks,6209.28,8,0.0,1133.53
ORD-2024-10098,2024-11-24,CUST-1005,Alex Rivera 43,Consumer,Europe,Italy,Technology,Smartphones,4026.69,4,0.2,821.4
ORD-2024-10099,2025-03-21,CUST-1059,Sophia Wilson 19,Home Office,North America,Canada,Technology,Laptops,2541.33,3,0.0,801.19
ORD-2024-10100,2024-01-14,CUST-1033,Alex Rivera 46,Consumer,Asia Pacific,Japan,Technology,Accessories,864.7,7,0.2,154.27
ORD-2024-10101,2024-02-02,CUST-1121,Mia Martinez 47,Home Office,North America,Canada,Office Supplies,Binders,165.83,1,0.3,72.13
ORD-2024-10102,2025-03-19,CUST-1133,Noah Davis 59,Home Office,North America,United States,Furniture,Tables,628.51,2,0.15,120.98
ORD-2024-10103,2024-08-15,CUST-1018,Emma Watson 42,Home Office,Europe,Germany,Technology,Accessories,4929.3,6,0.15,1965.1
ORD-2024-10104,2024-09-28,CUST-1075,Mia Martinez 65,Home Office,Latin America,Brazil,Office Supplies,Paper,729.88,4,0.15,244.85
ORD-2024-10105,2024-04-26,CUST-1105,Sophia Wilson 59,Corporate,Latin America,Chile,Technology,Accessories,3087.0,5,0.1,1198.99
ORD-2024-10106,2024-12-17,CUST-1121,Emma Watson 12,Consumer,North America,Canada,Technology,Accessories,986.17,1,0.2,383.77
ORD-2024-10107,2024-10-14,CUST-1084,Emma Watson 53,Corporate,Latin America,Chile,Technology,Accessories,5595.48,6,0.0,1647.75
ORD-2024-10108,2024-04-18,CUST-1039,Mia Martinez 29,Consumer,Asia Pacific,Singapore,Technology,Accessories,5013.23,7,0.2,1973.39
ORD-2024-10109,2025-02-23,CUST-1142,Alex Rivera 78,Home Office,Asia Pacific,Japan,Technology,Accessories,4850.23,5,0.1,1153.17
ORD-2024-10110,2024-04-02,CUST-1036,Charlotte Thomas 85,Corporate,North America,United States,Office Supplies,Paper,108.87,4,0.15,35.49
ORD-2024-10111,2024-06-23,CUST-1040,Sophia Wilson 40,Home Office,Asia Pacific,Japan,Technology,Laptops,212.46,1,0.3,36.2
ORD-2024-10112,2024-08-14,CUST-1108,Mia Martinez 78,Corporate,Latin America,Mexico,Technology,Monitors,1691.34,7,0.0,373.47
ORD-2024-10113,2024-12-13,CUST-1124,Benjamin Anderson 86,Corporate,North America,United States,Furniture,Furnishings,327.92,4,0.1,78.39
ORD-2024-10114,2025-01-27,CUST-1035,Noah Davis 38,Corporate,North America,United States,Furniture,Tables,1017.91,7,0.2,194.15
ORD-2024-10115,2024-09-13,CUST-1143,Sophia Wilson 10,Corporate,North America,Canada,Technology,Printers,6662.64,6,0.2,1714.44
ORD-2024-10116,2024-07-26,CUST-1106,Noah Davis 15,Corporate,North America,Canada,Technology,Monitors,4400.04,6,0.0,1140.39
ORD-2024-10117,2024-02-24,CUST-1062,James Taylor 76,Corporate,North America,Canada,Furniture,Bookcases,648.54,3,0.0,98.64
ORD-2024-10118,2024-02-28,CUST-1135,Benjamin Anderson 25,Corporate,Asia Pacific,Australia,Technology,Smartphones,1094.21,4,0.05,328.92
ORD-2024-10119,2025-01-24,CUST-1019,Liam Smith 99,Home Office,Latin America,Mexico,Office Supplies,Appliances,494.51,6,0.3,145.8
ORD-2024-10120,2024-08-13,CUST-1017,Mia Martinez 57,Home Office,Asia Pacific,Singapore,Office Supplies,Paper,170.05,2,0.1,57.57
ORD-2024-10121,2024-01-20,CUST-1014,Sophia Wilson 37,Consumer,North America,Canada,Furniture,Furnishings,395.88,1,0.15,91.77
ORD-2024-10122,2024-10-19,CUST-1048,Sophia Wilson 78,Corporate,Europe,Germany,Furniture,Chairs,2764.57,6,0.3,184.86
ORD-2024-10123,2024-11-26,CUST-1044,Alex Rivera 32,Home Office,Latin America,Mexico,Office Supplies,Appliances,844.29,6,0.1,401.36
ORD-2024-10124,2024-07-17,CUST-1104,Sophia Wilson 87,Home Office,North America,Canada,Technology,Accessories,1349.46,7,0.1,287.43
ORD-2024-10125,2025-03-12,CUST-1038,Sophia Wilson 11,Home Office,Europe,France,Furniture,Tables,190.72,2,0.35,-9.54
ORD-2024-10126,2024-11-25,CUST-1084,Liam Smith 86,Home Office,North America,Canada,Office Supplies,Storage,68.31,5,0.05,33.15
ORD-2024-10127,2024-06-23,CUST-1124,Olivia Brown 29,Consumer,Europe,Germany,Furniture,Chairs,301.54,1,0.3,35.39
ORD-2024-10128,2025-01-27,CUST-1033,Charlotte Thomas 49,Consumer,Europe,United Kingdom,Office Supplies,Appliances,428.76,3,0.3,142.05
ORD-2024-10129,2024-07-29,CUST-1093,Olivia Brown 57,Home Office,Asia Pacific,India,Technology,Monitors,3189.11,8,0.05,771.64
ORD-2024-10130,2025-04-29,CUST-1146,Mia Martinez 60,Corporate,Latin America,Chile,Office Supplies,Art,774.08,4,0.2,186.96
ORD-2024-10131,2024-05-08,CUST-1013,Mia Martinez 48,Home Office,North America,United States,Furniture,Chairs,2644.95,5,0.15,611.15
ORD-2024-10132,2024-03-16,CUST-1111,Emma Watson 29,Corporate,Asia Pacific,Japan,Furniture,Chairs,1979.84,6,0.05,251.9
ORD-2024-10133,2024-02-11,CUST-1095,Olivia Brown 4,Corporate,North America,Canada,Technology,Laptops,752.58,8,0.3,269.26
ORD-2024-10134,2025-01-23,CUST-1120,Mia Martinez 79,Consumer,North America,United States,Furniture,Desks,4733.54,7,0.0,971.49
ORD-2024-10135,2024-05-01,CUST-1077,Emma Watson 7,Consumer,Latin America,Chile,Office Supplies,Art,160.45,8,0.2,57.89
ORD-2024-10136,2024-11-19,CUST-1131,Charlotte Thomas 31,Home Office,Europe,France,Furniture,Chairs,1635.55,4,0.2,218.04
ORD-2024-10137,2024-12-06,CUST-1021,Benjamin Anderson 47,Consumer,North America,Canada,Furniture,Chairs,2844.45,6,0.1,567.36
ORD-2024-10138,2024-07-01,CUST-1017,Sophia Wilson 31,Home Office,North America,Canada,Technology,Smartphones,2437.09,6,0.3,472.24
ORD-2024-10139,2025-02-02,CUST-1118,Mia Martinez 81,Consumer,Europe,Germany,Office Supplies,Art,75.52,4,0.0,33.03
ORD-2024-10140,2025-03-29,CUST-1010,Sophia Wilson 40,Home Office,Latin America,Chile,Furniture,Bookcases,278.89,4,0.1,33.86
ORD-2024-10141,2025-02-03,CUST-1012,Sophia Wilson 35,Consumer,Asia Pacific,India,Furniture,Tables,4542.17,7,0.1,1111.67
ORD-2024-10142,2024-09-11,CUST-1127,Sophia Wilson 67,Corporate,North America,Canada,Technology,Printers,2245.15,3,0.2,501.66
ORD-2024-10143,2024-02-22,CUST-1020,Sophia Wilson 85,Corporate,Asia Pacific,India,Office Supplies,Art,359.93,8,0.1,120.27
ORD-2024-10144,2025-01-07,CUST-1090,Charlotte Thomas 56,Corporate,North America,United States,Office Supplies,Art,291.57,3,0.0,70.8
ORD-2024-10145,2024-11-07,CUST-1112,Alex Rivera 17,Consumer,Europe,France,Furniture,Tables,609.68,1,0.2,49.19
ORD-2024-10146,2024-08-18,CUST-1094,Sophia Wilson 57,Consumer,Europe,Italy,Furniture,Tables,1357.5,5,0.05,328.66
ORD-2024-10147,2024-01-14,CUST-1047,Mia Martinez 67,Corporate,North America,Canada,Furniture,Tables,738.25,5,0.3,172.23
ORD-2024-10148,2024-09-08,CUST-1051,Emma Watson 18,Consumer,Latin America,Brazil,Office Supplies,Art,1047.23,6,0.3,318.6
ORD-2024-10149,2024-02-03,CUST-1140,Benjamin Anderson 38,Corporate,Europe,United Kingdom,Furniture,Furnishings,829.08,4,0.05,80.71
ORD-2024-10150,2024-09-09,CUST-1006,Sophia Wilson 71,Home Office,Asia Pacific,India,Office Supplies,Binders,313.74,2,0.0,91.86
ORD-2024-10151,2025-01-02,CUST-1122,Benjamin Anderson 53,Corporate,North America,United States,Furniture,Chairs,2208.64,6,0.05,498.25
ORD-2024-10152,2025-02-03,CUST-1141,Charlotte Thomas 24,Consumer,Latin America,Chile,Technology,Smartphones,3874.62,5,0.05,738.08
ORD-2024-10153,2025-04-23,CUST-1057,Sophia Wilson 67,Corporate,North America,Canada,Technology,Monitors,1878.88,5,0.2,532.42
ORD-2024-10154,2024-09-14,CUST-1043,Charlotte Thomas 75,Consumer,Europe,Italy,Office Supplies,Appliances,91.03,1,0.0,20.42
ORD-2024-10155,2025-04-30,CUST-1147,Noah Davis 84,Consumer,Latin America,Chile,Office Supplies,Paper,453.35,5,0.3,220.78
ORD-2024-10156,2024-09-04,CUST-1062,James Taylor 39,Corporate,North America,United States,Technology,Printers,5093.37,8,0.05,1197.19
ORD-2024-10157,2024-03-14,CUST-1080,Sophia Wilson 94,Corporate,Latin America,Brazil,Furniture,Furnishings,2686.07,6,0.05,384.9
ORD-2024-10158,2024-05-16,CUST-1115,Olivia Brown 19,Consumer,North America,Canada,Furniture,Furnishings,981.72,3,0.1,232.42
ORD-2024-10159,2025-01-04,CUST-1080,Olivia Brown 98,Consumer,Latin America,Chile,Furniture,Tables,5674.48,8,0.0,385.92
ORD-2024-10160,2024-07-20,CUST-1129,Mia Martinez 31,Consumer,Asia Pacific,Japan,Technology,Accessories,5635.8,8,0.1,1601.54
ORD-2024-10161,2025-03-09,CUST-1027,James Taylor 18,Corporate,Asia Pacific,India,Furniture,Chairs,1261.58,4,0.1,202.67
ORD-2024-10162,2024-02-07,CUST-1098,Benjamin Anderson 58,Home Office,Asia Pacific,Japan,Technology,Smartphones,3068.83,6,0.2,1180.69
ORD-2024-10163,2025-01-21,CUST-1036,Olivia Brown 78,Home Office,Latin America,Chile,Technology,Smartphones,689.83,6,0.15,193.04
ORD-2024-10164,2024-03-17,CUST-1131,Liam Smith 42,Home Office,Asia Pacific,Australia,Furniture,Furnishings,2417.96,5,0.2,283.57
ORD-2024-10165,2025-02-28,CUST-1130,Benjamin Anderson 63,Home Office,Asia Pacific,India,Technology,Accessories,935.61,2,0.15,276.87
ORD-2024-10166,2025-02-11,CUST-1006,Charlotte Thomas 61,Corporate,Europe,Germany,Office Supplies,Art,338.62,7,0.05,151.19
ORD-2024-10167,2024-05-04,CUST-1008,Charlotte Thomas 90,Consumer,Europe,Germany,Furniture,Bookcases,1784.04,7,0.3,161.95
ORD-2024-10168,2024-09-13,CUST-1120,Alex Rivera 91,Consumer,Europe,Italy,Furniture,Tables,2531.43,6,0.05,359.29
ORD-2024-10169,2024-09-29,CUST-1087,Benjamin Anderson 46,Home Office,Asia Pacific,India,Technology,Laptops,2261.9,5,0.05,871.67
ORD-2024-10170,2024-06-01,CUST-1073,Olivia Brown 89,Home Office,Latin America,Mexico,Furniture,Bookcases,2116.66,5,0.1,157.43
ORD-2024-10171,2024-12-12,CUST-1139,James Taylor 51,Corporate,Europe,France,Technology,Accessories,2585.79,2,0.1,985.19
ORD-2024-10172,2024-12-01,CUST-1065,Mia Martinez 28,Consumer,Asia Pacific,Singapore,Technology,Smartphones,3626.19,4,0.05,589.95
ORD-2024-10173,2025-04-08,CUST-1135,Olivia Brown 82,Consumer,North America,United States,Furniture,Bookcases,823.23,2,0.3,168.07
ORD-2024-10174,2024-01-03,CUST-1140,Liam Smith 53,Home Office,Latin America,Mexico,Office Supplies,Binders,861.39,5,0.1,246.03
ORD-2024-10175,2024-01-31,CUST-1022,Charlotte Thomas 30,Home Office,North America,United States,Furniture,Desks,637.87,1,0.15,132.42
ORD-2024-10176,2024-04-05,CUST-1074,Alex Rivera 2,Corporate,North America,Canada,Furniture,Tables,6017.83,8,0.05,1325.2
ORD-2024-10177,2024-08-27,CUST-1069,Olivia Brown 15,Corporate,Europe,Spain,Office Supplies,Storage,127.72,1,0.3,38.46
ORD-2024-10178,2024-05-31,CUST-1145,Olivia Brown 23,Home Office,Latin America,Mexico,Office Supplies,Storage,58.56,2,0.05,28.96
ORD-2024-10179,2024-09-01,CUST-1082,Olivia Brown 1,Corporate,Latin America,Brazil,Furniture,Bookcases,3062.12,5,0.2,595.82
ORD-2024-10180,2024-01-06,CUST-1066,Sophia Wilson 89,Consumer,North America,United States,Furniture,Bookcases,594.26,5,0.3,43.67
ORD-2024-10181,2025-04-14,CUST-1075,Sophia Wilson 79,Consumer,Europe,United Kingdom,Furniture,Desks,1995.27,6,0.15,379.88
ORD-2024-10182,2025-04-12,CUST-1120,Benjamin Anderson 86,Consumer,Europe,Italy,Technology,Monitors,4286.28,6,0.0,1625.83
ORD-2024-10183,2024-02-27,CUST-1015,Benjamin Anderson 65,Consumer,Europe,United Kingdom,Furniture,Furnishings,1067.86,4,0.3,177.94
ORD-2024-10184,2024-02-16,CUST-1130,Mia Martinez 8,Corporate,Europe,Italy,Furniture,Tables,2648.41,8,0.3,559.83
ORD-2024-10185,2025-01-05,CUST-1005,James Taylor 33,Consumer,Europe,Italy,Technology,Smartphones,1090.64,2,0.2,434.65
ORD-2024-10186,2025-04-23,CUST-1017,Mia Martinez 5,Corporate,Latin America,Brazil,Technology,Printers,3639.79,7,0.15,1337.28
ORD-2024-10187,2025-04-09,CUST-1096,James Taylor 11,Home Office,Europe,France,Technology,Laptops,8343.1,7,0.2,1517.08
ORD-2024-10188,2024-04-24,CUST-1000,Alex Rivera 39,Corporate,Latin America,Chile,Furniture,Desks,1343.09,6,0.05,141.2
ORD-2024-10189,2025-04-24,CUST-1028,Alex Rivera 85,Corporate,North America,United States,Technology,Smartphones,189.78,1,0.15,56.83
ORD-2024-10190,2024-12-26,CUST-1012,Olivia Brown 95,Consumer,Latin America,Mexico,Technology,Monitors,369.09,1,0.05,101.86
ORD-2024-10191,2024-05-28,CUST-1059,Charlotte Thomas 41,Home Office,Asia Pacific,Australia,Furniture,Desks,2683.52,4,0.15,295.46
ORD-2024-10192,2024-02-01,CUST-1142,Charlotte Thomas 95,Consumer,Latin America,Chile,Furniture,Chairs,4363.63,7,0.2,496.35
ORD-2024-10193,2024-08-01,CUST-1104,Liam Smith 39,Corporate,Europe,Italy,Furniture,Desks,2404.53,5,0.3,189.65
ORD-2024-10194,2024-08-25,CUST-1014,Benjamin Anderson 53,Corporate,Europe,Spain,Technology,Accessories,626.86,2,0.15,226.79
ORD-2024-10195,2024-02-17,CUST-1137,Olivia Brown 7,Corporate,Latin America,Chile,Office Supplies,Appliances,37.03,2,0.05,16.34
ORD-2024-10196,2024-10-27,CUST-1143,Olivia Brown 62,Consumer,Asia Pacific,Singapore,Technology,Laptops,1975.08,2,0.3,789.82
ORD-2024-10197,2024-09-02,CUST-1062,Charlotte Thomas 91,Consumer,Latin America,Brazil,Office Supplies,Storage,1166.91,7,0.15,420.2
ORD-2024-10198,2024-07-02,CUST-1078,Noah Davis 47,Home Office,Latin America,Mexico,Technology,Printers,6620.61,6,0.05,1606.66
ORD-2024-10199,2024-07-30,CUST-1011,Charlotte Thomas 29,Home Office,Europe,Germany,Furniture,Furnishings,4731.74,7,0.1,380.82
ORD-2024-10200,2024-06-17,CUST-1058,James Taylor 73,Consumer,Latin America,Chile,Office Supplies,Storage,401.86,8,0.3,157.73
ORD-2024-10201,2024-09-08,CUST-1117,Liam Smith 94,Corporate,Europe,United Kingdom,Office Supplies,Appliances,101.76,1,0.2,21.38
ORD-2024-10202,2025-03-09,CUST-1019,Alex Rivera 98,Consumer,Latin America,Brazil,Office Supplies,Binders,78.93,3,0.0,20.97
ORD-2024-10203,2024-08-21,CUST-1095,Alex Rivera 80,Home Office,Latin America,Chile,Furniture,Chairs,384.72,7,0.0,20.52
ORD-2024-10204,2025-01-04,CUST-1070,Benjamin Anderson 37,Consumer,Latin America,Brazil,Technology,Smartphones,3133.59,4,0.05,955.57
ORD-2024-10205,2024-05-09,CUST-1090,Noah Davis 51,Consumer,Asia Pacific,India,Furniture,Furnishings,836.68,4,0.1,156.3
ORD-2024-10206,2025-03-10,CUST-1020,Alex Rivera 12,Corporate,Latin America,Mexico,Office Supplies,Art,16.43,1,0.3,4.13
ORD-2024-10207,2024-09-12,CUST-1111,Sophia Wilson 73,Consumer,North America,United States,Technology,Monitors,755.21,1,0.0,242.5
ORD-2024-10208,2024-05-23,CUST-1139,Charlotte Thomas 85,Consumer,Europe,France,Technology,Laptops,6395.13,7,0.0,1437.75
ORD-2024-10209,2024-10-15,CUST-1061,Charlotte Thomas 50,Home Office,Asia Pacific,India,Office Supplies,Binders,319.55,2,0.2,135.37
ORD-2024-10210,2024-06-26,CUST-1013,Emma Watson 56,Consumer,North America,Canada,Office Supplies,Appliances,1506.77,7,0.1,314.75
ORD-2024-10211,2024-05-19,CUST-1115,Mia Martinez 30,Corporate,Latin America,Mexico,Technology,Monitors,1629.04,2,0.2,364.65
ORD-2024-10212,2024-05-06,CUST-1018,Emma Watson 35,Consumer,Latin America,Chile,Office Supplies,Binders,1012.61,6,0.1,234.89
ORD-2024-10213,2024-01-03,CUST-1078,Mia Martinez 47,Corporate,North America,United States,Technology,Laptops,4843.93,7,0.0,758.39
ORD-2024-10214,2024-06-30,CUST-1141,Emma Watson 77,Home Office,Asia Pacific,India,Technology,Accessories,934.65,2,0.3,350.76
ORD-2024-10215,2025-04-08,CUST-1062,Charlotte Thomas 67,Consumer,Latin America,Brazil,Technology,Accessories,3857.84,8,0.05,639.69
ORD-2024-10216,2024-08-10,CUST-1070,James Taylor 39,Corporate,North America,Canada,Furniture,Desks,3780.29,8,0.2,655.25
ORD-2024-10217,2024-08-22,CUST-1027,Liam Smith 39,Consumer,Latin America,Mexico,Office Supplies,Art,1035.2,6,0.15,311.0
ORD-2024-10218,2025-02-21,CUST-1034,Noah Davis 42,Home Office,Europe,Spain,Furniture,Desks,4176.52,6,0.1,822.67
ORD-2024-10219,2024-11-20,CUST-1125,Charlotte Thomas 32,Corporate,Latin America,Mexico,Furniture,Bookcases,433.34,4,0.2,108.1
ORD-2024-10220,2024-04-02,CUST-1140,Alex Rivera 94,Corporate,Europe,Spain,Furniture,Chairs,3254.68,7,0.3,487.75
ORD-2024-10221,2024-11-20,CUST-1077,Olivia Brown 33,Home Office,Europe,Spain,Furniture,Chairs,2475.52,8,0.2,322.22
ORD-2024-10222,2024-09-16,CUST-1107,Benjamin Anderson 5,Corporate,North America,United States,Technology,Accessories,252.96,1,0.2,100.15
ORD-2024-10223,2024-12-12,CUST-1102,Sophia Wilson 56,Consumer,North America,United States,Furniture,Desks,1472.23,4,0.15,183.77
ORD-2024-10224,2024-08-25,CUST-1128,Liam Smith 45,Consumer,Latin America,Brazil,Furniture,Tables,1480.82,2,0.0,320.25
ORD-2024-10225,2025-01-08,CUST-1036,Sophia Wilson 40,Corporate,Latin America,Brazil,Office Supplies,Art,159.1,2,0.15,66.28
ORD-2024-10226,2024-08-19,CUST-1081,Emma Watson 39,Consumer,North America,United States,Furniture,Chairs,1171.49,3,0.3,115.72
ORD-2024-10227,2024-03-30,CUST-1141,Liam Smith 43,Home Office,Latin America,Mexico,Technology,Printers,2045.95,3,0.3,643.1
ORD-2024-10228,2024-07-21,CUST-1007,Charlotte Thomas 26,Corporate,Latin America,Mexico,Technology,Laptops,595.54,2,0.2,104.48
ORD-2024-10229,2025-03-22,CUST-1137,Liam Smith 47,Corporate,Europe,Spain,Technology,Accessories,5368.48,8,0.35,-268.42
ORD-2024-10230,2024-06-09,CUST-1099,Charlotte Thomas 51,Home Office,North America,Canada,Furniture,Tables,2052.08,5,0.2,344.82
ORD-2024-10231,2024-12-10,CUST-1034,Sophia Wilson 16,Consumer,Asia Pacific,Japan,Technology,Accessories,6334.85,7,0.15,1894.79
ORD-2024-10232,2024-10-21,CUST-1098,James Taylor 24,Corporate,Europe,Italy,Technology,Printers,1323.4,3,0.1,477.08
ORD-2024-10233,2024-11-13,CUST-1013,Sophia Wilson 2,Corporate,Europe,United Kingdom,Furniture,Furnishings,2917.74,8,0.15,545.44
ORD-2024-10234,2024-07-31,CUST-1113,Mia Martinez 22,Consumer,North America,United States,Furniture,Chairs,1216.66,5,0.05,250.81
ORD-2024-10235,2024-10-16,CUST-1126,Benjamin Anderson 66,Consumer,North America,Canada,Office Supplies,Storage,98.06,1,0.3,32.6
ORD-2024-10236,2024-04-21,CUST-1108,Emma Watson 95,Home Office,Europe,France,Technology,Printers,770.44,2,0.15,282.23
ORD-2024-10237,2024-03-01,CUST-1060,Olivia Brown 95,Home Office,Asia Pacific,India,Technology,Monitors,1055.3,4,0.05,370.79
ORD-2024-10238,2024-10-18,CUST-1089,Benjamin Anderson 36,Home Office,Europe,France,Office Supplies,Storage,317.76,5,0.2,157.5
ORD-2024-10239,2024-12-13,CUST-1024,Liam Smith 97,Corporate,North America,Canada,Office Supplies,Binders,508.27,3,0.05,123.95
ORD-2024-10240,2024-06-13,CUST-1063,James Taylor 63,Consumer,Asia Pacific,India,Furniture,Tables,181.29,2,0.15,27.76
ORD-2024-10241,2024-05-22,CUST-1094,Mia Martinez 63,Corporate,North America,United States,Office Supplies,Art,974.16,6,0.0,427.37
ORD-2024-10242,2024-07-22,CUST-1055,James Taylor 28,Corporate,Asia Pacific,Singapore,Furniture,Bookcases,1105.15,3,0.2,243.67
ORD-2024-10243,2025-02-07,CUST-1087,Alex Rivera 6,Consumer,Latin America,Brazil,Technology,Laptops,600.64,1,0.15,120.48
ORD-2024-10244,2024-12-18,CUST-1033,Noah Davis 21,Corporate,North America,Canada,Furniture,Chairs,986.64,3,0.0,127.54
ORD-2024-10245,2024-06-05,CUST-1059,James Taylor 84,Consumer,North America,United States,Technology,Printers,610.14,4,0.2,195.24
ORD-2024-10246,2024-01-05,CUST-1002,Sophia Wilson 16,Corporate,Europe,Spain,Technology,Laptops,1247.92,2,0.0,284.95
ORD-2024-10247,2025-03-27,CUST-1076,Liam Smith 49,Consumer,Europe,Germany,Office Supplies,Appliances,23.46,3,0.35,-1.17
ORD-2024-10248,2024-04-19,CUST-1038,James Taylor 79,Home Office,Latin America,Brazil,Technology,Smartphones,446.11,2,0.2,148.33
ORD-2024-10249,2024-06-28,CUST-1109,Sophia Wilson 18,Consumer,Asia Pacific,Japan,Technology,Monitors,3266.97,5,0.3,511.95
ORD-2024-10250,2025-03-09,CUST-1077,Olivia Brown 67,Home Office,Europe,Spain,Furniture,Chairs,1658.41,4,0.35,-82.92
ORD-2024-10251,2024-05-03,CUST-1127,Charlotte Thomas 10,Home Office,North America,Canada,Furniture,Desks,2142.82,7,0.1,341.29
ORD-2024-10252,2024-03-29,CUST-1120,Emma Watson 3,Home Office,North America,United States,Furniture,Desks,67.89,1,0.15,10.27
ORD-2024-10253,2024-11-17,CUST-1128,James Taylor 55,Home Office,Latin America,Brazil,Office Supplies,Appliances,375.41,3,0.1,84.5
ORD-2024-10254,2024-02-10,CUST-1130,Olivia Brown 20,Home Office,Asia Pacific,India,Office Supplies,Paper,413.76,7,0.3,201.1
ORD-2024-10255,2024-05-02,CUST-1014,Olivia Brown 12,Corporate,North America,Canada,Office Supplies,Appliances,69.63,3,0.0,14.19
ORD-2024-10256,2024-03-11,CUST-1002,Liam Smith 64,Corporate,Asia Pacific,Australia,Furniture,Desks,2143.15,5,0.3,487.1
ORD-2024-10257,2025-01-29,CUST-1007,Sophia Wilson 55,Corporate,North America,Canada,Office Supplies,Appliances,1092.15,8,0.15,385.79
ORD-2024-10258,2024-01-29,CUST-1127,Charlotte Thomas 22,Corporate,Europe,France,Technology,Monitors,1970.77,2,0.05,660.59
ORD-2024-10259,2024-01-02,CUST-1011,Alex Rivera 32,Consumer,Latin America,Mexico,Furniture,Desks,147.38,1,0.2,31.04
ORD-2024-10260,2024-12-31,CUST-1107,Olivia Brown 42,Consumer,Latin America,Chile,Furniture,Bookcases,4017.0,6,0.0,604.19
ORD-2024-10261,2025-04-06,CUST-1013,Liam Smith 29,Home Office,North America,Canada,Technology,Printers,5893.97,5,0.1,1011.38
ORD-2024-10262,2024-08-21,CUST-1002,Sophia Wilson 26,Corporate,Asia Pacific,Australia,Furniture,Bookcases,3752.65,8,0.05,737.37
ORD-2024-10263,2024-10-06,CUST-1062,Liam Smith 1,Corporate,North America,United States,Office Supplies,Storage,146.37,1,0.1,29.34
ORD-2024-10264,2024-12-02,CUST-1096,Noah Davis 14,Consumer,Europe,Spain,Furniture,Chairs,1636.78,3,0.3,173.44
ORD-2024-10265,2024-01-23,CUST-1059,Benjamin Anderson 53,Home Office,Asia Pacific,India,Office Supplies,Paper,313.7,3,0.3,139.91
ORD-2024-10266,2024-02-08,CUST-1145,Alex Rivera 56,Home Office,Europe,United Kingdom,Furniture,Bookcases,3372.13,7,0.3,729.66
ORD-2024-10267,2024-06-16,CUST-1081,Mia Martinez 35,Consumer,North America,United States,Technology,Monitors,446.01,2,0.05,117.03
ORD-2024-10268,2024-06-09,CUST-1104,Emma Watson 69,Corporate,Europe,Spain,Furniture,Tables,497.52,2,0.0,40.56
ORD-2024-10269,2024-12-17,CUST-1077,Charlotte Thomas 6,Consumer,Asia Pacific,Australia,Technology,Laptops,8148.73,7,0.2,1322.03
ORD-2024-10270,2024-06-02,CUST-1066,Liam Smith 4,Corporate,Latin America,Chile,Office Supplies,Appliances,559.68,8,0.0,246.91
ORD-2024-10271,2024-03-12,CUST-1031,Alex Rivera 8,Consumer,Europe,United Kingdom,Furniture,Bookcases,734.12,2,0.35,-36.71
ORD-2024-10272,2025-04-14,CUST-1019,Alex Rivera 9,Consumer,Latin America,Brazil,Technology,Accessories,2031.92,8,0.0,390.12
ORD-2024-10273,2024-10-20,CUST-1110,James Taylor 64,Consumer,Latin America,Chile,Furniture,Desks,851.74,3,0.1,90.26
ORD-2024-10274,2025-03-28,CUST-1038,Alex Rivera 79,Home Office,Europe,France,Furniture,Tables,3702.82,8,0.35,-185.14
ORD-2024-10275,2024-07-15,CUST-1035,James Taylor 26,Home Office,Europe,Italy,Technology,Printers,6070.63,6,0.15,1736.99
ORD-2024-10276,2024-09-05,CUST-1088,Charlotte Thomas 65,Corporate,Latin America,Mexico,Technology,Smartphones,2131.24,4,0.0,796.96
ORD-2024-10277,2025-02-02,CUST-1071,Alex Rivera 61,Home Office,Asia Pacific,Australia,Technology,Smartphones,1555.06,4,0.1,440.74
ORD-2024-10278,2025-02-09,CUST-1014,Olivia Brown 74,Corporate,Asia Pacific,Australia,Technology,Laptops,4422.62,6,0.2,694.58
ORD-2024-10279,2024-12-24,CUST-1090,Charlotte Thomas 73,Consumer,Europe,Spain,Office Supplies,Storage,52.13,1,0.0,11.3
ORD-2024-10280,2024-11-04,CUST-1056,Alex Rivera 68,Corporate,North America,Canada,Office Supplies,Binders,854.91,6,0.3,216.5
ORD-2024-10281,2025-02-14,CUST-1082,Alex Rivera 3,Consumer,Europe,Germany,Office Supplies,Storage,1010.23,6,0.3,487.51
ORD-2024-10282,2024-07-21,CUST-1025,Sophia Wilson 39,Corporate,Europe,United Kingdom,Office Supplies,Art,1120.22,8,0.3,330.67
ORD-2024-10283,2024-12-28,CUST-1143,Charlotte Thomas 46,Consumer,Europe,Spain,Furniture,Bookcases,101.86,1,0.3,24.42
ORD-2024-10284,2024-07-19,CUST-1145,Alex Rivera 24,Home Office,Asia Pacific,Australia,Office Supplies,Appliances,265.92,8,0.05,79.6
ORD-2024-10285,2024-02-09,CUST-1060,Sophia Wilson 41,Consumer,North America,Canada,Furniture,Chairs,696.95,4,0.3,44.3
ORD-2024-10286,2024-05-11,CUST-1027,Alex Rivera 7,Corporate,Latin America,Chile,Furniture,Desks,4851.19,8,0.15,583.34
ORD-2024-10287,2024-07-11,CUST-1025,Mia Martinez 74,Home Office,Europe,United Kingdom,Furniture,Chairs,584.46,1,0.1,31.57
ORD-2024-10288,2024-05-13,CUST-1026,Emma Watson 44,Consumer,Latin America,Brazil,Office Supplies,Paper,254.32,2,0.1,96.19
ORD-2024-10289,2024-11-10,CUST-1123,Alex Rivera 56,Home Office,Europe,Italy,Furniture,Desks,513.97,6,0.05,125.86
ORD-2024-10290,2024-07-28,CUST-1141,Benjamin Anderson 34,Home Office,Asia Pacific,Singapore,Technology,Smartphones,1143.65,8,0.05,187.13
ORD-2024-10291,2024-01-02,CUST-1109,Emma Watson 38,Home Office,Latin America,Brazil,Technology,Smartphones,1869.35,5,0.0,501.72
ORD-2024-10292,2024-02-29,CUST-1078,James Taylor 61,Corporate,Asia Pacific,Japan,Office Supplies,Appliances,525.35,6,0.15,163.29
ORD-2024-10293,2024-08-16,CUST-1011,Noah Davis 57,Corporate,Asia Pacific,Australia,Furniture,Furnishings,192.46,2,0.0,35.34
ORD-2024-10294,2025-02-17,CUST-1138,James Taylor 97,Home Office,Europe,Italy,Technology,Printers,6955.98,7,0.2,2238.2
ORD-2024-10295,2025-04-24,CUST-1121,Charlotte Thomas 31,Corporate,Asia Pacific,Japan,Furniture,Chairs,1279.74,3,0.0,306.95
ORD-2024-10296,2024-08-17,CUST-1044,Liam Smith 28,Consumer,Europe,Germany,Furniture,Chairs,5261.55,7,0.05,1312.51
ORD-2024-10297,2024-11-17,CUST-1037,Charlotte Thomas 34,Corporate,North America,United States,Furniture,Furnishings,1879.31,6,0.1,289.3
ORD-2024-10298,2025-04-14,CUST-1003,Charlotte Thomas 76,Home Office,Latin America,Brazil,Furniture,Desks,322.3,2,0.0,52.39
ORD-2024-10299,2024-02-21,CUST-1073,Benjamin Anderson 45,Corporate,Asia Pacific,India,Office Supplies,Art,1178.32,8,0.0,296.54
ORD-2024-10300,2024-07-25,CUST-1036,Charlotte Thomas 78,Home Office,Latin America,Brazil,Furniture,Bookcases,397.52,1,0.3,57.66
ORD-2024-10301,2024-05-17,CUST-1095,Alex Rivera 44,Corporate,Asia Pacific,Singapore,Furniture,Chairs,2961.61,4,0.05,326.06
ORD-2024-10302,2025-01-15,CUST-1113,Sophia Wilson 35,Home Office,Latin America,Chile,Office Supplies,Paper,187.34,4,0.15,79.11
ORD-2024-10303,2025-01-23,CUST-1132,Sophia Wilson 8,Home Office,Europe,Germany,Furniture,Furnishings,334.91,1,0.05,29.66
ORD-2024-10304,2025-03-02,CUST-1051,Alex Rivera 32,Consumer,Latin America,Brazil,Furniture,Desks,1635.07,8,0.2,211.56
ORD-2024-10305,2025-04-17,CUST-1031,Alex Rivera 31,Corporate,Latin America,Chile,Furniture,Desks,4930.5,8,0.2,790.2
ORD-2024-10306,2024-06-25,CUST-1041,Noah Davis 96,Home Office,North America,Canada,Technology,Printers,571.9,4,0.05,178.34
ORD-2024-10307,2024-12-12,CUST-1052,Noah Davis 84,Corporate,North America,United States,Furniture,Desks,508.75,1,0.05,51.12
ORD-2024-10308,2025-02-16,CUST-1078,Noah Davis 55,Corporate,Asia Pacific,India,Furniture,Desks,2240.11,7,0.2,157.84
ORD-2024-10309,2024-09-18,CUST-1095,Benjamin Anderson 83,Home Office,Asia Pacific,Singapore,Office Supplies,Paper,678.35,6,0.1,266.03
ORD-2024-10310,2025-03-17,CUST-1070,Noah Davis 84,Home Office,Asia Pacific,Australia,Technology,Monitors,933.58,1,0.2,234.35
ORD-2024-10311,2024-06-12,CUST-1035,Alex Rivera 84,Corporate,Asia Pacific,Singapore,Furniture,Tables,272.97,1,0.2,52.3
ORD-2024-10312,2024-10-19,CUST-1048,Sophia Wilson 93,Home Office,Europe,Italy,Office Supplies,Art,1092.34,6,0.2,316.84
ORD-2024-10313,2024-03-28,CUST-1142,Liam Smith 38,Consumer,Latin America,Brazil,Office Supplies,Storage,386.48,3,0.3,181.6
ORD-2024-10314,2024-12-01,CUST-1022,Olivia Brown 46,Consumer,Asia Pacific,India,Furniture,Bookcases,1043.03,5,0.15,229.72
ORD-2024-10315,2024-08-28,CUST-1013,Charlotte Thomas 75,Home Office,North America,Canada,Technology,Monitors,1400.78,7,0.2,314.6
ORD-2024-10316,2024-01-28,CUST-1038,Liam Smith 26,Corporate,Latin America,Chile,Furniture,Desks,861.87,3,0.0,127.14
ORD-2024-10317,2024-11-19,CUST-1045,Sophia Wilson 82,Consumer,North America,Canada,Furniture,Desks,1490.14,3,0.2,302.34
ORD-2024-10318,2024-09-07,CUST-1022,Liam Smith 79,Corporate,Latin America,Mexico,Furniture,Tables,269.99,1,0.2,24.27
ORD-2024-10319,2024-07-10,CUST-1003,Sophia Wilson 97,Home Office,Europe,Germany,Office Supplies,Paper,609.52,4,0.05,248.72
ORD-2024-10320,2024-06-25,CUST-1079,Liam Smith 14,Corporate,Asia Pacific,Australia,Technology,Smartphones,2139.66,5,0.15,710.28
ORD-2024-10321,2024-11-01,CUST-1134,Sophia Wilson 56,Home Office,Europe,France,Furniture,Bookcases,1562.1,3,0.15,84.08
ORD-2024-10322,2024-04-24,CUST-1033,Olivia Brown 94,Consumer,Europe,Germany,Furniture,Chairs,1325.56,5,0.2,231.48
ORD-2024-10323,2024-10-31,CUST-1012,Emma Watson 84,Consumer,North America,United States,Furniture,Tables,1424.56,5,0.15,271.2
ORD-2024-10324,2024-04-15,CUST-1002,Noah Davis 54,Home Office,North America,Canada,Office Supplies,Appliances,1247.19,7,0.0,440.85
ORD-2024-10325,2024-11-12,CUST-1030,Noah Davis 15,Consumer,Latin America,Brazil,Office Supplies,Binders,708.16,4,0.1,291.08
ORD-2024-10326,2024-05-31,CUST-1041,Alex Rivera 71,Corporate,Europe,Spain,Furniture,Desks,104.1,2,0.0,22.59
ORD-2024-10327,2024-12-08,CUST-1126,Liam Smith 12,Home Office,North America,United States,Furniture,Desks,1766.52,5,0.1,252.36
ORD-2024-10328,2024-02-21,CUST-1044,Alex Rivera 38,Corporate,Asia Pacific,India,Office Supplies,Paper,32.8,1,0.0,14.94
ORD-2024-10329,2024-12-05,CUST-1043,Sophia Wilson 46,Corporate,Asia Pacific,Japan,Furniture,Bookcases,1113.54,7,0.15,269.99
ORD-2024-10330,2024-05-19,CUST-1098,Mia Martinez 54,Home Office,Europe,Germany,Technology,Smartphones,4421.49,3,0.0,1123.09
ORD-2024-10331,2024-10-29,CUST-1123,Charlotte Thomas 87,Corporate,Europe,Italy,Furniture,Bookcases,1296.73,3,0.15,303.54
ORD-2024-10332,2024-02-27,CUST-1105,Mia Martinez 6,Consumer,Asia Pacific,Singapore,Technology,Monitors,3275.69,4,0.3,1206.39
ORD-2024-10333,2024-09-22,CUST-1133,Charlotte Thomas 13,Corporate,Europe,Spain,Furniture,Tables,161.49,1,0.0,28.85
ORD-2024-10334,2024-03-21,CUST-1129,Mia Martinez 64,Consumer,North America,Canada,Furniture,Desks,1490.85,5,0.0,225.69
ORD-2024-10335,2024-10-08,CUST-1096,James Taylor 31,Consumer,Latin America,Mexico,Office Supplies,Art,211.62,8,0.15,62.39
ORD-2024-10336,2024-09-11,CUST-1004,Emma Watson 52,Corporate,North America,United States,Technology,Monitors,5790.8,5,0.2,1682.71
ORD-2024-10337,2024-12-01,CUST-1116,Sophia Wilson 47,Consumer,Europe,Spain,Furniture,Furnishings,3503.14,8,0.3,635.59
ORD-2024-10338,2025-01-01,CUST-1115,Emma Watson 13,Home Office,Europe,Germany,Furniture,Bookcases,2689.64,5,0.2,415.27
ORD-2024-10339,2024-12-25,CUST-1027,Alex Rivera 22,Corporate,Europe,Spain,Technology,Accessories,3789.64,4,0.0,1449.74
ORD-2024-10340,2024-07-20,CUST-1055,Mia Martinez 25,Home Office,Asia Pacific,Japan,Furniture,Chairs,1266.45,2,0.15,179.17
ORD-2024-10341,2024-10-28,CUST-1129,Liam Smith 64,Consumer,North America,Canada,Office Supplies,Art,486.88,3,0.3,181.88
ORD-2024-10342,2025-01-09,CUST-1032,Emma Watson 50,Home Office,Asia Pacific,India,Furniture,Furnishings,2652.95,4,0.1,343.75
ORD-2024-10343,2024-06-24,CUST-1075,Mia Martinez 18,Consumer,Latin America,Chile,Office Supplies,Appliances,343.31,6,0.3,144.55
ORD-2024-10344,2024-10-10,CUST-1055,Olivia Brown 27,Home Office,Asia Pacific,Singapore,Office Supplies,Binders,589.25,3,0.2,213.75
ORD-2024-10345,2024-11-22,CUST-1082,Emma Watson 98,Corporate,Latin America,Chile,Office Supplies,Art,730.23,5,0.15,323.12
ORD-2024-10346,2024-09-24,CUST-1027,Alex Rivera 49,Consumer,North America,United States,Technology,Accessories,3092.2,3,0.1,992.12
ORD-2024-10347,2024-03-15,CUST-1015,Noah Davis 27,Home Office,North America,Canada,Furniture,Chairs,1433.82,4,0.3,257.26
ORD-2024-10348,2024-07-18,CUST-1060,Benjamin Anderson 90,Corporate,North America,Canada,Furniture,Tables,3684.14,6,0.2,223.85
ORD-2024-10349,2025-01-15,CUST-1064,Olivia Brown 80,Corporate,Europe,France,Office Supplies,Appliances,524.24,4,0.3,256.5
ORD-2024-10350,2024-05-30,CUST-1114,Liam Smith 88,Consumer,Europe,United Kingdom,Office Supplies,Appliances,32.84,1,0.15,9.32
ORD-2024-10351,2024-05-15,CUST-1033,Liam Smith 75,Corporate,North America,Canada,Furniture,Desks,383.81,6,0.2,23.09
ORD-2024-10352,2025-04-22,CUST-1077,Mia Martinez 74,Home Office,Asia Pacific,Japan,Office Supplies,Storage,326.62,3,0.2,72.0
ORD-2024-10353,2024-09-15,CUST-1040,James Taylor 70,Home Office,Latin America,Brazil,Furniture,Desks,3847.77,6,0.1,470.04
ORD-2024-10354,2024-04-21,CUST-1135,Mia Martinez 72,Home Office,North America,United States,Office Supplies,Storage,467.84,4,0.0,189.37
ORD-2024-10355,2024-06-13,CUST-1097,Emma Watson 50,Corporate,Asia Pacific,Japan,Office Supplies,Storage,907.32,8,0.15,193.4
ORD-2024-10356,2025-04-04,CUST-1049,Sophia Wilson 66,Consumer,North America,United States,Office Supplies,Appliances,22.34,2,0.05,8.96
ORD-2024-10357,2025-01-31,CUST-1054,James Taylor 14,Consumer,Latin America,Chile,Technology,Laptops,682.38,6,0.0,117.29
ORD-2024-10358,2024-01-28,CUST-1045,Noah Davis 72,Consumer,Europe,France,Furniture,Tables,2310.62,7,0.15,261.75
ORD-2024-10359,2024-07-18,CUST-1030,Benjamin Anderson 1,Home Office,North America,United States,Office Supplies,Paper,172.53,2,0.1,75.23
ORD-2024-10360,2024-06-03,CUST-1022,Noah Davis 98,Corporate,Latin America,Mexico,Office Supplies,Paper,470.29,4,0.05,199.42
ORD-2024-10361,2025-02-11,CUST-1139,Noah Davis 82,Consumer,Asia Pacific,Singapore,Technology,Monitors,3966.51,3,0.0,636.4
ORD-2024-10362,2024-10-20,CUST-1100,Benjamin Anderson 71,Consumer,Asia Pacific,Australia,Office Supplies,Storage,173.34,3,0.05,44.24
ORD-2024-10363,2024-11-11,CUST-1064,Olivia Brown 15,Consumer,North America,Canada,Office Supplies,Appliances,49.59,2,0.1,11.38
ORD-2024-10364,2025-01-06,CUST-1148,Mia Martinez 43,Corporate,Europe,United Kingdom,Technology,Accessories,3454.96,4,0.1,937.9
ORD-2024-10365,2024-06-17,CUST-1078,Charlotte Thomas 20,Home Office,Asia Pacific,Singapore,Furniture,Desks,203.76,4,0.05,39.21
ORD-2024-10366,2024-11-24,CUST-1111,Noah Davis 47,Consumer,Asia Pacific,India,Furniture,Tables,1356.0,5,0.15,217.41
ORD-2024-10367,2024-03-30,CUST-1020,Noah Davis 18,Home Office,Europe,France,Office Supplies,Paper,119.98,1,0.35,-6.0
ORD-2024-10368,2025-02-20,CUST-1148,Charlotte Thomas 52,Home Office,Europe,Germany,Office Supplies,Storage,786.41,8,0.3,340.17
ORD-2024-10369,2024-07-06,CUST-1100,Olivia Brown 99,Home Office,Asia Pacific,Australia,Furniture,Furnishings,2726.7,7,0.1,410.19
ORD-2024-10370,2024-12-05,CUST-1061,Charlotte Thomas 88,Consumer,Europe,Spain,Technology,Laptops,1856.88,3,0.3,618.34
ORD-2024-10371,2025-04-25,CUST-1091,Alex Rivera 29,Corporate,Europe,Germany,Furniture,Bookcases,721.63,4,0.2,167.09
ORD-2024-10372,2024-07-03,CUST-1099,Mia Martinez 59,Consumer,North America,Canada,Technology,Monitors,3428.84,5,0.3,740.04
ORD-2024-10373,2024-10-05,CUST-1145,Liam Smith 49,Home Office,Latin America,Mexico,Office Supplies,Paper,891.1,7,0.05,316.26
ORD-2024-10374,2024-06-29,CUST-1088,Mia Martinez 62,Home Office,North America,United States,Furniture,Desks,1056.83,5,0.05,84.6
ORD-2024-10375,2024-03-21,CUST-1092,Charlotte Thomas 92,Consumer,Europe,Spain,Furniture,Chairs,2137.93,8,0.35,-106.9
ORD-2024-10376,2024-03-23,CUST-1105,Alex Rivera 32,Consumer,Europe,Italy,Office Supplies,Binders,27.51,1,0.35,-1.38
ORD-2024-10377,2024-03-26,CUST-1066,Liam Smith 67,Corporate,North America,Canada,Technology,Laptops,4881.52,8,0.15,940.38
ORD-2024-10378,2025-03-01,CUST-1105,Charlotte Thomas 19,Home Office,Europe,Italy,Office Supplies,Appliances,286.57,6,0.35,-14.33
ORD-2024-10379,2024-02-05,CUST-1058,James Taylor 50,Consumer,North America,United States,Technology,Monitors,8649.12,7,0.05,2606.65
ORD-2024-10380,2024-03-31,CUST-1121,Charlotte Thomas 77,Consumer,North America,United States,Furniture,Desks,508.54,1,0.3,91.46
ORD-2024-10381,2024-09-24,CUST-1107,Sophia Wilson 6,Home Office,Latin America,Brazil,Furniture,Tables,531.91,2,0.15,40.84
ORD-2024-10382,2024-09-01,CUST-1059,Emma Watson 37,Home Office,Latin America,Mexico,Technology,Smartphones,869.59,1,0.2,244.04
ORD-2024-10383,2024-09-23,CUST-1001,James Taylor 84,Consumer,Asia Pacific,India,Furniture,Chairs,747.36,5,0.1,165.16
ORD-2024-10384,2024-08-04,CUST-1144,Sophia Wilson 79,Corporate,Latin America,Brazil,Furniture,Furnishings,4847.58,8,0.05,601.31
ORD-2024-10385,2024-10-11,CUST-1123,Noah Davis 40,Home Office,Asia Pacific,India,Office Supplies,Binders,301.28,2,0.3,81.02
ORD-2024-10386,2025-02-04,CUST-1041,Emma Watson 28,Home Office,Latin America,Mexico,Office Supplies,Appliances,168.43,1,0.05,53.35
ORD-2024-10387,2024-11-21,CUST-1001,Emma Watson 19,Corporate,Latin America,Brazil,Technology,Accessories,631.86,2,0.2,100.74
ORD-2024-10388,2024-07-15,CUST-1102,Charlotte Thomas 84,Home Office,Asia Pacific,Japan,Technology,Printers,1969.35,4,0.3,753.65
ORD-2024-10389,2024-09-22,CUST-1073,Olivia Brown 5,Home Office,Europe,Italy,Technology,Smartphones,561.29,1,0.05,96.38
ORD-2024-10390,2024-05-21,CUST-1102,Sophia Wilson 86,Corporate,Latin America,Chile,Technology,Monitors,203.64,2,0.0,58.53
ORD-2024-10391,2025-01-06,CUST-1143,Charlotte Thomas 45,Corporate,Asia Pacific,Australia,Office Supplies,Binders,667.18,7,0.2,134.37
ORD-2024-10392,2024-03-30,CUST-1104,Benjamin Anderson 14,Home Office,North America,Canada,Furniture,Chairs,2608.84,5,0.2,554.72
ORD-2024-10393,2024-10-21,CUST-1064,Mia Martinez 49,Home Office,Latin America,Brazil,Furniture,Tables,477.02,1,0.15,34.94
ORD-2024-10394,2024-02-04,CUST-1097,Olivia Brown 87,Home Office,Europe,France,Furniture,Bookcases,306.17,1,0.3,66.27
ORD-2024-10395,2024-05-07,CUST-1073,Emma Watson 52,Home Office,Asia Pacific,Japan,Office Supplies,Binders,708.91,6,0.05,331.98
ORD-2024-10396,2024-05-17,CUST-1046,Olivia Brown 64,Home Office,Europe,United Kingdom,Office Supplies,Binders,833.95,4,0.05,217.52
ORD-2024-10397,2024-05-07,CUST-1091,Liam Smith 14,Consumer,North America,Canada,Office Supplies,Paper,164.41,1,0.15,51.19
ORD-2024-10398,2024-06-10,CUST-1126,Charlotte Thomas 36,Corporate,Europe,Italy,Furniture,Tables,649.71,3,0.0,100.8
ORD-2024-10399,2024-08-04,CUST-1122,Benjamin Anderson 5,Home Office,Asia Pacific,India,Office Supplies,Binders,167.62,2,0.3,59.58
ORD-2024-10400,2024-06-10,CUST-1002,Alex Rivera 87,Consumer,Latin America,Chile,Technology,Accessories,2819.03,5,0.05,809.46
ORD-2024-10401,2024-05-01,CUST-1068,Mia Martinez 79,Corporate,Asia Pacific,Australia,Furniture,Tables,1122.66,6,0.1,247.96
ORD-2024-10402,2024-05-23,CUST-1115,Liam Smith 74,Consumer,Europe,Germany,Office Supplies,Storage,1207.73,7,0.15,312.58
ORD-2024-10403,2025-02-13,CUST-1038,Mia Martinez 2,Consumer,Latin America,Mexico,Technology,Monitors,4275.13,6,0.15,961.94
ORD-2024-10404,2024-10-14,CUST-1145,Alex Rivera 51,Consumer,Europe,Germany,Technology,Accessories,1286.37,2,0.15,432.41
ORD-2024-10405,2024-05-13,CUST-1092,Sophia Wilson 72,Home Office,Asia Pacific,Singapore,Technology,Printers,806.91,4,0.2,237.21
ORD-2024-10406,2024-11-28,CUST-1137,Liam Smith 37,Corporate,Asia Pacific,India,Office Supplies,Art,1251.66,7,0.2,357.92
ORD-2024-10407,2024-11-19,CUST-1037,Liam Smith 82,Corporate,Latin America,Chile,Office Supplies,Appliances,214.3,2,0.0,53.27
ORD-2024-10408,2024-04-26,CUST-1080,Sophia Wilson 84,Corporate,Asia Pacific,India,Furniture,Tables,2670.07,6,0.3,446.93
ORD-2024-10409,2025-05-09,CUST-1115,James Taylor 22,Consumer,North America,United States,Office Supplies,Binders,320.89,2,0.05,80.25
ORD-2024-10410,2024-02-22,CUST-1024,Emma Watson 61,Home Office,North America,United States,Furniture,Furnishings,1247.5,2,0.0,127.86
ORD-2024-10411,2024-03-20,CUST-1021,James Taylor 40,Consumer,Europe,France,Furniture,Desks,289.5,3,0.35,-14.48
ORD-2024-10412,2024-07-01,CUST-1083,Mia Martinez 60,Home Office,Asia Pacific,India,Technology,Monitors,1855.78,8,0.3,625.82
ORD-2024-10413,2025-03-25,CUST-1144,James Taylor 68,Home Office,Asia Pacific,Singapore,Furniture,Furnishings,374.59,2,0.15,41.79
ORD-2024-10414,2024-07-30,CUST-1066,Liam Smith 39,Consumer,North America,United States,Furniture,Bookcases,281.33,1,0.3,65.95
ORD-2024-10415,2025-04-29,CUST-1122,Noah Davis 2,Corporate,Asia Pacific,Australia,Technology,Monitors,3419.19,7,0.2,886.52
ORD-2024-10416,2024-05-07,CUST-1041,James Taylor 49,Consumer,Asia Pacific,Japan,Furniture,Desks,1968.57,5,0.1,353.74
ORD-2024-10417,2024-09-29,CUST-1068,James Taylor 25,Consumer,Europe,United Kingdom,Furniture,Chairs,3799.22,8,0.1,722.21
ORD-2024-10418,2024-09-08,CUST-1048,Sophia Wilson 3,Consumer,North America,United States,Technology,Smartphones,1009.26,3,0.3,262.01
ORD-2024-10419,2024-01-05,CUST-1059,Emma Watson 20,Consumer,Latin America,Brazil,Furniture,Tables,2042.5,8,0.1,291.54
ORD-2024-10420,2025-02-09,CUST-1008,Sophia Wilson 11,Consumer,North America,Canada,Furniture,Chairs,1303.56,3,0.05,298.7
ORD-2024-10421,2024-05-08,CUST-1097,Alex Rivera 16,Home Office,Europe,Spain,Furniture,Desks,573.05,1,0.05,81.47
ORD-2024-10422,2025-01-29,CUST-1024,Benjamin Anderson 86,Consumer,Latin America,Mexico,Office Supplies,Storage,492.85,3,0.3,206.24
ORD-2024-10423,2025-01-16,CUST-1140,Benjamin Anderson 16,Corporate,Latin America,Chile,Furniture,Desks,224.22,1,0.3,20.98
ORD-2024-10424,2024-02-27,CUST-1060,James Taylor 42,Consumer,Europe,France,Office Supplies,Paper,419.96,4,0.0,206.05
ORD-2024-10425,2024-10-24,CUST-1121,Charlotte Thomas 20,Corporate,North America,United States,Technology,Printers,881.12,6,0.3,145.4
ORD-2024-10426,2024-07-01,CUST-1039,Benjamin Anderson 14,Consumer,Latin America,Brazil,Furniture,Furnishings,3271.24,6,0.15,643.25
ORD-2024-10427,2024-01-11,CUST-1096,Sophia Wilson 93,Consumer,Asia Pacific,Japan,Furniture,Tables,3566.45,8,0.05,582.55
ORD-2024-10428,2024-10-05,CUST-1089,Sophia Wilson 94,Corporate,Asia Pacific,Australia,Technology,Monitors,1350.63,5,0.1,385.47
ORD-2024-10429,2024-08-20,CUST-1000,Benjamin Anderson 49,Home Office,Europe,Germany,Office Supplies,Storage,706.46,4,0.1,294.1
ORD-2024-10430,2024-12-03,CUST-1137,James Taylor 25,Home Office,Latin America,Chile,Technology,Monitors,2362.0,7,0.3,544.46
ORD-2024-10431,2024-02-19,CUST-1133,Emma Watson 6,Consumer,Europe,Germany,Technology,Smartphones,1538.46,2,0.0,450.39
ORD-2024-10432,2025-03-04,CUST-1099,Mia Martinez 68,Home Office,Asia Pacific,Japan,Furniture,Desks,1008.94,2,0.0,238.15
ORD-2024-10433,2024-04-16,CUST-1125,Emma Watson 60,Home Office,North America,Canada,Office Supplies,Art,165.83,1,0.2,46.39
ORD-2024-10434,2024-01-21,CUST-1018,Noah Davis 10,Consumer,North America,United States,Office Supplies,Binders,522.88,4,0.05,187.12
ORD-2024-10435,2024-05-07,CUST-1145,Liam Smith 72,Home Office,Latin America,Chile,Technology,Monitors,3294.54,8,0.3,1042.1
ORD-2024-10436,2025-03-28,CUST-1026,Liam Smith 24,Home Office,Latin America,Chile,Furniture,Desks,3243.1,8,0.1,747.52
ORD-2024-10437,2024-10-08,CUST-1083,Sophia Wilson 53,Home Office,Latin America,Chile,Furniture,Furnishings,783.84,4,0.15,159.23
ORD-2024-10438,2025-04-19,CUST-1065,Sophia Wilson 58,Corporate,Latin America,Brazil,Office Supplies,Paper,196.73,1,0.2,47.32
ORD-2024-10439,2025-03-31,CUST-1077,Alex Rivera 39,Consumer,Europe,France,Technology,Accessories,2701.02,3,0.35,-135.05
ORD-2024-10440,2024-07-01,CUST-1039,Liam Smith 34,Corporate,Europe,United Kingdom,Furniture,Bookcases,666.01,7,0.2,155.56
ORD-2024-10441,2025-01-10,CUST-1019,Sophia Wilson 62,Consumer,Latin America,Chile,Office Supplies,Appliances,330.69,2,0.2,129.85
ORD-2024-10442,2024-01-20,CUST-1147,James Taylor 11,Consumer,Asia Pacific,Singapore,Furniture,Tables,1420.59,2,0.05,283.46
ORD-2024-10443,2025-03-10,CUST-1002,James Taylor 7,Corporate,North America,Canada,Office Supplies,Appliances,174.42,4,0.05,37.53
ORD-2024-10444,2025-01-09,CUST-1100,Mia Martinez 97,Home Office,North America,United States,Furniture,Bookcases,1823.37,3,0.05,213.76
ORD-2024-10445,2024-08-31,CUST-1146,Alex Rivera 71,Corporate,Asia Pacific,Japan,Furniture,Furnishings,1071.23,3,0.05,156.6
ORD-2024-10446,2024-04-11,CUST-1124,James Taylor 84,Home Office,Europe,Italy,Office Supplies,Appliances,124.38,2,0.1,53.86
ORD-2024-10447,2024-06-14,CUST-1147,Emma Watson 15,Home Office,Latin America,Mexico,Furniture,Bookcases,925.78,6,0.2,167.64
ORD-2024-10448,2025-01-29,CUST-1078,Liam Smith 45,Home Office,Latin America,Chile,Technology,Printers,546.17,4,0.05,175.51
ORD-2024-10449,2024-03-20,CUST-1021,Emma Watson 95,Consumer,Europe,Italy,Technology,Accessories,129.35,2,0.35,-6.47
ORD-2024-10450,2024-01-12,CUST-1084,Olivia Brown 95,Home Office,Europe,United Kingdom,Office Supplies,Appliances,1216.58,8,0.2,509.72
ORD-2024-10451,2024-03-13,CUST-1004,James Taylor 75,Home Office,North America,Canada,Technology,Smartphones,2416.5,5,0.0,643.37
ORD-2024-10452,2025-04-28,CUST-1002,Emma Watson 50,Home Office,Asia Pacific,Singapore,Technology,Smartphones,3294.01,7,0.05,1300.96
ORD-2024-10453,2024-09-17,CUST-1025,Sophia Wilson 63,Home Office,North America,United States,Technology,Monitors,1452.84,1,0.0,307.78
ORD-2024-10454,2024-09-28,CUST-1078,Sophia Wilson 63,Corporate,Europe,Germany,Furniture,Bookcases,1503.52,5,0.05,374.68
ORD-2024-10455,2024-09-13,CUST-1070,Alex Rivera 81,Corporate,Latin America,Brazil,Office Supplies,Storage,327.11,6,0.15,129.89
ORD-2024-10456,2024-02-14,CUST-1097,Benjamin Anderson 87,Home Office,Europe,Spain,Technology,Monitors,1187.6,5,0.2,275.9
ORD-2024-10457,2024-10-04,CUST-1033,Olivia Brown 84,Consumer,Europe,United Kingdom,Furniture,Furnishings,4868.93,7,0.05,882.48
ORD-2024-10458,2024-10-16,CUST-1040,Sophia Wilson 9,Home Office,North America,United States,Furniture,Desks,3036.08,6,0.15,735.46
ORD-2024-10459,2024-06-04,CUST-1113,Noah Davis 20,Consumer,North America,United States,Technology,Smartphones,4650.72,5,0.2,1356.9
ORD-2024-10460,2024-04-28,CUST-1059,Olivia Brown 88,Consumer,Asia Pacific,Japan,Office Supplies,Art,236.21,8,0.3,93.27
ORD-2024-10461,2024-04-04,CUST-1099,Mia Martinez 61,Consumer,Europe,United Kingdom,Technology,Smartphones,594.18,1,0.1,230.27
ORD-2024-10462,2024-04-23,CUST-1051,Olivia Brown 9,Consumer,Latin America,Chile,Furniture,Bookcases,2380.27,4,0.15,311.75
ORD-2024-10463,2024-01-22,CUST-1097,Sophia Wilson 51,Home Office,North America,United States,Furniture,Tables,636.75,1,0.05,97.89
ORD-2024-10464,2024-07-21,CUST-1010,Benjamin Anderson 50,Home Office,North America,United States,Furniture,Tables,1568.38,5,0.1,223.13
ORD-2024-10465,2024-08-04,CUST-1075,Charlotte Thomas 7,Home Office,Europe,Spain,Office Supplies,Art,60.25,2,0.05,26.13
ORD-2024-10466,2025-04-25,CUST-1139,Liam Smith 51,Corporate,Asia Pacific,India,Technology,Laptops,2462.38,4,0.15,424.87
ORD-2024-10467,2024-06-14,CUST-1041,Emma Watson 12,Consumer,Latin America,Chile,Furniture,Chairs,2170.01,7,0.3,451.82
ORD-2024-10468,2024-09-18,CUST-1040,James Taylor 71,Corporate,North America,United States,Furniture,Furnishings,2004.92,3,0.05,448.63
ORD-2024-10469,2024-04-01,CUST-1013,James Taylor 40,Corporate,Latin America,Mexico,Office Supplies,Binders,108.9,3,0.05,21.9
ORD-2024-10470,2025-01-26,CUST-1064,Alex Rivera 59,Corporate,Latin America,Chile,Technology,Monitors,5067.07,4,0.05,1506.01
ORD-2024-10471,2024-08-31,CUST-1116,James Taylor 57,Consumer,North America,United States,Office Supplies,Storage,634.96,4,0.0,162.2
ORD-2024-10472,2024-01-29,CUST-1089,Alex Rivera 19,Consumer,Asia Pacific,Singapore,Technology,Smartphones,668.67,3,0.05,212.65
ORD-2024-10473,2024-11-08,CUST-1146,Benjamin Anderson 23,Corporate,Asia Pacific,Japan,Technology,Accessories,3768.87,7,0.0,1279.95
ORD-2024-10474,2025-03-07,CUST-1140,Emma Watson 38,Corporate,Europe,Germany,Office Supplies,Storage,405.0,7,0.35,-20.25
ORD-2024-10475,2024-04-17,CUST-1014,Emma Watson 74,Home Office,North America,Canada,Office Supplies,Appliances,995.05,5,0.15,380.76
ORD-2024-10476,2024-06-11,CUST-1066,Benjamin Anderson 74,Home Office,Asia Pacific,Australia,Office Supplies,Appliances,878.15,8,0.15,388.49
ORD-2024-10477,2025-03-28,CUST-1059,Noah Davis 25,Consumer,North America,United States,Furniture,Chairs,1929.92,4,0.2,482.09
ORD-2024-10478,2024-07-30,CUST-1011,Sophia Wilson 45,Home Office,Europe,Germany,Office Supplies,Binders,878.0,5,0.0,256.67
ORD-2024-10479,2024-09-16,CUST-1140,Sophia Wilson 99,Consumer,North America,Canada,Furniture,Tables,563.63,1,0.05,50.05
ORD-2024-10480,2025-03-02,CUST-1086,Mia Martinez 61,Consumer,Europe,Spain,Technology,Printers,5252.21,6,0.35,-262.61
ORD-2024-10481,2024-07-30,CUST-1014,Benjamin Anderson 39,Home Office,Asia Pacific,Japan,Technology,Monitors,6320.4,6,0.0,2480.15
ORD-2024-10482,2024-05-23,CUST-1007,Sophia Wilson 49,Home Office,Europe,Italy,Office Supplies,Art,98.95,2,0.1,40.73
ORD-2024-10483,2024-06-10,CUST-1008,Noah Davis 53,Consumer,Latin America,Brazil,Furniture,Tables,3192.43,5,0.05,494.89
ORD-2024-10484,2024-03-30,CUST-1028,Sophia Wilson 5,Consumer,North America,Canada,Office Supplies,Paper,575.04,3,0.05,173.68
ORD-2024-10485,2024-09-04,CUST-1134,Noah Davis 42,Consumer,North America,United States,Technology,Smartphones,1464.6,2,0.0,333.56
ORD-2024-10486,2024-01-23,CUST-1022,Sophia Wilson 60,Consumer,North America,Canada,Technology,Monitors,4165.42,4,0.1,833.66
ORD-2024-10487,2024-05-26,CUST-1070,Benjamin Anderson 41,Corporate,North America,Canada,Technology,Laptops,374.85,1,0.2,108.67
ORD-2024-10488,2024-02-22,CUST-1052,Benjamin Anderson 45,Home Office,Asia Pacific,Singapore,Technology,Accessories,2685.6,3,0.0,611.9
ORD-2024-10489,2025-04-01,CUST-1086,Benjamin Anderson 57,Consumer,Europe,Germany,Furniture,Chairs,129.45,1,0.0,17.51
ORD-2024-10490,2024-04-01,CUST-1114,Charlotte Thomas 46,Corporate,Asia Pacific,Australia,Office Supplies,Appliances,184.64,8,0.2,44.23
ORD-2024-10491,2025-02-20,CUST-1119,Emma Watson 59,Corporate,Latin America,Mexico,Technology,Laptops,1278.36,5,0.1,317.06
ORD-2024-10492,2024-12-24,CUST-1084,Sophia Wilson 59,Corporate,North America,United States,Furniture,Chairs,2383.21,8,0.05,253.7
ORD-2024-10493,2024-06-27,CUST-1147,Liam Smith 66,Consumer,Latin America,Chile,Technology,Accessories,1565.51,2,0.1,443.33
ORD-2024-10494,2024-07-24,CUST-1105,Olivia Brown 80,Consumer,Europe,Spain,Furniture,Chairs,1817.96,7,0.15,297.13
ORD-2024-10495,2024-06-24,CUST-1139,Olivia Brown 23,Home Office,North America,Canada,Technology,Monitors,4446.86,6,0.2,775.59
ORD-2024-10496,2024-08-15,CUST-1045,Noah Davis 52,Consumer,North America,Canada,Furniture,Tables,533.74,1,0.0,49.92
ORD-2024-10497,2024-03-12,CUST-1148,Alex Rivera 97,Consumer,Europe,Spain,Office Supplies,Storage,538.72,8,0.35,-26.94
ORD-2024-10498,2025-03-25,CUST-1081,Noah Davis 73,Home Office,Asia Pacific,India,Office Supplies,Storage,198.14,1,0.2,98.26
ORD-2024-10499,2024-07-25,CUST-1032,Noah Davis 8,Corporate,North America,United States,Office Supplies,Appliances,1241.88,6,0.0,569.25
ORD-2024-10500,2025-03-19,CUST-1007,Olivia Brown 56,Home Office,Latin America,Chile,Furniture,Tables,1985.31,7,0.2,183.13
ORD-2024-10501,2024-03-29,CUST-1121,Liam Smith 25,Home Office,Latin America,Mexico,Furniture,Desks,759.1,3,0.05,39.72
ORD-2024-10502,2024-11-27,CUST-1004,Liam Smith 93,Corporate,Latin America,Brazil,Technology,Laptops,5902.28,7,0.15,2203.89
ORD-2024-10503,2024-12-22,CUST-1108,Charlotte Thomas 24,Corporate,Latin America,Chile,Furniture,Tables,807.02,3,0.15,137.93
ORD-2024-10504,2024-10-22,CUST-1127,Olivia Brown 92,Home Office,Asia Pacific,India,Office Supplies,Appliances,78.46,1,0.2,27.07
ORD-2024-10505,2024-07-07,CUST-1028,Charlotte Thomas 62,Home Office,North America,United States,Office Supplies,Appliances,1045.75,5,0.15,371.33
ORD-2024-10506,2024-09-24,CUST-1022,Olivia Brown 61,Home Office,North America,Canada,Office Supplies,Paper,192.83,1,0.15,64.83
ORD-2024-10507,2025-04-08,CUST-1120,Charlotte Thomas 94,Corporate,Latin America,Mexico,Furniture,Bookcases,614.7,5,0.3,127.25
ORD-2024-10508,2024-05-13,CUST-1015,Mia Martinez 75,Consumer,North America,Canada,Office Supplies,Appliances,132.4,8,0.0,31.52
ORD-2024-10509,2024-02-09,CUST-1071,Noah Davis 17,Home Office,Asia Pacific,Singapore,Furniture,Chairs,1454.57,3,0.2,287.7
ORD-2024-10510,2024-12-03,CUST-1114,Sophia Wilson 23,Corporate,Europe,Spain,Technology,Monitors,7824.36,6,0.0,3065.87
ORD-2024-10511,2024-10-31,CUST-1039,Mia Martinez 97,Corporate,Latin America,Brazil,Office Supplies,Art,525.08,3,0.05,196.03
ORD-2024-10512,2025-03-07,CUST-1088,Alex Rivera 83,Corporate,North America,United States,Technology,Printers,2746.44,5,0.15,924.28
ORD-2024-10513,2025-01-20,CUST-1136,Olivia Brown 49,Home Office,Latin America,Mexico,Furniture,Desks,3134.81,7,0.0,337.8
ORD-2024-10514,2025-02-12,CUST-1114,James Taylor 87,Corporate,North America,United States,Office Supplies,Storage,1341.09,7,0.2,637.57
ORD-2024-10515,2025-03-15,CUST-1069,Sophia Wilson 35,Corporate,North America,Canada,Office Supplies,Appliances,290.86,4,0.3,116.8
ORD-2024-10516,2025-01-29,CUST-1049,Benjamin Anderson 44,Home Office,Europe,France,Office Supplies,Paper,342.94,2,0.0,110.9
ORD-2024-10517,2024-09-25,CUST-1026,Mia Martinez 45,Consumer,Asia Pacific,Singapore,Technology,Smartphones,227.3,2,0.0,87.43
ORD-2024-10518,2024-12-02,CUST-1055,Charlotte Thomas 82,Consumer,North America,United States,Office Supplies,Binders,300.69,3,0.0,122.89
ORD-2024-10519,2024-05-09,CUST-1075,Mia Martinez 85,Consumer,Latin America,Mexico,Furniture,Bookcases,437.4,2,0.1,89.85
ORD-2024-10520,2024-07-14,CUST-1099,Sophia Wilson 8,Corporate,Asia Pacific,Australia,Furniture,Chairs,1340.13,4,0.2,172.24
ORD-2024-10521,2024-11-26,CUST-1125,Emma Watson 19,Home Office,Latin America,Brazil,Office Supplies,Paper,1145.15,5,0.0,241.01
ORD-2024-10522,2024-02-06,CUST-1146,Noah Davis 58,Consumer,Latin America,Brazil,Office Supplies,Paper,1473.51,7,0.1,361.72
ORD-2024-10523,2024-06-17,CUST-1100,Charlotte Thomas 1,Home Office,Latin America,Mexico,Furniture,Tables,1092.86,2,0.2,104.01
ORD-2024-10524,2024-07-15,CUST-1123,Emma Watson 73,Home Office,Asia Pacific,Singapore,Office Supplies,Storage,191.07,2,0.1,68.86
ORD-2024-10525,2025-05-06,CUST-1087,Emma Watson 59,Corporate,Europe,United Kingdom,Office Supplies,Paper,871.92,4,0.1,356.41
ORD-2024-10526,2025-04-03,CUST-1027,Sophia Wilson 63,Consumer,Latin America,Chile,Technology,Laptops,91.48,1,0.3,36.51
ORD-2024-10527,2024-05-02,CUST-1125,James Taylor 9,Home Office,Asia Pacific,India,Office Supplies,Art,241.98,1,0.0,73.03
ORD-2024-10528,2024-06-21,CUST-1010,James Taylor 16,Consumer,Latin America,Chile,Office Supplies,Binders,751.4,4,0.0,158.59
ORD-2024-10529,2024-03-13,CUST-1125,Alex Rivera 61,Home Office,North America,United States,Office Supplies,Binders,12.11,1,0.1,5.4
ORD-2024-10530,2024-02-19,CUST-1116,Charlotte Thomas 22,Home Office,North America,United States,Technology,Printers,3699.48,4,0.0,1298.94
ORD-2024-10531,2024-08-06,CUST-1086,James Taylor 42,Consumer,Europe,France,Technology,Smartphones,5533.08,6,0.0,996.99
ORD-2024-10532,2024-03-13,CUST-1106,Liam Smith 90,Corporate,Europe,Spain,Technology,Monitors,179.13,2,0.35,-8.96
ORD-2024-10533,2025-02-02,CUST-1040,Alex Rivera 63,Consumer,North America,United States,Technology,Smartphones,4605.17,5,0.15,1489.2
ORD-2024-10534,2025-02-09,CUST-1121,Liam Smith 27,Consumer,Asia Pacific,India,Furniture,Desks,602.86,1,0.2,51.85
ORD-2024-10535,2024-09-12,CUST-1022,Noah Davis 45,Corporate,North America,United States,Technology,Smartphones,2369.57,2,0.2,569.82
ORD-2024-10536,2025-01-24,CUST-1138,Benjamin Anderson 29,Corporate,Europe,France,Technology,Laptops,504.0,3,0.3,181.92
ORD-2024-10537,2025-04-11,CUST-1121,Mia Martinez 23,Consumer,North America,United States,Office Supplies,Storage,494.05,7,0.1,148.36
ORD-2024-10538,2025-02-16,CUST-1116,Alex Rivera 14,Home Office,North America,United States,Technology,Smartphones,1537.58,2,0.0,574.7
ORD-2024-10539,2025-01-04,CUST-1113,Charlotte Thomas 75,Corporate,Latin America,Brazil,Office Supplies,Storage,117.4,2,0.1,31.5
ORD-2024-10540,2024-05-01,CUST-1105,Olivia Brown 49,Consumer,North America,Canada,Office Supplies,Art,153.22,7,0.05,40.58
ORD-2024-10541,2024-11-08,CUST-1116,Liam Smith 50,Corporate,Europe,Spain,Office Supplies,Binders,768.03,5,0.05,231.0
ORD-2024-10542,2024-01-17,CUST-1145,Alex Rivera 36,Consumer,North America,Canada,Furniture,Tables,1016.88,6,0.05,231.12
ORD-2024-10543,2024-11-05,CUST-1040,Charlotte Thomas 22,Home Office,Europe,Germany,Furniture,Furnishings,1334.11,4,0.2,193.04
ORD-2024-10544,2024-08-24,CUST-1071,Alex Rivera 94,Corporate,Europe,United Kingdom,Furniture,Tables,1163.04,3,0.2,267.09
ORD-2024-10545,2024-08-01,CUST-1011,Alex Rivera 61,Home Office,North America,Canada,Office Supplies,Art,212.53,2,0.15,74.08
ORD-2024-10546,2024-02-12,CUST-1142,Alex Rivera 89,Home Office,Latin America,Brazil,Technology,Accessories,1000.04,2,0.0,269.96
ORD-2024-10547,2024-06-05,CUST-1041,Mia Martinez 74,Home Office,North America,Canada,Furniture,Desks,4692.57,7,0.05,975.92
ORD-2024-10548,2024-07-08,CUST-1118,Alex Rivera 81,Consumer,Latin America,Chile,Furniture,Furnishings,469.6,7,0.1,89.04
ORD-2024-10549,2024-11-09,CUST-1138,Charlotte Thomas 27,Home Office,North America,Canada,Office Supplies,Paper,801.24,6,0.0,186.92
ORD-2024-10550,2024-07-06,CUST-1119,Charlotte Thomas 6,Corporate,Asia Pacific,Australia,Office Supplies,Appliances,680.85,4,0.05,336.6
ORD-2024-10551,2024-05-02,CUST-1138,Emma Watson 84,Corporate,Europe,United Kingdom,Furniture,Bookcases,4557.74,7,0.1,277.53
ORD-2024-10552,2024-07-09,CUST-1088,Mia Martinez 63,Home Office,North America,Canada,Office Supplies,Appliances,734.36,5,0.15,283.67
ORD-2024-10553,2025-02-13,CUST-1016,Olivia Brown 59,Consumer,North America,Canada,Technology,Accessories,2881.44,2,0.0,550.91
ORD-2024-10554,2024-02-27,CUST-1037,Mia Martinez 20,Consumer,North America,Canada,Furniture,Furnishings,5391.29,8,0.1,722.57
ORD-2024-10555,2025-01-12,CUST-1005,Noah Davis 25,Consumer,North America,United States,Office Supplies,Storage,457.0,6,0.3,179.97
ORD-2024-10556,2024-06-16,CUST-1124,Charlotte Thomas 86,Home Office,Latin America,Mexico,Furniture,Furnishings,707.61,5,0.05,147.08
ORD-2024-10557,2024-04-26,CUST-1123,Sophia Wilson 37,Consumer,Europe,France,Furniture,Tables,1611.04,3,0.3,253.04
ORD-2024-10558,2024-04-03,CUST-1044,Liam Smith 21,Consumer,North America,United States,Furniture,Furnishings,651.87,5,0.1,56.65
ORD-2024-10559,2024-10-14,CUST-1008,Sophia Wilson 45,Consumer,Asia Pacific,India,Office Supplies,Binders,276.14,2,0.0,88.74
ORD-2024-10560,2024-09-12,CUST-1037,Mia Martinez 41,Consumer,North America,Canada,Office Supplies,Storage,494.96,5,0.2,198.02
ORD-2024-10561,2025-02-13,CUST-1144,Mia Martinez 44,Home Office,North America,Canada,Technology,Laptops,1876.99,2,0.1,293.18
ORD-2024-10562,2024-11-12,CUST-1056,Mia Martinez 46,Consumer,Asia Pacific,Japan,Office Supplies,Binders,540.07,4,0.1,139.72
ORD-2024-10563,2024-02-12,CUST-1137,Mia Martinez 87,Home Office,North America,Canada,Technology,Printers,371.85,1,0.3,89.34
ORD-2024-10564,2024-03-16,CUST-1109,Sophia Wilson 50,Corporate,North America,Canada,Furniture,Bookcases,1798.78,8,0.2,121.45
ORD-2024-10565,2025-01-07,CUST-1113,James Taylor 57,Corporate,Europe,Spain,Office Supplies,Art,82.65,2,0.05,21.68
ORD-2024-10566,2024-08-31,CUST-1134,Sophia Wilson 9,Home Office,Latin America,Brazil,Technology,Printers,4195.18,5,0.15,812.7
ORD-2024-10567,2024-08-24,CUST-1145,Liam Smith 26,Consumer,Latin America,Mexico,Office Supplies,Art,80.56,5,0.2,23.46
ORD-2024-10568,2024-10-13,CUST-1118,Olivia Brown 4,Consumer,Europe,France,Furniture,Tables,608.3,5,0.15,52.24
ORD-2024-10569,2025-04-09,CUST-1062,Alex Rivera 16,Corporate,Latin America,Brazil,Office Supplies,Storage,941.6,7,0.1,365.72
ORD-2024-10570,2024-08-31,CUST-1030,Sophia Wilson 66,Home Office,North America,Canada,Technology,Monitors,831.71,6,0.15,307.38
ORD-2024-10571,2024-03-10,CUST-1091,Liam Smith 7,Corporate,Asia Pacific,India,Office Supplies,Storage,86.76,5,0.2,33.98
ORD-2024-10572,2024-02-09,CUST-1131,Olivia Brown 99,Home Office,Europe,Germany,Office Supplies,Binders,590.06,6,0.3,259.6
ORD-2024-10573,2024-05-18,CUST-1092,Emma Watson 69,Home Office,Asia Pacific,Australia,Technology,Laptops,4160.58,6,0.15,1052.62
ORD-2024-10574,2025-04-16,CUST-1041,Emma Watson 28,Consumer,Europe,United Kingdom,Office Supplies,Appliances,298.38,2,0.15,100.9
ORD-2024-10575,2024-02-09,CUST-1029,Liam Smith 3,Corporate,Asia Pacific,Singapore,Office Supplies,Storage,277.5,8,0.2,99.05
ORD-2024-10576,2025-05-11,CUST-1087,Liam Smith 91,Corporate,North America,United States,Technology,Laptops,2723.03,3,0.3,562.7
ORD-2024-10577,2024-03-05,CUST-1053,Liam Smith 11,Corporate,North America,United States,Technology,Printers,1097.64,1,0.05,194.23
ORD-2024-10578,2025-02-10,CUST-1131,Charlotte Thomas 8,Corporate,North America,Canada,Technology,Smartphones,508.34,1,0.0,175.68
ORD-2024-10579,2025-04-16,CUST-1052,Charlotte Thomas 26,Consumer,Asia Pacific,Japan,Technology,Laptops,5124.48,5,0.2,1214.29
ORD-2024-10580,2024-03-23,CUST-1128,Charlotte Thomas 31,Home Office,North America,United States,Office Supplies,Paper,492.91,4,0.1,123.98
ORD-2024-10581,2025-01-21,CUST-1137,Alex Rivera 93,Consumer,Europe,Italy,Office Supplies,Art,249.77,3,0.15,100.42
ORD-2024-10582,2024-02-24,CUST-1046,Sophia Wilson 49,Corporate,Europe,Italy,Technology,Printers,1441.44,6,0.0,384.11
ORD-2024-10583,2024-09-23,CUST-1034,Mia Martinez 98,Corporate,Asia Pacific,Japan,Technology,Accessories,4920.74,7,0.1,1300.24
ORD-2024-10584,2025-01-11,CUST-1079,Mia Martinez 29,Home Office,Latin America,Mexico,Furniture,Desks,3878.45,8,0.3,478.94
ORD-2024-10585,2024-01-07,CUST-1125,Emma Watson 51,Corporate,North America,United States,Technology,Printers,908.45,2,0.3,346.41
ORD-2024-10586,2025-05-15,CUST-1043,Emma Watson 47,Consumer,Asia Pacific,Australia,Office Supplies,Art,193.35,7,0.3,67.62
ORD-2024-10587,2025-01-26,CUST-1148,Charlotte Thomas 35,Home Office,Latin America,Mexico,Furniture,Furnishings,4880.64,8,0.2,516.26
ORD-2024-10588,2025-01-28,CUST-1116,Emma Watson 16,Corporate,Latin America,Mexico,Technology,Laptops,122.21,1,0.0,33.55
ORD-2024-10589,2024-01-14,CUST-1045,James Taylor 78,Home Office,Asia Pacific,Australia,Furniture,Furnishings,724.39,2,0.3,145.11
ORD-2024-10590,2025-01-27,CUST-1126,Mia Martinez 26,Corporate,Latin America,Mexico,Office Supplies,Storage,140.19,1,0.0,69.7
ORD-2024-10591,2025-03-26,CUST-1030,James Taylor 58,Corporate,Latin America,Mexico,Furniture,Chairs,261.24,5,0.3,21.64
ORD-2024-10592,2024-08-08,CUST-1034,Noah Davis 92,Corporate,Latin America,Brazil,Office Supplies,Art,1145.26,8,0.15,422.23
ORD-2024-10593,2024-03-21,CUST-1129,Alex Rivera 51,Corporate,Latin America,Chile,Furniture,Furnishings,2508.16,5,0.1,156.22
ORD-2024-10594,2024-10-29,CUST-1011,Liam Smith 47,Corporate,North America,Canada,Furniture,Chairs,1892.66,6,0.15,227.6
ORD-2024-10595,2024-12-04,CUST-1062,Olivia Brown 31,Home Office,Asia Pacific,Japan,Office Supplies,Paper,393.39,2,0.1,98.71
ORD-2024-10596,2024-10-02,CUST-1083,Alex Rivera 59,Home Office,Latin America,Chile,Office Supplies,Art,473.54,8,0.2,97.87
ORD-2024-10597,2024-06-11,CUST-1096,Charlotte Thomas 50,Corporate,North America,Canada,Technology,Laptops,3175.3,6,0.05,964.36
ORD-2024-10598,2024-07-05,CUST-1111,Olivia Brown 64,Home Office,North America,United States,Furniture,Bookcases,569.57,7,0.05,99.63
ORD-2024-10599,2025-05-05,CUST-1023,Charlotte Thomas 13,Home Office,Asia Pacific,Singapore,Technology,Monitors,8280.22,8,0.15,1676.2
ORD-2024-10600,2025-02-11,CUST-1019,Noah Davis 65,Corporate,Latin America,Chile,Office Supplies,Storage,365.53,7,0.1,141.64
ORD-2024-10601,2024-08-20,CUST-1140,Liam Smith 3,Home Office,Europe,Italy,Furniture,Desks,3928.32,8,0.1,932.71
ORD-2024-10602,2024-09-29,CUST-1111,Charlotte Thomas 94,Home Office,North America,United States,Furniture,Tables,337.7,3,0.3,63.17
ORD-2024-10603,2024-06-02,CUST-1111,James Taylor 41,Consumer,Europe,Spain,Furniture,Bookcases,1870.85,5,0.3,318.51
ORD-2024-10604,2024-07-26,CUST-1061,Emma Watson 20,Consumer,North America,United States,Furniture,Tables,2463.54,7,0.15,441.92
ORD-2024-10605,2024-01-19,CUST-1051,Liam Smith 35,Consumer,North America,Canada,Furniture,Furnishings,127.39,1,0.3,18.75
ORD-2024-10606,2024-01-11,CUST-1014,Emma Watson 41,Home Office,Asia Pacific,Japan,Furniture,Bookcases,941.38,2,0.15,224.64
ORD-2024-10607,2025-01-05,CUST-1035,Olivia Brown 15,Home Office,North America,Canada,Furniture,Chairs,411.41,2,0.1,47.66
ORD-2024-10608,2024-10-26,CUST-1099,Olivia Brown 55,Consumer,Europe,Germany,Technology,Laptops,9909.57,8,0.15,2116.45
ORD-2024-10609,2024-10-28,CUST-1014,Mia Martinez 69,Corporate,North America,Canada,Office Supplies,Art,446.26,4,0.1,206.99
ORD-2024-10610,2025-04-24,CUST-1037,Sophia Wilson 61,Home Office,Asia Pacific,Singapore,Technology,Monitors,90.6,1,0.3,34.37
ORD-2024-10611,2024-12-09,CUST-1061,Noah Davis 71,Corporate,Asia Pacific,Singapore,Office Supplies,Paper,470.49,4,0.15,148.93
ORD-2024-10612,2025-04-10,CUST-1100,Noah Davis 39,Consumer,Europe,France,Technology,Laptops,5798.35,6,0.3,1458.7
ORD-2024-10613,2024-01-18,CUST-1070,Emma Watson 63,Corporate,Latin America,Mexico,Office Supplies,Art,418.8,2,0.05,171.52
ORD-2024-10614,2024-09-16,CUST-1016,Sophia Wilson 54,Home Office,Asia Pacific,India,Office Supplies,Paper,405.03,3,0.3,134.88
ORD-2024-10615,2024-11-24,CUST-1034,Alex Rivera 52,Consumer,Asia Pacific,Singapore,Office Supplies,Paper,117.12,4,0.2,48.5
ORD-2024-10616,2025-01-28,CUST-1033,Charlotte Thomas 88,Corporate,Asia Pacific,India,Furniture,Desks,1325.75,6,0.1,118.96
ORD-2024-10617,2024-07-31,CUST-1094,Liam Smith 51,Corporate,Europe,Germany,Technology,Monitors,3995.56,4,0.0,1572.38
ORD-2024-10618,2024-04-11,CUST-1067,Liam Smith 7,Corporate,Latin America,Chile,Furniture,Desks,665.76,6,0.05,159.42
ORD-2024-10619,2024-03-01,CUST-1003,Benjamin Anderson 56,Corporate,Latin America,Brazil,Technology,Laptops,1577.57,5,0.1,531.03
ORD-2024-10620,2024-07-14,CUST-1033,James Taylor 27,Home Office,Europe,France,Office Supplies,Binders,734.16,7,0.05,153.17
ORD-2024-10621,2025-05-14,CUST-1067,Olivia Brown 80,Corporate,Europe,France,Office Supplies,Art,232.41,8,0.05,107.24
ORD-2024-10622,2025-05-13,CUST-1101,Olivia Brown 92,Corporate,Latin America,Chile,Office Supplies,Storage,27.53,1,0.0,8.26
ORD-2024-10623,2024-04-30,CUST-1120,Sophia Wilson 78,Home Office,North America,United States,Furniture,Furnishings,2187.64,5,0.15,403.08
ORD-2024-10624,2024-03-08,CUST-1143,Alex Rivera 75,Consumer,Asia Pacific,Australia,Office Supplies,Art,1772.93,8,0.05,402.27
ORD-2024-10625,2024-12-29,CUST-1135,James Taylor 19,Corporate,North America,Canada,Technology,Laptops,2761.08,5,0.3,663.07
ORD-2024-10626,2024-08-08,CUST-1072,Noah Davis 79,Corporate,Asia Pacific,India,Technology,Accessories,8560.26,8,0.05,2473.22
ORD-2024-10627,2025-04-17,CUST-1112,Alex Rivera 25,Consumer,North America,United States,Technology,Smartphones,1570.27,3,0.3,418.92
ORD-2024-10628,2024-02-29,CUST-1126,Alex Rivera 57,Corporate,Latin America,Mexico,Furniture,Chairs,2053.14,3,0.0,246.21
ORD-2024-10629,2024-04-14,CUST-1072,Liam Smith 22,Home Office,Asia Pacific,Australia,Office Supplies,Paper,347.41,3,0.15,165.41
ORD-2024-10630,2024-05-06,CUST-1127,Emma Watson 43,Consumer,Asia Pacific,Japan,Furniture,Bookcases,886.95,2,0.1,71.63
ORD-2024-10631,2024-02-11,CUST-1117,Mia Martinez 59,Home Office,Asia Pacific,Japan,Furniture,Chairs,3903.34,8,0.1,934.79
ORD-2024-10632,2025-01-10,CUST-1145,Liam Smith 28,Consumer,Asia Pacific,Singapore,Technology,Smartphones,5998.72,7,0.0,1497.97
ORD-2024-10633,2024-04-01,CUST-1061,James Taylor 12,Consumer,Europe,United Kingdom,Furniture,Tables,791.1,3,0.0,86.79
ORD-2024-10634,2025-02-14,CUST-1110,Noah Davis 88,Home Office,Europe,France,Office Supplies,Paper,712.95,4,0.15,237.86
ORD-2024-10635,2024-07-17,CUST-1121,Noah Davis 73,Home Office,Latin America,Brazil,Furniture,Bookcases,2500.96,7,0.3,338.14
ORD-2024-10636,2024-01-21,CUST-1131,Sophia Wilson 60,Home Office,Europe,United Kingdom,Furniture,Furnishings,939.91,2,0.1,135.01
ORD-2024-10637,2024-02-10,CUST-1122,Noah Davis 20,Consumer,Asia Pacific,Australia,Office Supplies,Art,64.74,1,0.2,14.43
ORD-2024-10638,2024-01-24,CUST-1131,Emma Watson 66,Corporate,Latin America,Brazil,Furniture,Furnishings,3561.95,6,0.1,595.25
ORD-2024-10639,2025-01-28,CUST-1128,Alex Rivera 15,Home Office,Latin America,Brazil,Technology,Printers,706.92,7,0.3,158.64
ORD-2024-10640,2024-10-27,CUST-1116,Mia Martinez 80,Corporate,Asia Pacific,Australia,Technology,Laptops,668.74,5,0.3,118.09
ORD-2024-10641,2024-09-30,CUST-1004,Alex Rivera 51,Consumer,North America,United States,Office Supplies,Art,590.16,7,0.3,289.03
ORD-2024-10642,2024-11-04,CUST-1124,Noah Davis 80,Home Office,Asia Pacific,India,Furniture,Chairs,136.63,1,0.05,9.89
ORD-2024-10643,2024-01-09,CUST-1048,Alex Rivera 27,Corporate,Europe,United Kingdom,Furniture,Furnishings,821.06,5,0.15,65.38
ORD-2024-10644,2024-08-04,CUST-1005,Emma Watson 22,Consumer,Latin America,Mexico,Furniture,Chairs,2640.43,4,0.05,287.72
ORD-2024-10645,2025-02-28,CUST-1100,Alex Rivera 43,Consumer,North America,Canada,Furniture,Tables,3014.05,5,0.0,444.57
ORD-2024-10646,2024-09-05,CUST-1131,Charlotte Thomas 93,Home Office,Latin America,Brazil,Office Supplies,Paper,766.02,7,0.2,225.79
ORD-2024-10647,2024-02-02,CUST-1068,James Taylor 61,Consumer,Latin America,Chile,Office Supplies,Storage,823.2,7,0.0,204.48
ORD-2024-10648,2025-01-06,CUST-1049,Mia Martinez 45,Corporate,Europe,Italy,Technology,Monitors,6580.22,6,0.2,2391.01
ORD-2024-10649,2025-01-01,CUST-1119,Liam Smith 38,Home Office,Latin America,Mexico,Office Supplies,Storage,482.47,3,0.2,126.49
ORD-2024-10650,2024-12-19,CUST-1022,Mia Martinez 17,Consumer,Europe,United Kingdom,Office Supplies,Art,203.61,7,0.15,59.27
ORD-2024-10651,2024-04-17,CUST-1142,Alex Rivera 3,Corporate,Asia Pacific,Singapore,Office Supplies,Binders,51.93,1,0.0,15.65
ORD-2024-10652,2024-02-28,CUST-1058,Emma Watson 72,Consumer,Latin America,Mexico,Furniture,Bookcases,2978.39,5,0.05,657.28
ORD-2024-10653,2025-03-23,CUST-1131,Charlotte Thomas 86,Consumer,North America,Canada,Furniture,Chairs,1249.58,2,0.2,72.97
ORD-2024-10654,2024-02-23,CUST-1042,Emma Watson 27,Corporate,Europe,France,Office Supplies,Art,1080.07,8,0.3,498.07
ORD-2024-10655,2024-03-19,CUST-1093,Sophia Wilson 18,Consumer,Europe,Spain,Furniture,Chairs,1216.75,8,0.35,-60.84
ORD-2024-10656,2024-03-28,CUST-1021,Noah Davis 48,Home Office,Latin America,Mexico,Office Supplies,Binders,308.49,7,0.05,74.47
ORD-2024-10657,2024-08-07,CUST-1105,James Taylor 59,Home Office,Asia Pacific,Japan,Furniture,Desks,1255.22,2,0.0,147.69
ORD-2024-10658,2024-07-24,CUST-1042,James Taylor 8,Corporate,North America,United States,Office Supplies,Paper,1039.8,5,0.15,333.36
ORD-2024-10659,2024-12-14,CUST-1141,Noah Davis 93,Home Office,Asia Pacific,Singapore,Technology,Accessories,2852.43,3,0.3,715.92
ORD-2024-10660,2024-11-25,CUST-1052,Benjamin Anderson 80,Home Office,Latin America,Chile,Furniture,Tables,3157.75,5,0.0,181.24
ORD-2024-10661,2024-06-20,CUST-1099,Liam Smith 67,Home Office,Asia Pacific,Australia,Technology,Monitors,3626.87,6,0.3,689.13
ORD-2024-10662,2024-01-15,CUST-1138,Charlotte Thomas 34,Consumer,Asia Pacific,India,Office Supplies,Paper,1002.67,6,0.1,389.13
ORD-2024-10663,2024-06-30,CUST-1031,Alex Rivera 97,Home Office,North America,Canada,Furniture,Furnishings,4339.01,8,0.1,1069.96
ORD-2024-10664,2025-02-16,CUST-1148,Charlotte Thomas 92,Home Office,Europe,France,Furniture,Bookcases,1155.4,3,0.3,145.04
ORD-2024-10665,2025-01-12,CUST-1063,Emma Watson 42,Home Office,Europe,France,Furniture,Chairs,951.46,7,0.15,63.17
ORD-2024-10666,2024-02-01,CUST-1108,Liam Smith 61,Consumer,Latin America,Brazil,Furniture,Furnishings,2218.04,7,0.1,370.1
ORD-2024-10667,2024-11-21,CUST-1108,Mia Martinez 89,Corporate,Latin America,Brazil,Technology,Monitors,1979.95,8,0.05,776.16
ORD-2024-10668,2024-09-19,CUST-1135,Emma Watson 89,Consumer,Latin America,Mexico,Technology,Laptops,8523.48,6,0.0,2560.45
ORD-2024-10669,2024-07-28,CUST-1028,Emma Watson 48,Home Office,Asia Pacific,Japan,Office Supplies,Binders,172.17,5,0.1,50.1
ORD-2024-10670,2024-09-05,CUST-1007,Liam Smith 19,Home Office,Latin America,Brazil,Furniture,Bookcases,1693.52,8,0.0,126.11
ORD-2024-10671,2024-06-27,CUST-1017,Alex Rivera 54,Corporate,Asia Pacific,India,Furniture,Tables,1158.3,3,0.05,174.85
ORD-2024-10672,2024-08-23,CUST-1115,Mia Martinez 20,Home Office,Asia Pacific,Japan,Office Supplies,Appliances,368.25,4,0.15,111.1
ORD-2024-10673,2024-01-24,CUST-1113,Noah Davis 83,Consumer,Europe,Germany,Office Supplies,Storage,202.51,2,0.3,74.48
ORD-2024-10674,2024-04-08,CUST-1138,Charlotte Thomas 97,Consumer,Europe,Spain,Office Supplies,Paper,116.61,3,0.0,32.94
ORD-2024-10675,2024-04-15,CUST-1062,Charlotte Thomas 57,Consumer,Asia Pacific,India,Office Supplies,Paper,115.16,1,0.1,38.13
ORD-2024-10676,2024-07-31,CUST-1006,Benjamin Anderson 41,Corporate,Asia Pacific,Japan,Technology,Smartphones,4034.32,5,0.05,789.38
ORD-2024-10677,2025-01-28,CUST-1022,Liam Smith 40,Corporate,Europe,Germany,Office Supplies,Storage,48.2,1,0.1,15.28
ORD-2024-10678,2024-06-12,CUST-1036,James Taylor 42,Corporate,Latin America,Brazil,Technology,Laptops,1428.88,4,0.15,396.02
ORD-2024-10679,2024-09-15,CUST-1098,Emma Watson 35,Consumer,Asia Pacific,India,Office Supplies,Art,21.85,1,0.15,8.52
ORD-2024-10680,2025-04-12,CUST-1004,Noah Davis 71,Home Office,North America,United States,Office Supplies,Binders,494.5,7,0.15,111.35
ORD-2024-10681,2024-11-21,CUST-1128,Olivia Brown 19,Corporate,Europe,United Kingdom,Office Supplies,Art,1925.76,8,0.0,385.73
ORD-2024-10682,2024-08-25,CUST-1074,Liam Smith 1,Consumer,Latin America,Mexico,Office Supplies,Storage,1332.32,7,0.1,603.18
ORD-2024-10683,2024-04-18,CUST-1149,Benjamin Anderson 37,Consumer,Europe,Italy,Office Supplies,Paper,402.54,7,0.3,95.36
ORD-2024-10684,2024-03-12,CUST-1142,Noah Davis 56,Consumer,Asia Pacific,Singapore,Office Supplies,Storage,1764.79,8,0.1,483.16
ORD-2024-10685,2024-06-13,CUST-1087,Olivia Brown 59,Home Office,Asia Pacific,Japan,Office Supplies,Binders,132.12,1,0.2,45.31
ORD-2024-10686,2025-04-06,CUST-1002,Liam Smith 53,Home Office,Latin America,Mexico,Office Supplies,Paper,318.32,2,0.2,66.62
ORD-2024-10687,2025-03-02,CUST-1113,Emma Watson 46,Corporate,Asia Pacific,India,Technology,Smartphones,1465.81,6,0.05,382.79
ORD-2024-10688,2024-04-23,CUST-1005,Noah Davis 88,Home Office,Asia Pacific,Australia,Technology,Monitors,3677.79,4,0.05,1452.84
ORD-2024-10689,2025-05-10,CUST-1092,Alex Rivera 36,Corporate,Europe,Germany,Technology,Printers,950.16,5,0.2,261.37
ORD-2024-10690,2024-03-28,CUST-1141,Olivia Brown 85,Home Office,Europe,Germany,Office Supplies,Binders,368.61,3,0.35,-18.43
ORD-2024-10691,2025-03-14,CUST-1058,Benjamin Anderson 94,Corporate,Europe,Germany,Office Supplies,Appliances,818.84,8,0.35,-40.94
ORD-2024-10692,2024-11-24,CUST-1013,Sophia Wilson 56,Corporate,Asia Pacific,Japan,Office Supplies,Appliances,585.5,6,0.2,250.42
ORD-2024-10693,2025-03-28,CUST-1057,Alex Rivera 36,Corporate,Latin America,Mexico,Technology,Printers,570.14,2,0.2,200.64
ORD-2024-10694,2025-01-12,CUST-1057,James Taylor 10,Consumer,Europe,United Kingdom,Furniture,Bookcases,194.26,2,0.0,28.36
ORD-2024-10695,2025-02-17,CUST-1006,Charlotte Thomas 81,Corporate,Asia Pacific,Australia,Technology,Printers,2510.82,6,0.0,892.37
ORD-2024-10696,2024-09-23,CUST-1060,Emma Watson 77,Home Office,Latin America,Brazil,Office Supplies,Art,297.88,2,0.0,141.5
ORD-2024-10697,2024-07-12,CUST-1080,Emma Watson 17,Consumer,Latin America,Brazil,Furniture,Furnishings,1039.28,2,0.0,192.8
ORD-2024-10698,2024-10-13,CUST-1013,Noah Davis 49,Corporate,North America,Canada,Technology,Monitors,1018.48,1,0.15,250.53
ORD-2024-10699,2025-02-11,CUST-1109,Charlotte Thomas 80,Consumer,Asia Pacific,Japan,Furniture,Furnishings,1184.6,4,0.0,83.56
ORD-2024-10700,2024-10-31,CUST-1017,Charlotte Thomas 25,Home Office,Europe,Italy,Furniture,Bookcases,2779.78,8,0.05,274.17
ORD-2024-10701,2025-02-12,CUST-1011,Alex Rivera 17,Corporate,Latin America,Chile,Office Supplies,Storage,241.37,3,0.05,82.27
ORD-2024-10702,2024-11-04,CUST-1087,Noah Davis 48,Consumer,Europe,Germany,Technology,Monitors,1056.75,1,0.15,249.34
ORD-2024-10703,2025-05-14,CUST-1051,Olivia Brown 9,Corporate,Europe,Spain,Office Supplies,Art,738.91,6,0.2,273.27
ORD-2024-10704,2024-06-20,CUST-1076,James Taylor 43,Consumer,North America,Canada,Technology,Printers,274.09,1,0.3,56.4
ORD-2024-10705,2024-04-27,CUST-1119,Charlotte Thomas 28,Consumer,Latin America,Chile,Furniture,Tables,611.97,3,0.0,75.01
ORD-2024-10706,2024-02-07,CUST-1091,Alex Rivera 72,Consumer,Europe,France,Furniture,Desks,3141.0,6,0.0,769.74
ORD-2024-10707,2024-04-11,CUST-1050,Noah Davis 23,Consumer,Asia Pacific,Australia,Furniture,Furnishings,937.88,4,0.0,79.92
ORD-2024-10708,2024-05-14,CUST-1025,Alex Rivera 87,Consumer,Latin America,Chile,Technology,Accessories,5989.44,5,0.15,1258.01
ORD-2024-10709,2025-02-18,CUST-1095,Liam Smith 68,Home Office,Latin America,Chile,Technology,Smartphones,812.51,3,0.05,160.81
ORD-2024-10710,2024-07-12,CUST-1095,Sophia Wilson 77,Corporate,Europe,Germany,Office Supplies,Appliances,263.06,5,0.05,78.47
ORD-2024-10711,2024-01-28,CUST-1071,Liam Smith 66,Home Office,Latin America,Brazil,Office Supplies,Paper,376.81,2,0.05,132.86
ORD-2024-10712,2025-01-19,CUST-1130,Sophia Wilson 64,Home Office,Latin America,Brazil,Furniture,Bookcases,2487.02,8,0.3,599.75
ORD-2024-10713,2024-08-30,CUST-1068,Charlotte Thomas 52,Home Office,North America,United States,Technology,Laptops,2454.63,4,0.15,502.34
ORD-2024-10714,2024-08-05,CUST-1096,Charlotte Thomas 21,Corporate,Asia Pacific,Japan,Technology,Smartphones,2844.13,6,0.05,841.84
ORD-2024-10715,2024-08-26,CUST-1131,Charlotte Thomas 44,Corporate,Latin America,Mexico,Furniture,Tables,2344.54,8,0.1,245.25
ORD-2024-10716,2024-01-13,CUST-1045,Mia Martinez 30,Corporate,North America,Canada,Technology,Accessories,2297.7,2,0.1,876.92
ORD-2024-10717,2024-02-20,CUST-1030,Emma Watson 47,Consumer,Europe,France,Technology,Accessories,2066.39,5,0.05,674.49
ORD-2024-10718,2024-03-11,CUST-1139,Noah Davis 2,Corporate,Asia Pacific,Singapore,Furniture,Tables,566.44,1,0.15,102.42
ORD-2024-10719,2025-01-24,CUST-1038,James Taylor 30,Consumer,Europe,Spain,Technology,Monitors,5115.88,8,0.3,1808.97
ORD-2024-10720,2024-06-23,CUST-1021,Sophia Wilson 25,Corporate,Latin America,Brazil,Furniture,Tables,620.74,1,0.1,48.29
ORD-2024-10721,2025-03-23,CUST-1032,Noah Davis 95,Consumer,Latin America,Chile,Furniture,Bookcases,1073.69,7,0.3,215.3
ORD-2024-10722,2025-01-25,CUST-1137,Noah Davis 42,Home Office,North America,United States,Technology,Laptops,7044.91,6,0.2,2166.03
ORD-2024-10723,2024-11-04,CUST-1146,James Taylor 49,Consumer,Latin America,Brazil,Office Supplies,Art,99.36,2,0.1,36.85
ORD-2024-10724,2024-08-19,CUST-1077,Emma Watson 22,Consumer,Europe,Germany,Office Supplies,Appliances,362.72,3,0.05,80.11
ORD-2024-10725,2025-05-08,CUST-1098,Noah Davis 27,Consumer,Asia Pacific,Japan,Furniture,Chairs,310.17,1,0.05,35.78
ORD-2024-10726,2025-04-10,CUST-1105,James Taylor 21,Consumer,Europe,Italy,Furniture,Tables,4038.94,7,0.05,306.9
ORD-2024-10727,2024-04-15,CUST-1079,James Taylor 91,Home Office,Latin America,Brazil,Office Supplies,Appliances,753.28,4,0.2,312.64
ORD-2024-10728,2024-08-22,CUST-1070,Olivia Brown 1,Consumer,Latin America,Brazil,Furniture,Furnishings,3147.22,6,0.2,710.79
ORD-2024-10729,2024-08-23,CUST-1118,Charlotte Thomas 6,Home Office,North America,Canada,Office Supplies,Art,396.23,5,0.15,152.12
ORD-2024-10730,2025-02-18,CUST-1044,James Taylor 32,Consumer,Latin America,Mexico,Furniture,Desks,975.61,2,0.15,185.1
ORD-2024-10731,2024-01-23,CUST-1061,Liam Smith 36,Home Office,Asia Pacific,Japan,Office Supplies,Binders,1277.36,7,0.2,301.93
ORD-2024-10732,2024-07-07,CUST-1019,Emma Watson 65,Corporate,Latin America,Mexico,Technology,Accessories,318.3,1,0.15,49.87
ORD-2024-10733,2024-11-23,CUST-1118,James Taylor 44,Home Office,Latin America,Brazil,Furniture,Chairs,81.27,2,0.3,18.97
ORD-2024-10734,2024-06-16,CUST-1118,Mia Martinez 60,Consumer,North America,United States,Office Supplies,Art,207.38,5,0.05,52.09
ORD-2024-10735,2024-01-10,CUST-1025,Liam Smith 38,Consumer,Latin America,Brazil,Technology,Smartphones,2656.79,3,0.15,636.36
ORD-2024-10736,2024-04-20,CUST-1008,Benjamin Anderson 28,Corporate,North America,United States,Furniture,Bookcases,382.99,1,0.0,78.31
ORD-2024-10737,2025-01-27,CUST-1051,Olivia Brown 48,Consumer,Europe,Germany,Technology,Printers,107.71,1,0.1,38.25
ORD-2024-10738,2024-12-14,CUST-1016,Olivia Brown 13,Home Office,Europe,United Kingdom,Technology,Printers,4361.85,6,0.1,1267.18
ORD-2024-10739,2024-04-07,CUST-1053,Benjamin Anderson 51,Corporate,North America,United States,Technology,Smartphones,1759.02,3,0.0,440.7
ORD-2024-10740,2024-06-10,CUST-1003,James Taylor 28,Corporate,Europe,Germany,Office Supplies,Storage,995.94,6,0.0,219.31
ORD-2024-10741,2024-04-21,CUST-1105,Noah Davis 99,Home Office,Latin America,Brazil,Office Supplies,Appliances,539.73,3,0.1,263.23
ORD-2024-10742,2024-11-03,CUST-1083,James Taylor 87,Home Office,Europe,France,Technology,Accessories,11750.32,8,0.0,2746.95
ORD-2024-10743,2024-11-07,CUST-1149,Mia Martinez 49,Home Office,Europe,Italy,Office Supplies,Paper,118.49,2,0.1,32.1
ORD-2024-10744,2024-08-07,CUST-1062,Charlotte Thomas 11,Consumer,Europe,France,Furniture,Bookcases,1340.04,7,0.05,239.07
ORD-2024-10745,2024-05-01,CUST-1113,Sophia Wilson 18,Corporate,Asia Pacific,Japan,Office Supplies,Art,827.65,5,0.0,222.39
ORD-2024-10746,2025-01-10,CUST-1084,Sophia Wilson 32,Consumer,North America,United States,Office Supplies,Binders,873.26,7,0.2,258.91
ORD-2024-10747,2024-08-14,CUST-1001,Emma Watson 63,Consumer,Europe,Germany,Office Supplies,Binders,705.57,3,0.0,177.88
ORD-2024-10748,2024-10-08,CUST-1052,Olivia Brown 65,Consumer,Latin America,Chile,Furniture,Bookcases,657.86,4,0.05,88.68
ORD-2024-10749,2024-11-06,CUST-1063,Noah Davis 37,Home Office,Latin America,Chile,Technology,Accessories,10437.12,8,0.0,4047.03
ORD-2024-10750,2024-07-03,CUST-1101,James Taylor 22,Corporate,Latin America,Mexico,Office Supplies,Appliances,475.27,3,0.15,97.88
ORD-2024-10751,2024-07-14,CUST-1109,Emma Watson 98,Corporate,Europe,Italy,Office Supplies,Binders,516.6,8,0.1,173.62
ORD-2024-10752,2024-07-11,CUST-1143,Charlotte Thomas 62,Consumer,Asia Pacific,Australia,Office Supplies,Art,227.88,4,0.0,46.45
ORD-2024-10753,2024-09-13,CUST-1095,Mia Martinez 52,Corporate,Latin America,Chile,Furniture,Tables,709.17,2,0.15,160.98
ORD-2024-10754,2025-04-16,CUST-1031,James Taylor 73,Consumer,Europe,Spain,Furniture,Bookcases,2420.38,8,0.3,454.3
ORD-2024-10755,2024-12-22,CUST-1014,James Taylor 55,Home Office,Europe,United Kingdom,Furniture,Chairs,3112.62,6,0.3,595.48
ORD-2024-10756,2024-01-15,CUST-1037,Noah Davis 78,Corporate,Europe,France,Technology,Monitors,2703.75,3,0.0,484.47
ORD-2024-10757,2024-02-17,CUST-1098,James Taylor 91,Home Office,North America,United States,Furniture,Desks,2353.08,5,0.3,259.88
ORD-2024-10758,2025-05-10,CUST-1136,James Taylor 76,Corporate,Latin America,Chile,Technology,Smartphones,5605.27,6,0.05,1217.77
ORD-2024-10759,2024-04-17,CUST-1101,Noah Davis 1,Consumer,Latin America,Brazil,Technology,Smartphones,6600.83,7,0.2,1678.0
ORD-2024-10760,2024-05-27,CUST-1110,Liam Smith 23,Corporate,Europe,United Kingdom,Technology,Printers,575.31,2,0.15,167.86
ORD-2024-10761,2024-04-18,CUST-1047,Olivia Brown 8,Home Office,Europe,United Kingdom,Furniture,Tables,532.77,2,0.3,44.34
ORD-2024-10762,2024-05-30,CUST-1021,James Taylor 16,Corporate,North America,Canada,Technology,Monitors,2314.98,8,0.3,787.4
ORD-2024-10763,2024-01-05,CUST-1015,Noah Davis 97,Consumer,North America,United States,Technology,Monitors,6744.3,7,0.2,1888.53
ORD-2024-10764,2025-05-07,CUST-1068,Mia Martinez 61,Corporate,Latin America,Mexico,Furniture,Bookcases,2878.49,4,0.1,526.81
ORD-2024-10765,2024-07-12,CUST-1014,Sophia Wilson 43,Consumer,North America,Canada,Office Supplies,Art,552.15,3,0.0,210.13
ORD-2024-10766,2025-03-20,CUST-1135,Noah Davis 90,Consumer,Asia Pacific,India,Office Supplies,Art,534.32,4,0.0,264.94
ORD-2024-10767,2025-05-05,CUST-1082,Alex Rivera 82,Corporate,North America,Canada,Office Supplies,Art,449.14,8,0.15,189.43
ORD-2024-10768,2025-02-10,CUST-1020,Sophia Wilson 55,Corporate,North America,Canada,Furniture,Furnishings,471.14,3,0.2,106.12
ORD-2024-10769,2025-02-05,CUST-1129,Alex Rivera 17,Corporate,North America,Canada,Office Supplies,Appliances,1876.67,8,0.05,880.01
ORD-2024-10770,2025-05-03,CUST-1029,Mia Martinez 85,Home Office,Europe,United Kingdom,Technology,Laptops,2299.24,2,0.0,594.87
ORD-2024-10771,2025-01-01,CUST-1007,Liam Smith 42,Corporate,Asia Pacific,Australia,Office Supplies,Storage,237.75,2,0.3,57.23
ORD-2024-10772,2024-09-30,CUST-1125,Emma Watson 89,Corporate,Europe,Italy,Office Supplies,Paper,806.34,7,0.3,340.99
ORD-2024-10773,2025-01-06,CUST-1097,Benjamin Anderson 56,Consumer,Europe,France,Technology,Accessories,368.12,2,0.1,123.37
ORD-2024-10774,2025-04-24,CUST-1048,Emma Watson 74,Corporate,Europe,France,Furniture,Furnishings,3013.45,5,0.0,506.3
ORD-2024-10775,2024-04-07,CUST-1099,James Taylor 41,Corporate,Europe,Italy,Office Supplies,Appliances,258.04,2,0.15,52.32
ORD-2024-10776,2025-03-12,CUST-1117,Sophia Wilson 19,Corporate,Europe,Spain,Office Supplies,Art,147.49,5,0.35,-7.37
ORD-2024-10777,2025-03-10,CUST-1008,Charlotte Thomas 41,Corporate,North America,Canada,Office Supplies,Appliances,424.29,4,0.15,121.96
ORD-2024-10778,2025-05-09,CUST-1096,Alex Rivera 43,Consumer,Europe,United Kingdom,Office Supplies,Paper,590.48,3,0.15,246.95
ORD-2024-10779,2024-06-02,CUST-1040,Alex Rivera 71,Corporate,Asia Pacific,India,Office Supplies,Art,1473.7,7,0.15,326.49
ORD-2024-10780,2025-01-07,CUST-1072,Noah Davis 90,Consumer,Latin America,Brazil,Technology,Accessories,803.75,1,0.3,181.66
ORD-2024-10781,2024-12-01,CUST-1041,Charlotte Thomas 18,Corporate,Latin America,Mexico,Technology,Laptops,1091.3,4,0.3,341.37
ORD-2024-10782,2024-07-04,CUST-1147,Emma Watson 87,Consumer,Latin America,Mexico,Office Supplies,Binders,418.03,2,0.1,205.77
ORD-2024-10783,2024-04-01,CUST-1013,Emma Watson 66,Home Office,Asia Pacific,India,Technology,Printers,813.01,2,0.05,202.57
ORD-2024-10784,2024-06-03,CUST-1044,James Taylor 89,Home Office,North America,Canada,Office Supplies,Art,547.56,8,0.1,111.42
ORD-2024-10785,2024-02-29,CUST-1021,Emma Watson 63,Home Office,Europe,Germany,Office Supplies,Appliances,1778.11,8,0.1,725.68
ORD-2024-10786,2024-02-18,CUST-1046,James Taylor 62,Home Office,Latin America,Mexico,Office Supplies,Binders,47.42,2,0.3,22.41
ORD-2024-10787,2025-02-11,CUST-1137,Liam Smith 52,Home Office,North America,Canada,Office Supplies,Appliances,1584.24,8,0.0,563.47
ORD-2024-10788,2024-10-26,CUST-1137,Emma Watson 97,Consumer,North America,United States,Office Supplies,Binders,81.22,8,0.1,19.24
ORD-2024-10789,2024-03-06,CUST-1147,Olivia Brown 84,Consumer,North America,Canada,Technology,Smartphones,6621.75,5,0.1,2592.87
ORD-2024-10790,2024-03-28,CUST-1108,Alex Rivera 32,Corporate,North America,Canada,Office Supplies,Appliances,653.97,8,0.3,192.19
ORD-2024-10791,2025-04-11,CUST-1090,Charlotte Thomas 69,Home Office,Europe,Germany,Office Supplies,Paper,254.22,4,0.05,73.7
ORD-2024-10792,2025-03-02,CUST-1055,Liam Smith 78,Home Office,Europe,Italy,Furniture,Bookcases,665.98,7,0.35,-33.3
ORD-2024-10793,2024-05-13,CUST-1097,Liam Smith 52,Corporate,North America,Canada,Office Supplies,Art,565.56,3,0.2,147.68
ORD-2024-10794,2024-11-18,CUST-1068,Olivia Brown 92,Corporate,Europe,Spain,Technology,Accessories,8861.22,7,0.15,1386.58
ORD-2024-10795,2024-11-05,CUST-1063,Emma Watson 35,Consumer,North America,Canada,Technology,Accessories,5340.87,6,0.1,1840.02
ORD-2024-10796,2024-03-15,CUST-1057,Noah Davis 2,Consumer,Latin America,Brazil,Furniture,Chairs,1210.39,2,0.05,187.97
ORD-2024-10797,2025-03-24,CUST-1078,Charlotte Thomas 63,Consumer,Asia Pacific,Singapore,Office Supplies,Storage,148.0,1,0.05,43.72
ORD-2024-10798,2025-01-19,CUST-1099,Liam Smith 45,Home Office,Latin America,Mexico,Office Supplies,Binders,151.56,3,0.3,36.06
ORD-2024-10799,2024-07-12,CUST-1145,Noah Davis 7,Home Office,Asia Pacific,Australia,Office Supplies,Appliances,838.89,8,0.05,278.25
ORD-2024-10800,2024-06-30,CUST-1119,Benjamin Anderson 37,Corporate,Latin America,Chile,Office Supplies,Binders,149.83,2,0.1,48.24
ORD-2024-10801,2024-06-09,CUST-1023,Emma Watson 10,Home Office,Europe,Germany,Technology,Monitors,646.08,5,0.2,247.06
ORD-2024-10802,2025-02-17,CUST-1002,James Taylor 87,Home Office,Europe,Spain,Furniture,Furnishings,958.53,2,0.15,50.59
ORD-2024-10803,2024-04-07,CUST-1001,James Taylor 90,Home Office,Asia Pacific,Australia,Office Supplies,Appliances,139.34,1,0.2,46.62
ORD-2024-10804,2024-03-27,CUST-1134,Olivia Brown 23,Consumer,Asia Pacific,Australia,Office Supplies,Storage,1419.67,7,0.15,445.39
ORD-2024-10805,2024-07-10,CUST-1028,Sophia Wilson 87,Consumer,North America,Canada,Furniture,Tables,1080.64,4,0.0,213.54
ORD-2024-10806,2024-10-18,CUST-1100,Olivia Brown 40,Home Office,North America,Canada,Office Supplies,Art,19.04,1,0.2,6.44
ORD-2024-10807,2024-06-01,CUST-1090,Emma Watson 1,Corporate,Europe,Spain,Furniture,Chairs,957.6,8,0.05,64.11
ORD-2024-10808,2024-09-20,CUST-1039,James Taylor 16,Corporate,North America,United States,Office Supplies,Storage,404.84,7,0.1,117.32
ORD-2024-10809,2024-08-07,CUST-1046,Benjamin Anderson 35,Consumer,Latin America,Chile,Furniture,Desks,1084.37,7,0.0,132.13
ORD-2024-10810,2025-03-21,CUST-1050,Emma Watson 25,Corporate,North America,United States,Furniture,Tables,577.54,1,0.05,105.83
ORD-2024-10811,2025-04-30,CUST-1122,Noah Davis 16,Corporate,Latin America,Chile,Furniture,Desks,1644.55,7,0.2,321.01
ORD-2024-10812,2025-01-14,CUST-1099,Liam Smith 15,Consumer,North America,United States,Technology,Accessories,3160.0,4,0.0,1009.87
ORD-2024-10813,2024-06-24,CUST-1109,Charlotte Thomas 95,Consumer,Latin America,Mexico,Furniture,Bookcases,2756.09,7,0.05,478.24
ORD-2024-10814,2025-01-08,CUST-1130,Liam Smith 32,Corporate,North America,Canada,Office Supplies,Binders,1129.97,7,0.05,386.64
ORD-2024-10815,2025-02-04,CUST-1026,Benjamin Anderson 79,Consumer,Europe,Italy,Office Supplies,Binders,165.88,3,0.15,35.09
ORD-2024-10816,2024-04-08,CUST-1037,James Taylor 3,Home Office,Europe,Germany,Technology,Printers,2304.26,5,0.3,710.47
ORD-2024-10817,2024-04-28,CUST-1056,Sophia Wilson 55,Corporate,North America,Canada,Office Supplies,Paper,373.63,5,0.1,106.17
ORD-2024-10818,2024-06-28,CUST-1107,Olivia Brown 41,Consumer,Europe,Germany,Technology,Smartphones,5801.52,6,0.05,1284.05
ORD-2024-10819,2024-05-23,CUST-1025,James Taylor 24,Corporate,Latin America,Mexico,Furniture,Bookcases,93.55,1,0.3,15.0
ORD-2024-10820,2025-03-17,CUST-1033,Sophia Wilson 47,Home Office,Asia Pacific,Singapore,Technology,Accessories,2647.75,7,0.0,984.43
ORD-2024-10821,2024-03-07,CUST-1030,Alex Rivera 76,Home Office,Europe,United Kingdom,Office Supplies,Art,301.76,2,0.35,-15.09
ORD-2024-10822,2024-06-03,CUST-1121,Olivia Brown 69,Home Office,Europe,Germany,Technology,Laptops,2695.44,5,0.2,1061.41
ORD-2024-10823,2025-04-03,CUST-1093,Mia Martinez 81,Home Office,North America,Canada,Technology,Printers,641.24,1,0.05,192.24
ORD-2024-10824,2024-12-22,CUST-1033,Noah Davis 6,Home Office,North America,United States,Office Supplies,Art,244.74,2,0.05,81.09
ORD-2024-10825,2024-09-17,CUST-1098,Benjamin Anderson 50,Corporate,Asia Pacific,Australia,Technology,Smartphones,983.04,4,0.2,318.68
ORD-2024-10826,2025-03-26,CUST-1131,Mia Martinez 65,Home Office,Asia Pacific,Singapore,Technology,Accessories,2062.87,2,0.05,424.91
ORD-2024-10827,2024-09-30,CUST-1060,Noah Davis 6,Home Office,Europe,France,Technology,Accessories,924.14,1,0.3,365.04
ORD-2024-10828,2025-02-25,CUST-1053,Benjamin Anderson 15,Consumer,Asia Pacific,Singapore,Furniture,Chairs,2659.37,5,0.3,204.03
ORD-2024-10829,2025-04-04,CUST-1075,Sophia Wilson 8,Home Office,North America,Canada,Technology,Accessories,264.77,1,0.2,83.22
ORD-2024-10830,2025-03-20,CUST-1149,Emma Watson 93,Home Office,Latin America,Chile,Furniture,Furnishings,3520.02,8,0.05,404.28
ORD-2024-10831,2024-04-14,CUST-1148,James Taylor 20,Corporate,Europe,Spain,Furniture,Desks,1235.27,2,0.15,106.61
ORD-2024-10832,2024-04-04,CUST-1045,Olivia Brown 73,Corporate,Europe,France,Technology,Accessories,793.92,3,0.15,255.52
ORD-2024-10833,2024-04-06,CUST-1017,Liam Smith 10,Corporate,Europe,Spain,Office Supplies,Art,71.53,3,0.3,30.41
ORD-2024-10834,2024-01-07,CUST-1025,James Taylor 50,Consumer,North America,United States,Office Supplies,Paper,75.1,2,0.1,18.23
ORD-2024-10835,2024-11-17,CUST-1003,Alex Rivera 14,Home Office,Asia Pacific,Japan,Technology,Laptops,5792.72,8,0.05,1314.06
ORD-2024-10836,2024-09-02,CUST-1039,Olivia Brown 8,Home Office,Asia Pacific,Japan,Technology,Smartphones,1130.0,5,0.0,314.01
ORD-2024-10837,2025-03-04,CUST-1106,Liam Smith 1,Consumer,North America,United States,Furniture,Tables,762.52,5,0.05,178.69
ORD-2024-10838,2024-12-16,CUST-1098,Emma Watson 63,Consumer,North America,United States,Technology,Accessories,3524.28,6,0.0,846.26
ORD-2024-10839,2025-04-18,CUST-1021,Alex Rivera 78,Consumer,Europe,Spain,Office Supplies,Storage,1023.5,7,0.05,478.93
ORD-2024-10840,2024-12-17,CUST-1077,Charlotte Thomas 37,Corporate,North America,Canada,Furniture,Bookcases,1499.32,2,0.0,333.36
ORD-2024-10841,2025-05-15,CUST-1038,Liam Smith 41,Consumer,Latin America,Mexico,Office Supplies,Art,328.83,2,0.2,107.93
ORD-2024-10842,2025-01-07,CUST-1071,Liam Smith 12,Corporate,Europe,United Kingdom,Furniture,Bookcases,1722.47,7,0.15,325.0
ORD-2024-10843,2024-07-30,CUST-1085,Liam Smith 84,Consumer,Latin America,Mexico,Office Supplies,Art,891.52,8,0.2,321.72
ORD-2024-10844,2024-04-27,CUST-1098,Emma Watson 75,Home Office,Latin America,Chile,Office Supplies,Binders,643.46,4,0.1,129.25
ORD-2024-10845,2025-03-11,CUST-1004,Sophia Wilson 72,Corporate,Europe,Germany,Technology,Accessories,1155.22,3,0.35,-57.76
ORD-2024-10846,2025-03-03,CUST-1141,James Taylor 32,Consumer,Europe,Germany,Office Supplies,Binders,74.37,3,0.35,-3.72
ORD-2024-10847,2024-12-22,CUST-1108,Sophia Wilson 7,Home Office,North America,United States,Furniture,Furnishings,667.72,1,0.05,82.16
ORD-2024-10848,2024-02-10,CUST-1062,Emma Watson 2,Home Office,Latin America,Brazil,Technology,Printers,4827.36,5,0.15,1220.75
ORD-2024-10849,2024-06-21,CUST-1113,Alex Rivera 37,Consumer,Europe,Germany,Office Supplies,Paper,372.0,3,0.2,92.29
ORD-2024-10850,2024-07-21,CUST-1108,Mia Martinez 71,Home Office,Asia Pacific,Singapore,Office Supplies,Binders,301.54,3,0.1,148.34
ORD-2024-10851,2024-09-24,CUST-1096,Liam Smith 96,Consumer,Latin America,Chile,Technology,Laptops,891.87,2,0.3,238.23
ORD-2024-10852,2024-06-09,CUST-1103,James Taylor 22,Consumer,Asia Pacific,India,Technology,Accessories,421.07,2,0.1,126.66
ORD-2024-10853,2025-03-09,CUST-1085,Alex Rivera 31,Corporate,Europe,Italy,Technology,Smartphones,247.59,1,0.35,-12.38
ORD-2024-10854,2024-04-13,CUST-1008,Olivia Brown 35,Consumer,North America,Canada,Technology,Smartphones,2633.5,5,0.0,1040.59
ORD-2024-10855,2025-01-19,CUST-1072,James Taylor 65,Consumer,Asia Pacific,India,Office Supplies,Storage,438.7,2,0.1,141.34
ORD-2024-10856,2025-01-14,CUST-1128,Emma Watson 65,Consumer,North America,Canada,Furniture,Furnishings,631.45,1,0.1,51.93
ORD-2024-10857,2024-12-15,CUST-1118,Emma Watson 81,Consumer,Europe,United Kingdom,Office Supplies,Binders,466.85,3,0.2,165.68
ORD-2024-10858,2025-01-08,CUST-1133,Sophia Wilson 58,Consumer,Asia Pacific,Singapore,Furniture,Furnishings,4843.72,7,0.0,1105.03
ORD-2024-10859,2025-01-31,CUST-1099,Olivia Brown 27,Home Office,North America,United States,Office Supplies,Art,31.71,1,0.05,13.63
ORD-2024-10860,2024-06-07,CUST-1140,Emma Watson 64,Consumer,Latin America,Mexico,Technology,Accessories,1237.16,5,0.2,297.95
ORD-2024-10861,2024-02-15,CUST-1018,Liam Smith 91,Corporate,Asia Pacific,India,Furniture,Tables,1613.16,3,0.0,394.15
ORD-2024-10862,2024-09-06,CUST-1010,Sophia Wilson 37,Corporate,Latin America,Chile,Office Supplies,Binders,625.32,6,0.1,140.73
ORD-2024-10863,2024-07-30,CUST-1129,Mia Martinez 34,Home Office,North America,United States,Office Supplies,Binders,169.04,1,0.05,77.07
ORD-2024-10864,2024-05-28,CUST-1096,Liam Smith 73,Corporate,North America,United States,Furniture,Tables,2814.49,6,0.15,404.44
ORD-2024-10865,2024-09-30,CUST-1119,Emma Watson 11,Consumer,North America,Canada,Furniture,Desks,632.05,2,0.1,74.89
ORD-2024-10866,2024-11-05,CUST-1124,Olivia Brown 90,Home Office,Latin America,Brazil,Furniture,Tables,200.71,3,0.15,15.88
ORD-2024-10867,2024-04-19,CUST-1081,Charlotte Thomas 5,Home Office,Latin America,Brazil,Furniture,Tables,3135.68,4,0.0,289.42
ORD-2024-10868,2024-01-12,CUST-1108,Noah Davis 33,Home Office,Europe,Germany,Technology,Smartphones,844.11,2,0.1,311.01
ORD-2024-10869,2024-08-19,CUST-1107,Benjamin Anderson 28,Home Office,Asia Pacific,Australia,Technology,Smartphones,8510.29,7,0.1,3326.17
ORD-2024-10870,2024-06-01,CUST-1042,Olivia Brown 45,Corporate,Latin America,Mexico,Office Supplies,Binders,1522.96,7,0.1,721.55
ORD-2024-10871,2024-10-19,CUST-1099,Alex Rivera 72,Home Office,Europe,Germany,Office Supplies,Appliances,663.43,6,0.3,329.0
ORD-2024-10872,2025-04-25,CUST-1081,Alex Rivera 20,Corporate,Europe,Spain,Furniture,Chairs,4057.26,7,0.1,625.38
ORD-2024-10873,2024-01-02,CUST-1115,Liam Smith 82,Corporate,North America,United States,Technology,Laptops,1623.96,3,0.2,396.88
ORD-2024-10874,2024-06-27,CUST-1053,Olivia Brown 87,Home Office,North America,Canada,Furniture,Chairs,1105.84,5,0.2,236.44
ORD-2024-10875,2024-03-04,CUST-1127,Mia Martinez 53,Corporate,Asia Pacific,Singapore,Office Supplies,Art,813.36,6,0.0,388.71
ORD-2024-10876,2024-08-22,CUST-1109,Sophia Wilson 23,Home Office,Europe,Italy,Furniture,Tables,1292.47,7,0.3,137.84
ORD-2024-10877,2024-11-13,CUST-1025,Emma Watson 14,Consumer,North America,Canada,Technology,Printers,1602.89,2,0.3,418.4
ORD-2024-10878,2024-10-24,CUST-1008,Noah Davis 54,Consumer,Europe,Spain,Office Supplies,Art,299.84,8,0.0,91.51
ORD-2024-10879,2025-02-10,CUST-1118,James Taylor 83,Home Office,Latin America,Brazil,Furniture,Desks,1507.34,5,0.3,155.11
ORD-2024-10880,2025-03-05,CUST-1106,Olivia Brown 1,Corporate,North America,United States,Technology,Laptops,6493.61,6,0.1,1250.69
ORD-2024-10881,2024-10-19,CUST-1110,Olivia Brown 72,Corporate,Europe,Italy,Office Supplies,Art,1388.85,7,0.05,669.17
ORD-2024-10882,2024-07-18,CUST-1044,James Taylor 41,Home Office,Europe,Spain,Technology,Smartphones,2611.78,3,0.2,469.06
ORD-2024-10883,2024-10-22,CUST-1100,Noah Davis 71,Consumer,Asia Pacific,Australia,Technology,Smartphones,81.49,1,0.3,27.91
ORD-2024-10884,2024-03-19,CUST-1007,Charlotte Thomas 91,Home Office,North America,Canada,Technology,Laptops,8415.76,6,0.05,1766.72
ORD-2024-10885,2025-04-04,CUST-1056,Noah Davis 25,Home Office,Europe,Spain,Furniture,Chairs,538.06,3,0.3,29.39
ORD-2024-10886,2024-10-23,CUST-1026,Emma Watson 59,Home Office,North America,United States,Technology,Accessories,1356.09,3,0.0,229.65
ORD-2024-10887,2025-03-08,CUST-1092,Olivia Brown 51,Consumer,Latin America,Brazil,Furniture,Chairs,788.29,2,0.05,147.78
ORD-2024-10888,2024-07-11,CUST-1080,Mia Martinez 21,Consumer,Asia Pacific,Japan,Technology,Monitors,976.32,1,0.0,384.65
ORD-2024-10889,2024-06-26,CUST-1123,Charlotte Thomas 77,Home Office,North America,United States,Office Supplies,Storage,743.62,4,0.2,155.32
ORD-2024-10890,2024-01-12,CUST-1132,Benjamin Anderson 98,Consumer,Europe,France,Technology,Laptops,347.39,3,0.05,59.36
ORD-2024-10891,2024-12-20,CUST-1032,Noah Davis 36,Corporate,Europe,Germany,Furniture,Furnishings,3018.06,8,0.3,639.23
ORD-2024-10892,2024-08-11,CUST-1131,James Taylor 25,Corporate,Europe,United Kingdom,Office Supplies,Storage,385.36,2,0.2,168.77
ORD-2024-10893,2024-10-27,CUST-1079,Liam Smith 27,Home Office,Latin America,Mexico,Furniture,Tables,2237.62,5,0.1,390.65
ORD-2024-10894,2024-11-06,CUST-1098,James Taylor 26,Home Office,Asia Pacific,Singapore,Office Supplies,Paper,94.29,1,0.2,26.02
ORD-2024-10895,2024-07-28,CUST-1075,Charlotte Thomas 83,Home Office,Asia Pacific,India,Technology,Smartphones,1710.85,6,0.15,594.9
ORD-2024-10896,2024-07-02,CUST-1062,Emma Watson 28,Home Office,Asia Pacific,Singapore,Technology,Accessories,1065.41,6,0.3,162.72
ORD-2024-10897,2024-06-17,CUST-1054,Mia Martinez 73,Corporate,Europe,Italy,Technology,Printers,1544.74,4,0.2,315.69
ORD-2024-10898,2024-10-14,CUST-1071,Charlotte Thomas 86,Consumer,Latin America,Chile,Furniture,Bookcases,2508.19,4,0.05,150.32
ORD-2024-10899,2024-09-09,CUST-1127,Alex Rivera 36,Corporate,North America,United States,Furniture,Desks,3332.12,7,0.05,550.74
ORD-2024-10900,2024-05-25,CUST-1004,Charlotte Thomas 1,Corporate,Asia Pacific,Australia,Furniture,Chairs,649.68,1,0.1,116.26
ORD-2024-10901,2024-02-05,CUST-1120,Emma Watson 54,Home Office,Asia Pacific,Singapore,Furniture,Bookcases,1786.33,6,0.15,308.08
ORD-2024-10902,2024-07-20,CUST-1076,Mia Martinez 64,Home Office,North America,Canada,Office Supplies,Paper,17.03,1,0.0,4.11
ORD-2024-10903,2024-06-14,CUST-1111,Olivia Brown 22,Consumer,Europe,France,Office Supplies,Paper,210.77,1,0.1,98.01
ORD-2024-10904,2024-01-23,CUST-1028,Alex Rivera 39,Consumer,Asia Pacific,Singapore,Office Supplies,Appliances,1259.94,7,0.1,516.07
ORD-2024-10905,2025-04-18,CUST-1035,Charlotte Thomas 59,Consumer,Europe,France,Technology,Monitors,6569.28,7,0.3,1719.15
ORD-2024-10906,2024-03-03,CUST-1133,Benjamin Anderson 31,Home Office,Latin America,Chile,Furniture,Bookcases,2214.87,8,0.05,151.41
ORD-2024-10907,2025-01-27,CUST-1075,Emma Watson 46,Home Office,Europe,United Kingdom,Office Supplies,Paper,224.24,8,0.0,59.14
ORD-2024-10908,2024-12-09,CUST-1055,Mia Martinez 50,Consumer,Latin America,Brazil,Furniture,Desks,3566.7,6,0.1,683.75
ORD-2024-10909,2024-12-01,CUST-1039,Benjamin Anderson 14,Consumer,Europe,France,Furniture,Tables,2383.03,4,0.15,208.73
ORD-2024-10910,2024-05-22,CUST-1108,Liam Smith 88,Corporate,North America,United States,Furniture,Chairs,2435.08,4,0.0,557.19
ORD-2024-10911,2024-04-05,CUST-1068,Alex Rivera 61,Home Office,Latin America,Mexico,Furniture,Chairs,1341.36,2,0.1,182.82
ORD-2024-10912,2024-03-18,CUST-1101,Benjamin Anderson 56,Home Office,Asia Pacific,Japan,Furniture,Bookcases,229.14,1,0.3,28.99
ORD-2024-10913,2025-04-20,CUST-1108,Olivia Brown 38,Consumer,Latin America,Brazil,Office Supplies,Storage,877.44,8,0.2,289.62
ORD-2024-10914,2024-12-14,CUST-1012,Olivia Brown 15,Consumer,North America,United States,Technology,Monitors,732.75,2,0.2,128.42
ORD-2024-10915,2024-04-25,CUST-1103,James Taylor 51,Consumer,Europe,France,Furniture,Desks,641.77,4,0.1,113.84
ORD-2024-10916,2024-12-27,CUST-1073,Alex Rivera 13,Consumer,Latin America,Chile,Furniture,Desks,337.57,2,0.05,29.53
ORD-2024-10917,2025-04-05,CUST-1116,Liam Smith 2,Home Office,Latin America,Mexico,Furniture,Chairs,915.7,5,0.0,77.05
ORD-2024-10918,2025-01-24,CUST-1002,Charlotte Thomas 46,Corporate,North America,Canada,Technology,Printers,188.26,1,0.2,60.25
ORD-2024-10919,2024-05-28,CUST-1058,Benjamin Anderson 65,Consumer,Europe,Germany,Technology,Accessories,6229.8,6,0.15,1698.65
ORD-2024-10920,2024-06-28,CUST-1139,Noah Davis 85,Corporate,Asia Pacific,Singapore,Furniture,Chairs,2347.83,5,0.3,274.1
ORD-2024-10921,2024-09-22,CUST-1123,Emma Watson 35,Home Office,North America,United States,Furniture,Desks,1470.23,3,0.1,219.9
ORD-2024-10922,2024-05-05,CUST-1147,James Taylor 47,Consumer,North America,United States,Furniture,Chairs,4954.18,8,0.2,421.06
ORD-2024-10923,2025-04-11,CUST-1089,Sophia Wilson 51,Home Office,Latin America,Mexico,Furniture,Desks,387.94,6,0.2,28.94
ORD-2024-10924,2025-02-11,CUST-1116,Charlotte Thomas 45,Corporate,North America,United States,Furniture,Desks,959.38,3,0.2,233.45
ORD-2024-10925,2024-11-15,CUST-1142,Liam Smith 39,Corporate,Asia Pacific,Japan,Furniture,Chairs,1405.4,4,0.1,302.29
ORD-2024-10926,2024-03-04,CUST-1013,Mia Martinez 40,Consumer,Latin America,Mexico,Office Supplies,Paper,59.35,3,0.1,27.52
ORD-2024-10927,2025-02-06,CUST-1128,Benjamin Anderson 20,Consumer,Asia Pacific,Australia,Office Supplies,Binders,204.64,2,0.1,54.36
ORD-2024-10928,2024-08-30,CUST-1090,Olivia Brown 87,Home Office,Latin America,Mexico,Furniture,Chairs,2879.12,5,0.2,322.89
ORD-2024-10929,2024-10-15,CUST-1111,Sophia Wilson 75,Consumer,Europe,France,Technology,Printers,3901.86,5,0.1,668.78
ORD-2024-10930,2024-10-17,CUST-1118,Benjamin Anderson 24,Corporate,Latin America,Brazil,Technology,Monitors,3396.0,6,0.2,1303.11
ORD-2024-10931,2024-12-30,CUST-1091,Mia Martinez 46,Corporate,Latin America,Mexico,Furniture,Tables,60.14,1,0.15,4.07
ORD-2024-10932,2024-03-12,CUST-1077,Olivia Brown 75,Home Office,Asia Pacific,Australia,Office Supplies,Appliances,1129.9,5,0.0,482.02
ORD-2024-10933,2024-07-20,CUST-1032,James Taylor 86,Consumer,Latin America,Chile,Furniture,Chairs,397.21,5,0.3,28.36
ORD-2024-10934,2024-10-31,CUST-1024,Noah Davis 73,Corporate,Asia Pacific,Japan,Technology,Monitors,726.37,1,0.3,146.19
ORD-2024-10935,2024-03-14,CUST-1143,Mia Martinez 18,Consumer,Europe,France,Office Supplies,Storage,118.68,1,0.35,-5.93
ORD-2024-10936,2024-04-12,CUST-1029,Emma Watson 1,Consumer,North America,United States,Technology,Laptops,181.7,1,0.2,47.42
ORD-2024-10937,2024-01-29,CUST-1031,Noah Davis 52,Corporate,Europe,United Kingdom,Office Supplies,Storage,1160.32,8,0.3,446.89
ORD-2024-10938,2024-08-09,CUST-1037,Alex Rivera 24,Consumer,Europe,United Kingdom,Office Supplies,Appliances,418.18,8,0.1,119.95
ORD-2024-10939,2024-02-21,CUST-1126,Sophia Wilson 86,Corporate,Latin America,Mexico,Office Supplies,Paper,806.98,7,0.05,168.17
ORD-2024-10940,2024-08-22,CUST-1030,Charlotte Thomas 50,Consumer,Asia Pacific,Japan,Office Supplies,Appliances,665.08,6,0.05,226.37
ORD-2024-10941,2025-01-05,CUST-1117,Noah Davis 2,Consumer,Asia Pacific,Australia,Furniture,Furnishings,651.64,2,0.05,118.07
ORD-2024-10942,2024-06-29,CUST-1144,Sophia Wilson 59,Home Office,Europe,France,Office Supplies,Storage,324.28,2,0.3,111.92
ORD-2024-10943,2025-05-07,CUST-1120,Charlotte Thomas 85,Consumer,Asia Pacific,Australia,Office Supplies,Storage,726.34,6,0.2,279.82
ORD-2024-10944,2024-07-25,CUST-1017,Alex Rivera 4,Home Office,Europe,United Kingdom,Technology,Smartphones,5682.24,8,0.1,1931.83
ORD-2024-10945,2025-01-30,CUST-1060,Emma Watson 23,Home Office,Latin America,Mexico,Technology,Smartphones,1897.8,2,0.0,686.44
ORD-2024-10946,2024-02-07,CUST-1113,Sophia Wilson 78,Home Office,North America,United States,Furniture,Chairs,3817.37,7,0.05,945.85
ORD-2024-10947,2024-10-20,CUST-1142,Olivia Brown 26,Corporate,Latin America,Mexico,Office Supplies,Storage,163.51,3,0.15,72.62
ORD-2024-10948,2025-02-18,CUST-1049,Emma Watson 75,Consumer,North America,United States,Technology,Laptops,6877.2,6,0.15,2008.65
ORD-2024-10949,2025-03-18,CUST-1018,Sophia Wilson 24,Home Office,Latin America,Brazil,Technology,Monitors,6777.86,6,0.1,2064.67
ORD-2024-10950,2024-10-13,CUST-1035,Emma Watson 57,Corporate,Latin America,Brazil,Office Supplies,Paper,202.65,5,0.0,47.7
ORD-2024-10951,2024-04-28,CUST-1013,Charlotte Thomas 70,Corporate,North America,United States,Furniture,Bookcases,2056.92,6,0.0,461.75
ORD-2024-10952,2024-03-21,CUST-1073,Emma Watson 69,Home Office,Europe,Italy,Office Supplies,Appliances,55.21,1,0.35,-2.76
ORD-2024-10953,2024-02-26,CUST-1149,Mia Martinez 34,Home Office,North America,United States,Furniture,Tables,1473.96,6,0.0,114.76
ORD-2024-10954,2024-10-07,CUST-1084,Alex Rivera 31,Corporate,North America,United States,Furniture,Chairs,1219.89,2,0.2,177.8
ORD-2024-10955,2024-03-07,CUST-1069,Alex Rivera 14,Consumer,Latin America,Chile,Technology,Accessories,3290.56,5,0.05,511.22
ORD-2024-10956,2024-01-29,CUST-1006,Olivia Brown 69,Home Office,Latin America,Chile,Office Supplies,Paper,121.21,1,0.15,52.08
ORD-2024-10957,2024-12-22,CUST-1032,James Taylor 90,Corporate,Europe,Germany,Furniture,Chairs,3903.44,6,0.1,346.35
ORD-2024-10958,2024-08-11,CUST-1014,Olivia Brown 30,Consumer,North America,United States,Furniture,Furnishings,333.23,1,0.3,33.32
ORD-2024-10959,2024-01-30,CUST-1019,Alex Rivera 17,Corporate,Europe,France,Technology,Accessories,2075.51,4,0.1,378.63
ORD-2024-10960,2024-07-22,CUST-1122,Emma Watson 85,Consumer,North America,Canada,Office Supplies,Binders,734.05,6,0.05,244.48
ORD-2024-10961,2024-06-03,CUST-1093,Benjamin Anderson 38,Home Office,Europe,Italy,Furniture,Bookcases,1146.66,2,0.0,136.83
ORD-2024-10962,2024-07-29,CUST-1124,Noah Davis 11,Consumer,Europe,Italy,Technology,Accessories,4534.04,4,0.0,1102.21
ORD-2024-10963,2025-02-21,CUST-1036,Alex Rivera 31,Home Office,Latin America,Chile,Furniture,Chairs,59.37,1,0.1,6.27
ORD-2024-10964,2024-07-15,CUST-1076,Emma Watson 8,Corporate,Latin America,Mexico,Technology,Printers,594.91,1,0.05,119.83
ORD-2024-10965,2024-04-04,CUST-1110,Benjamin Anderson 7,Home Office,Asia Pacific,Japan,Office Supplies,Storage,1268.62,6,0.1,562.09
ORD-2024-10966,2024-10-29,CUST-1055,Alex Rivera 44,Home Office,Latin America,Mexico,Office Supplies,Paper,998.52,7,0.3,479.03
ORD-2024-10967,2024-05-27,CUST-1136,Mia Martinez 55,Home Office,Asia Pacific,Australia,Furniture,Tables,2315.07,4,0.05,536.04
ORD-2024-10968,2024-05-23,CUST-1070,Emma Watson 32,Home Office,Asia Pacific,Singapore,Office Supplies,Art,86.72,5,0.1,24.34
ORD-2024-10969,2024-05-08,CUST-1003,Emma Watson 40,Home Office,Asia Pacific,Singapore,Technology,Printers,5896.56,8,0.0,1572.08
ORD-2024-10970,2025-05-09,CUST-1091,Mia Martinez 82,Home Office,Europe,Spain,Technology,Monitors,5652.56,5,0.2,1627.16
ORD-2024-10971,2025-05-03,CUST-1016,Mia Martinez 24,Corporate,Asia Pacific,Singapore,Furniture,Desks,628.6,3,0.05,140.96
ORD-2024-10972,2024-12-01,CUST-1012,Olivia Brown 15,Home Office,North America,United States,Office Supplies,Appliances,1299.24,6,0.0,475.55
ORD-2024-10973,2024-04-26,CUST-1015,Noah Davis 33,Consumer,Asia Pacific,Japan,Office Supplies,Binders,150.3,2,0.2,50.07
ORD-2024-10974,2024-09-18,CUST-1019,Olivia Brown 27,Corporate,Asia Pacific,India,Technology,Printers,3971.13,3,0.0,919.85
ORD-2024-10975,2025-02-07,CUST-1092,Sophia Wilson 53,Home Office,Asia Pacific,India,Furniture,Furnishings,440.22,6,0.0,47.62
ORD-2024-10976,2024-03-17,CUST-1006,Emma Watson 78,Consumer,Asia Pacific,Singapore,Technology,Printers,881.74,1,0.3,292.35
ORD-2024-10977,2024-07-14,CUST-1020,Emma Watson 29,Home Office,Latin America,Chile,Office Supplies,Paper,170.74,1,0.2,58.34
ORD-2024-10978,2024-09-25,CUST-1133,Mia Martinez 41,Corporate,Europe,Italy,Furniture,Desks,1690.11,6,0.05,238.58
ORD-2024-10979,2025-01-18,CUST-1029,Olivia Brown 57,Home Office,Latin America,Mexico,Technology,Accessories,1576.53,2,0.1,493.98
ORD-2024-10980,2024-11-05,CUST-1058,Mia Martinez 54,Consumer,Europe,Italy,Technology,Printers,2489.35,3,0.2,535.38
ORD-2024-10981,2024-05-26,CUST-1087,Sophia Wilson 16,Consumer,Latin America,Mexico,Office Supplies,Binders,563.31,4,0.05,260.77
ORD-2024-10982,2024-01-08,CUST-1042,Emma Watson 54,Corporate,Latin America,Chile,Technology,Laptops,9202.41,7,0.0,2967.88
ORD-2024-10983,2024-02-07,CUST-1033,Benjamin Anderson 68,Corporate,Latin America,Mexico,Technology,Printers,2994.99,4,0.3,668.92
ORD-2024-10984,2024-06-21,CUST-1086,Charlotte Thomas 78,Home Office,North America,United States,Technology,Accessories,7001.56,7,0.3,1837.48
ORD-2024-10985,2025-03-03,CUST-1111,Noah Davis 97,Corporate,Europe,United Kingdom,Office Supplies,Appliances,298.9,2,0.35,-14.95
ORD-2024-10986,2024-10-30,CUST-1094,Mia Martinez 49,Corporate,Latin America,Brazil,Office Supplies,Appliances,146.36,2,0.05,42.33
ORD-2024-10987,2024-06-23,CUST-1012,Charlotte Thomas 67,Home Office,Latin America,Mexico,Furniture,Tables,823.45,3,0.05,48.08
ORD-2024-10988,2025-04-28,CUST-1053,James Taylor 67,Corporate,Asia Pacific,Japan,Furniture,Bookcases,783.86,5,0.1,115.48
ORD-2024-10989,2024-04-24,CUST-1043,Noah Davis 34,Home Office,North America,United States,Office Supplies,Storage,140.29,4,0.2,63.36
ORD-2024-10990,2025-01-21,CUST-1043,Alex Rivera 77,Consumer,Europe,Germany,Furniture,Chairs,1308.64,5,0.2,177.06
ORD-2024-10991,2024-08-15,CUST-1133,Liam Smith 59,Corporate,North America,United States,Furniture,Tables,797.89,2,0.05,198.37
ORD-2024-10992,2025-01-09,CUST-1029,Sophia Wilson 11,Home Office,Europe,Germany,Furniture,Desks,1828.77,5,0.15,322.09
ORD-2024-10993,2024-09-19,CUST-1018,Sophia Wilson 5,Corporate,North America,Canada,Technology,Monitors,713.17,1,0.3,218.82
ORD-2024-10994,2024-05-05,CUST-1035,Charlotte Thomas 49,Consumer,Europe,France,Furniture,Desks,868.1,3,0.3,129.65
ORD-2024-10995,2024-03-08,CUST-1050,Emma Watson 67,Home Office,Europe,Germany,Furniture,Chairs,1086.85,4,0.35,-54.34
ORD-2024-10996,2024-08-02,CUST-1067,Charlotte Thomas 49,Home Office,Europe,France,Furniture,Furnishings,1465.32,3,0.1,319.64
ORD-2024-10997,2025-03-24,CUST-1074,Mia Martinez 63,Home Office,Latin America,Chile,Furniture,Furnishings,780.37,2,0.05,56.56
ORD-2024-10998,2025-03-27,CUST-1073,James Taylor 58,Corporate,Europe,Spain,Technology,Laptops,2885.73,6,0.35,-144.29
ORD-2024-10999,2024-12-22,CUST-1101,Liam Smith 62,Corporate,Latin America,Chile,Technology,Smartphones,1676.61,4,0.15,276.98
ORD-2024-11000,2025-01-30,CUST-1082,Noah Davis 87,Corporate,Latin America,Mexico,Furniture,Tables,314.11,1,0.1,46.21
ORD-2024-11001,2024-04-22,CUST-1086,Alex Rivera 40,Corporate,Latin America,Brazil,Office Supplies,Binders,221.82,2,0.2,85.01
ORD-2024-11002,2024-03-07,CUST-1138,Alex Rivera 93,Consumer,Latin America,Brazil,Office Supplies,Storage,320.5,2,0.3,68.83
ORD-2024-11003,2024-04-17,CUST-1092,Benjamin Anderson 26,Consumer,Latin America,Chile,Technology,Accessories,6576.28,6,0.1,1666.09
ORD-2024-11004,2024-10-10,CUST-1063,Alex Rivera 5,Consumer,North America,Canada,Furniture,Chairs,838.55,5,0.0,80.5
ORD-2024-11005,2025-01-30,CUST-1063,Alex Rivera 35,Home Office,North America,Canada,Office Supplies,Art,207.45,5,0.0,46.25
ORD-2024-11006,2024-09-15,CUST-1106,Alex Rivera 2,Home Office,Europe,Germany,Office Supplies,Appliances,640.74,4,0.2,293.32
ORD-2024-11007,2025-02-05,CUST-1082,James Taylor 66,Home Office,North America,Canada,Furniture,Tables,707.0,5,0.3,116.82
ORD-2024-11008,2024-07-11,CUST-1074,James Taylor 12,Consumer,Latin America,Chile,Furniture,Tables,895.29,4,0.15,47.85
ORD-2024-11009,2024-09-11,CUST-1100,Sophia Wilson 98,Home Office,North America,Canada,Technology,Monitors,9740.72,7,0.05,2549.84
ORD-2024-11010,2024-09-01,CUST-1144,Emma Watson 83,Corporate,Asia Pacific,Australia,Office Supplies,Paper,93.74,3,0.05,43.07
ORD-2024-11011,2024-09-07,CUST-1063,Emma Watson 19,Corporate,Latin America,Chile,Office Supplies,Appliances,163.66,1,0.15,45.11
ORD-2024-11012,2024-06-08,CUST-1086,Liam Smith 5,Corporate,Latin America,Brazil,Furniture,Desks,3944.19,8,0.2,591.48
ORD-2024-11013,2025-05-06,CUST-1060,Sophia Wilson 60,Home Office,Latin America,Chile,Office Supplies,Paper,1132.39,7,0.3,252.81
ORD-2024-11014,2024-03-06,CUST-1003,Liam Smith 67,Home Office,North America,United States,Technology,Printers,2630.08,2,0.0,976.75
ORD-2024-11015,2024-09-10,CUST-1043,Benjamin Anderson 63,Consumer,Latin America,Mexico,Technology,Accessories,864.39,5,0.3,328.89
ORD-2024-11016,2024-12-12,CUST-1069,Benjamin Anderson 42,Home Office,Asia Pacific,Australia,Technology,Accessories,2633.66,4,0.2,1021.86
ORD-2024-11017,2024-07-09,CUST-1132,Charlotte Thomas 33,Corporate,Latin America,Brazil,Furniture,Desks,1385.44,8,0.0,157.3
ORD-2024-11018,2024-04-01,CUST-1038,Mia Martinez 9,Consumer,Asia Pacific,Australia,Technology,Smartphones,5061.48,6,0.0,836.55
ORD-2024-11019,2024-08-27,CUST-1040,Emma Watson 45,Home Office,Europe,France,Office Supplies,Paper,1047.11,5,0.1,467.25
ORD-2024-11020,2025-03-20,CUST-1109,Charlotte Thomas 94,Corporate,Asia Pacific,India,Furniture,Furnishings,1823.04,4,0.0,307.23
ORD-2024-11021,2024-02-22,CUST-1055,Noah Davis 23,Corporate,North America,United States,Office Supplies,Appliances,1037.99,7,0.1,386.86
ORD-2024-11022,2025-03-12,CUST-1070,Charlotte Thomas 86,Corporate,Europe,United Kingdom,Technology,Laptops,1929.85,2,0.35,-96.49
ORD-2024-11023,2024-03-25,CUST-1121,Alex Rivera 42,Consumer,North America,United States,Office Supplies,Art,807.12,8,0.1,234.68
ORD-2024-11024,2025-01-24,CUST-1030,Olivia Brown 72,Corporate,Latin America,Mexico,Office Supplies,Art,456.96,6,0.2,102.11
ORD-2024-11025,2024-11-05,CUST-1054,Liam Smith 82,Corporate,Europe,Spain,Office Supplies,Art,446.67,5,0.3,105.45
ORD-2024-11026,2025-04-05,CUST-1111,Sophia Wilson 23,Consumer,Asia Pacific,India,Office Supplies,Storage,591.49,4,0.2,217.63
ORD-2024-11027,2025-04-16,CUST-1048,James Taylor 48,Consumer,North America,United States,Furniture,Bookcases,355.6,1,0.2,39.85
ORD-2024-11028,2024-02-18,CUST-1094,Noah Davis 65,Consumer,Asia Pacific,Japan,Office Supplies,Storage,1148.0,7,0.0,572.53
ORD-2024-11029,2024-12-26,CUST-1064,Noah Davis 81,Consumer,North America,Canada,Office Supplies,Art,714.95,8,0.3,330.65
ORD-2024-11030,2025-01-19,CUST-1139,Emma Watson 5,Corporate,North America,United States,Office Supplies,Binders,657.06,3,0.0,214.12
ORD-2024-11031,2025-03-09,CUST-1030,Alex Rivera 57,Home Office,North America,Canada,Technology,Monitors,1327.26,4,0.3,402.82
ORD-2024-11032,2024-01-09,CUST-1085,Sophia Wilson 91,Consumer,Asia Pacific,Japan,Office Supplies,Art,109.93,1,0.0,28.35
ORD-2024-11033,2025-01-24,CUST-1128,Liam Smith 94,Corporate,North America,United States,Furniture,Chairs,718.59,4,0.3,108.57
ORD-2024-11034,2024-03-29,CUST-1000,Noah Davis 36,Home Office,Asia Pacific,Japan,Furniture,Tables,761.81,2,0.2,179.83
ORD-2024-11035,2024-02-15,CUST-1029,Emma Watson 24,Home Office,North America,United States,Furniture,Furnishings,493.97,1,0.05,102.62
ORD-2024-11036,2024-04-21,CUST-1095,Mia Martinez 11,Home Office,Europe,France,Office Supplies,Binders,511.33,3,0.1,110.45
ORD-2024-11037,2024-12-27,CUST-1073,Liam Smith 36,Consumer,Asia Pacific,India,Technology,Laptops,1776.04,4,0.05,701.22
ORD-2024-11038,2024-05-12,CUST-1112,Noah Davis 12,Corporate,Asia Pacific,Singapore,Furniture,Furnishings,1161.75,3,0.0,278.74
ORD-2024-11039,2024-10-26,CUST-1098,Liam Smith 69,Home Office,Europe,Spain,Furniture,Bookcases,1027.95,5,0.0,156.92
ORD-2024-11040,2024-04-17,CUST-1066,Olivia Brown 60,Corporate,North America,United States,Office Supplies,Binders,793.92,8,0.2,235.71
ORD-2024-11041,2024-10-15,CUST-1096,Charlotte Thomas 5,Corporate,North America,Canada,Technology,Laptops,3663.36,6,0.1,1142.86
ORD-2024-11042,2024-02-21,CUST-1047,Sophia Wilson 40,Consumer,Latin America,Chile,Technology,Smartphones,4501.7,8,0.2,1323.46
ORD-2024-11043,2024-08-10,CUST-1102,Mia Martinez 32,Corporate,Asia Pacific,Singapore,Furniture,Tables,880.42,4,0.2,63.01
ORD-2024-11044,2024-08-06,CUST-1068,Charlotte Thomas 52,Home Office,North America,United States,Office Supplies,Binders,740.35,4,0.2,315.06
ORD-2024-11045,2024-03-07,CUST-1085,Alex Rivera 12,Corporate,Europe,France,Furniture,Tables,113.11,1,0.35,-5.66
ORD-2024-11046,2025-03-28,CUST-1044,Noah Davis 40,Consumer,Europe,United Kingdom,Technology,Printers,540.9,4,0.35,-27.05
ORD-2024-11047,2025-03-08,CUST-1095,Alex Rivera 62,Consumer,Asia Pacific,Japan,Furniture,Furnishings,1921.31,4,0.15,352.92
ORD-2024-11048,2025-03-01,CUST-1118,Olivia Brown 98,Consumer,Latin America,Brazil,Furniture,Desks,1889.51,6,0.1,404.28
ORD-2024-11049,2025-01-08,CUST-1108,Charlotte Thomas 51,Home Office,North America,Canada,Furniture,Furnishings,199.98,3,0.05,24.76
ORD-2024-11050,2024-06-23,CUST-1128,Alex Rivera 79,Home Office,Latin America,Brazil,Office Supplies,Binders,172.56,4,0.0,45.45
ORD-2024-11051,2024-08-10,CUST-1023,Sophia Wilson 50,Home Office,Europe,Spain,Technology,Accessories,4174.0,8,0.0,898.47
ORD-2024-11052,2025-05-03,CUST-1107,Liam Smith 21,Corporate,North America,Canada,Technology,Accessories,1475.89,2,0.3,539.61
ORD-2024-11053,2025-02-15,CUST-1003,Liam Smith 41,Consumer,Latin America,Chile,Furniture,Chairs,2466.87,7,0.15,503.91
ORD-2024-11054,2024-06-04,CUST-1108,Noah Davis 95,Home Office,North America,Canada,Office Supplies,Storage,947.71,6,0.2,465.83
ORD-2024-11055,2024-02-27,CUST-1045,James Taylor 69,Corporate,North America,United States,Technology,Accessories,6775.64,5,0.05,1888.53
ORD-2024-11056,2024-11-10,CUST-1116,James Taylor 7,Corporate,Asia Pacific,Japan,Technology,Printers,586.85,1,0.2,188.73
ORD-2024-11057,2024-05-09,CUST-1108,Sophia Wilson 87,Corporate,North America,Canada,Technology,Accessories,498.76,1,0.15,115.29
ORD-2024-11058,2024-11-21,CUST-1009,Charlotte Thomas 15,Corporate,North America,Canada,Technology,Laptops,378.76,2,0.05,125.63
ORD-2024-11059,2024-11-20,CUST-1126,James Taylor 36,Corporate,Latin America,Chile,Office Supplies,Binders,1844.08,8,0.0,411.16
ORD-2024-11060,2024-07-09,CUST-1009,Liam Smith 78,Home Office,North America,Canada,Office Supplies,Paper,387.05,5,0.15,123.94
ORD-2024-11061,2024-04-04,CUST-1065,Emma Watson 56,Consumer,Europe,Italy,Furniture,Bookcases,1432.73,4,0.3,300.57
ORD-2024-11062,2024-07-10,CUST-1146,Mia Martinez 28,Corporate,Asia Pacific,Australia,Furniture,Furnishings,3681.31,7,0.05,683.4
ORD-2024-11063,2024-05-19,CUST-1001,James Taylor 27,Consumer,Latin America,Chile,Technology,Accessories,2755.32,6,0.0,565.75
ORD-2024-11064,2024-01-10,CUST-1083,Olivia Brown 9,Home Office,Asia Pacific,India,Office Supplies,Art,779.28,6,0.2,246.81
ORD-2024-11065,2025-04-21,CUST-1142,Alex Rivera 44,Corporate,Asia Pacific,Singapore,Furniture,Desks,3013.1,8,0.05,471.39
ORD-2024-11066,2024-03-28,CUST-1099,Noah Davis 52,Consumer,North America,Canada,Office Supplies,Storage,161.68,6,0.1,46.49
ORD-2024-11067,2024-06-10,CUST-1115,Mia Martinez 4,Consumer,Europe,Italy,Furniture,Furnishings,336.28,1,0.1,54.24
ORD-2024-11068,2024-09-08,CUST-1060,James Taylor 69,Consumer,Latin America,Chile,Technology,Smartphones,2567.84,4,0.0,751.57
ORD-2024-11069,2024-04-01,CUST-1040,James Taylor 71,Corporate,Asia Pacific,Australia,Furniture,Furnishings,1088.47,6,0.3,77.42
ORD-2024-11070,2025-03-28,CUST-1081,Benjamin Anderson 69,Home Office,Latin America,Brazil,Furniture,Tables,2624.88,5,0.15,213.65
ORD-2024-11071,2025-03-23,CUST-1045,James Taylor 37,Consumer,Asia Pacific,India,Office Supplies,Binders,295.8,2,0.15,110.64
ORD-2024-11072,2024-08-02,CUST-1107,James Taylor 25,Home Office,North America,United States,Technology,Monitors,1536.46,2,0.2,449.64
ORD-2024-11073,2024-07-28,CUST-1005,Sophia Wilson 79,Consumer,Europe,Italy,Office Supplies,Art,1045.5,6,0.0,442.13
ORD-2024-11074,2025-03-28,CUST-1099,Benjamin Anderson 66,Consumer,Europe,Spain,Furniture,Desks,471.67,4,0.35,-23.58
ORD-2024-11075,2024-02-03,CUST-1007,Olivia Brown 74,Corporate,Latin America,Brazil,Office Supplies,Appliances,442.62,4,0.05,217.7
ORD-2024-11076,2024-09-13,CUST-1028,Charlotte Thomas 43,Consumer,Europe,Spain,Office Supplies,Paper,8.15,1,0.3,3.28
ORD-2024-11077,2025-03-19,CUST-1133,Mia Martinez 50,Consumer,Latin America,Mexico,Office Supplies,Appliances,33.18,1,0.15,11.42
ORD-2024-11078,2025-01-06,CUST-1015,Noah Davis 51,Home Office,North America,Canada,Furniture,Furnishings,3549.26,8,0.15,736.42
ORD-2024-11079,2024-02-23,CUST-1037,Noah Davis 98,Home Office,North America,United States,Furniture,Tables,1545.84,3,0.05,323.25
ORD-2024-11080,2024-04-17,CUST-1067,Emma Watson 43,Home Office,North America,Canada,Office Supplies,Art,857.7,5,0.1,247.52
ORD-2024-11081,2024-08-15,CUST-1084,Mia Martinez 90,Corporate,Asia Pacific,Japan,Technology,Laptops,779.88,1,0.05,288.59
ORD-2024-11082,2024-10-15,CUST-1092,Noah Davis 40,Home Office,Europe,Italy,Office Supplies,Storage,694.79,8,0.3,200.42
ORD-2024-11083,2025-01-15,CUST-1032,Liam Smith 78,Corporate,Latin America,Mexico,Office Supplies,Binders,53.5,4,0.2,15.56
ORD-2024-11084,2024-10-26,CUST-1003,Noah Davis 47,Home Office,Latin America,Mexico,Office Supplies,Binders,584.11,3,0.2,266.23
ORD-2024-11085,2024-06-09,CUST-1133,Sophia Wilson 49,Corporate,Europe,Italy,Furniture,Desks,2891.0,7,0.0,531.22
ORD-2024-11086,2024-02-03,CUST-1087,Olivia Brown 40,Consumer,Europe,United Kingdom,Furniture,Furnishings,886.91,2,0.3,79.28
ORD-2024-11087,2024-09-12,CUST-1117,Charlotte Thomas 82,Consumer,Europe,United Kingdom,Furniture,Chairs,627.97,2,0.1,95.13
ORD-2024-11088,2024-05-18,CUST-1141,Benjamin Anderson 95,Home Office,North America,United States,Furniture,Furnishings,1591.96,4,0.1,333.44
ORD-2024-11089,2024-04-03,CUST-1062,Olivia Brown 89,Home Office,Latin America,Brazil,Technology,Monitors,2286.9,5,0.0,767.89
ORD-2024-11090,2025-01-10,CUST-1016,Liam Smith 67,Corporate,North America,United States,Technology,Laptops,6199.29,8,0.15,1082.19
ORD-2024-11091,2025-03-27,CUST-1013,Sophia Wilson 82,Consumer,Europe,Spain,Technology,Printers,515.87,4,0.35,-25.79
ORD-2024-11092,2024-04-20,CUST-1124,Noah Davis 73,Consumer,Latin America,Brazil,Office Supplies,Art,629.06,4,0.2,277.87
ORD-2024-11093,2024-11-10,CUST-1116,Alex Rivera 33,Corporate,Asia Pacific,India,Office Supplies,Binders,568.77,8,0.2,162.17
ORD-2024-11094,2024-11-26,CUST-1076,Noah Davis 69,Consumer,Asia Pacific,Singapore,Office Supplies,Appliances,1045.84,8,0.0,515.78
ORD-2024-11095,2025-04-29,CUST-1046,Mia Martinez 1,Corporate,Latin America,Mexico,Technology,Laptops,848.14,7,0.3,191.82
ORD-2024-11096,2025-04-18,CUST-1113,Sophia Wilson 82,Home Office,Europe,United Kingdom,Technology,Laptops,1722.46,5,0.1,588.4
ORD-2024-11097,2024-08-29,CUST-1026,Noah Davis 79,Consumer,Europe,France,Technology,Laptops,3329.6,3,0.05,1007.31
ORD-2024-11098,2024-03-21,CUST-1083,Benjamin Anderson 61,Home Office,Latin America,Chile,Furniture,Desks,5397.34,8,0.1,670.12
ORD-2024-11099,2024-06-05,CUST-1085,Sophia Wilson 96,Corporate,Latin America,Mexico,Furniture,Furnishings,2416.12,7,0.0,489.13
ORD-2024-11100,2024-07-25,CUST-1014,James Taylor 46,Home Office,Europe,Spain,Furniture,Chairs,2522.82,4,0.05,460.19
ORD-2024-11101,2024-05-11,CUST-1075,Sophia Wilson 4,Corporate,Latin America,Mexico,Furniture,Furnishings,1785.92,4,0.05,309.88
ORD-2024-11102,2024-08-13,CUST-1070,Emma Watson 10,Consumer,Europe,France,Office Supplies,Art,1887.68,8,0.0,819.95
ORD-2024-11103,2024-07-18,CUST-1124,Olivia Brown 36,Home Office,Latin America,Brazil,Technology,Smartphones,3953.08,5,0.2,958.08
ORD-2024-11104,2025-04-17,CUST-1072,Emma Watson 61,Consumer,North America,Canada,Office Supplies,Art,498.79,3,0.2,144.48
ORD-2024-11105,2024-04-12,CUST-1143,Emma Watson 57,Consumer,Asia Pacific,Singapore,Office Supplies,Appliances,195.84,1,0.05,84.53
ORD-2024-11106,2024-02-04,CUST-1080,Sophia Wilson 99,Corporate,Europe,United Kingdom,Furniture,Tables,1192.1,6,0.1,107.05
ORD-2024-11107,2025-05-12,CUST-1066,Noah Davis 78,Home Office,North America,United States,Technology,Printers,5494.48,8,0.0,1966.58
ORD-2024-11108,2024-01-31,CUST-1131,Sophia Wilson 3,Home Office,Latin America,Brazil,Office Supplies,Storage,1437.34,8,0.1,535.33
ORD-2024-11109,2024-11-20,CUST-1017,Emma Watson 73,Consumer,North America,United States,Office Supplies,Paper,945.54,8,0.2,373.54
ORD-2024-11110,2024-04-07,CUST-1018,James Taylor 36,Corporate,Latin America,Chile,Technology,Accessories,936.87,6,0.15,264.13
ORD-2024-11111,2024-12-20,CUST-1110,Alex Rivera 52,Home Office,Asia Pacific,Japan,Office Supplies,Art,52.31,4,0.1,17.17
ORD-2024-11112,2024-05-12,CUST-1057,Charlotte Thomas 87,Corporate,Latin America,Chile,Office Supplies,Binders,818.08,6,0.3,376.46
ORD-2024-11113,2024-03-19,CUST-1048,Liam Smith 27,Corporate,Europe,Germany,Technology,Monitors,607.57,1,0.35,-30.38
ORD-2024-11114,2025-05-03,CUST-1017,Sophia Wilson 41,Consumer,Europe,United Kingdom,Furniture,Desks,1749.0,5,0.05,414.97
ORD-2024-11115,2024-04-21,CUST-1090,Alex Rivera 18,Corporate,North America,Canada,Technology,Printers,4460.46,4,0.15,723.95
ORD-2024-11116,2024-08-12,CUST-1102,Olivia Brown 27,Corporate,North America,United States,Technology,Monitors,2616.03,2,0.05,887.23
ORD-2024-11117,2024-03-02,CUST-1125,Charlotte Thomas 46,Home Office,Asia Pacific,India,Technology,Laptops,7542.49,6,0.15,1612.74
ORD-2024-11118,2024-02-27,CUST-1116,Alex Rivera 1,Corporate,Latin America,Mexico,Technology,Accessories,2958.8,5,0.0,764.96
ORD-2024-11119,2025-03-10,CUST-1076,Olivia Brown 90,Consumer,Latin America,Mexico,Technology,Accessories,6696.42,6,0.0,1240.07
ORD-2024-11120,2024-05-07,CUST-1045,Charlotte Thomas 2,Consumer,Europe,United Kingdom,Office Supplies,Art,154.36,1,0.2,68.03
ORD-2024-11121,2025-03-19,CUST-1075,Sophia Wilson 80,Corporate,Europe,Spain,Technology,Laptops,2748.58,3,0.35,-137.43
ORD-2024-11122,2024-12-08,CUST-1046,Sophia Wilson 15,Consumer,North America,Canada,Technology,Accessories,3527.23,6,0.1,1077.49
ORD-2024-11123,2024-01-15,CUST-1006,Sophia Wilson 4,Corporate,North America,United States,Furniture,Chairs,1295.64,3,0.05,90.72
ORD-2024-11124,2024-06-27,CUST-1057,Emma Watson 54,Consumer,North America,Canada,Furniture,Tables,5260.04,8,0.05,1164.48
ORD-2024-11125,2025-02-18,CUST-1000,Noah Davis 61,Corporate,Asia Pacific,Australia,Furniture,Furnishings,551.12,2,0.15,81.87
ORD-2024-11126,2025-03-01,CUST-1146,Olivia Brown 17,Consumer,Europe,United Kingdom,Technology,Smartphones,5165.71,7,0.35,-258.29
ORD-2024-11127,2024-02-23,CUST-1063,Olivia Brown 33,Consumer,Asia Pacific,Singapore,Office Supplies,Art,809.45,5,0.05,241.53
ORD-2024-11128,2024-07-10,CUST-1037,Charlotte Thomas 95,Consumer,Latin America,Chile,Technology,Laptops,1397.38,1,0.05,431.31
ORD-2024-11129,2025-03-03,CUST-1060,Liam Smith 51,Corporate,North America,Canada,Furniture,Bookcases,1135.32,7,0.15,282.17
ORD-2024-11130,2024-08-20,CUST-1067,Benjamin Anderson 57,Consumer,Asia Pacific,Singapore,Furniture,Desks,1545.34,8,0.2,218.3
ORD-2024-11131,2024-02-19,CUST-1087,Benjamin Anderson 34,Consumer,Asia Pacific,India,Office Supplies,Paper,724.62,3,0.0,194.3
ORD-2024-11132,2024-08-22,CUST-1028,Emma Watson 71,Home Office,Asia Pacific,Australia,Furniture,Bookcases,623.07,2,0.2,53.91
ORD-2024-11133,2025-02-23,CUST-1130,Olivia Brown 19,Home Office,Europe,Germany,Technology,Accessories,1983.17,3,0.2,723.82
ORD-2024-11134,2024-09-25,CUST-1012,Benjamin Anderson 47,Home Office,Europe,Italy,Technology,Accessories,641.38,3,0.3,197.92
ORD-2024-11135,2024-11-12,CUST-1057,Liam Smith 70,Home Office,Latin America,Brazil,Furniture,Chairs,4846.53,7,0.1,620.14
ORD-2024-11136,2024-09-24,CUST-1107,Mia Martinez 60,Corporate,Europe,France,Technology,Smartphones,2075.23,5,0.05,790.17
ORD-2024-11137,2024-11-09,CUST-1017,Alex Rivera 97,Corporate,Europe,United Kingdom,Furniture,Desks,2119.7,4,0.15,439.33
ORD-2024-11138,2024-11-26,CUST-1107,James Taylor 76,Consumer,Europe,France,Technology,Laptops,6877.86,5,0.05,2566.54
ORD-2024-11139,2024-03-04,CUST-1149,Liam Smith 27,Corporate,Europe,France,Furniture,Chairs,1714.6,5,0.35,-85.73
ORD-2024-11140,2024-11-17,CUST-1120,Olivia Brown 85,Corporate,Asia Pacific,Japan,Office Supplies,Appliances,166.67,2,0.3,50.4
ORD-2024-11141,2024-05-19,CUST-1010,James Taylor 33,Consumer,Latin America,Mexico,Office Supplies,Binders,1586.16,8,0.1,424.12
ORD-2024-11142,2024-02-22,CUST-1022,Charlotte Thomas 77,Corporate,Europe,Spain,Office Supplies,Art,200.16,2,0.1,90.61
ORD-2024-11143,2025-01-10,CUST-1070,Noah Davis 82,Home Office,Asia Pacific,India,Office Supplies,Storage,491.88,2,0.0,113.3
ORD-2024-11144,2025-02-16,CUST-1124,Olivia Brown 75,Corporate,Europe,Italy,Furniture,Bookcases,819.01,8,0.2,140.32
ORD-2024-11145,2024-10-16,CUST-1096,Charlotte Thomas 67,Home Office,Latin America,Brazil,Office Supplies,Paper,242.69,2,0.2,55.45
ORD-2024-11146,2025-05-09,CUST-1061,Sophia Wilson 75,Home Office,Latin America,Mexico,Office Supplies,Paper,634.78,8,0.15,236.14
ORD-2024-11147,2024-09-24,CUST-1009,James Taylor 81,Home Office,Latin America,Chile,Technology,Laptops,619.53,1,0.3,239.44
ORD-2024-11148,2024-02-20,CUST-1074,James Taylor 4,Home Office,Latin America,Mexico,Furniture,Bookcases,1131.41,4,0.1,157.49
ORD-2024-11149,2024-01-25,CUST-1083,Mia Martinez 90,Home Office,Asia Pacific,Australia,Technology,Monitors,4933.11,6,0.3,1234.91
ORD-2024-11150,2024-06-27,CUST-1044,Mia Martinez 12,Corporate,Asia Pacific,Australia,Furniture,Bookcases,176.36,2,0.3,23.14
ORD-2024-11151,2024-11-14,CUST-1127,Liam Smith 97,Corporate,Europe,France,Office Supplies,Art,677.81,8,0.1,289.04
ORD-2024-11152,2025-05-06,CUST-1043,Sophia Wilson 3,Consumer,Europe,Italy,Furniture,Furnishings,2300.68,5,0.2,362.7
ORD-2024-11153,2024-07-22,CUST-1019,Olivia Brown 12,Consumer,Latin America,Mexico,Technology,Accessories,5563.52,7,0.05,2115.89
ORD-2024-11154,2024-02-23,CUST-1075,Charlotte Thomas 73,Consumer,Asia Pacific,Australia,Furniture,Chairs,492.3,3,0.3,122.35
ORD-2024-11155,2024-01-14,CUST-1126,Olivia Brown 89,Consumer,Europe,United Kingdom,Furniture,Desks,755.39,5,0.05,183.5
ORD-2024-11156,2025-03-15,CUST-1123,Mia Martinez 54,Home Office,Europe,Spain,Technology,Monitors,4117.16,7,0.35,-205.86
ORD-2024-11157,2025-02-11,CUST-1093,Noah Davis 56,Corporate,Asia Pacific,Australia,Furniture,Furnishings,858.09,3,0.1,190.49
ORD-2024-11158,2024-12-25,CUST-1063,Benjamin Anderson 75,Consumer,North America,Canada,Office Supplies,Storage,98.42,4,0.3,29.97
ORD-2024-11159,2024-12-25,CUST-1141,Olivia Brown 60,Corporate,North America,Canada,Office Supplies,Art,905.17,7,0.0,439.87
ORD-2024-11160,2024-03-28,CUST-1005,Benjamin Anderson 58,Home Office,North America,Canada,Furniture,Desks,586.98,6,0.0,141.43
ORD-2024-11161,2024-05-21,CUST-1145,Noah Davis 94,Consumer,Latin America,Mexico,Office Supplies,Binders,690.73,4,0.3,231.83
ORD-2024-11162,2024-10-02,CUST-1077,Sophia Wilson 30,Home Office,Latin America,Brazil,Office Supplies,Appliances,68.38,1,0.2,14.76
ORD-2024-11163,2025-01-21,CUST-1091,Charlotte Thomas 16,Consumer,North America,Canada,Office Supplies,Binders,594.59,4,0.2,256.93
ORD-2024-11164,2024-04-01,CUST-1046,Alex Rivera 84,Corporate,North America,Canada,Technology,Smartphones,8470.0,7,0.15,2077.88
ORD-2024-11165,2024-08-30,CUST-1035,Sophia Wilson 24,Consumer,Asia Pacific,Singapore,Technology,Printers,10626.16,8,0.0,2084.23
ORD-2024-11166,2024-07-24,CUST-1051,Olivia Brown 45,Home Office,North America,Canada,Furniture,Chairs,354.32,1,0.2,22.03
ORD-2024-11167,2024-10-12,CUST-1015,Sophia Wilson 13,Consumer,North America,United States,Technology,Accessories,501.08,1,0.2,145.73
ORD-2024-11168,2025-03-15,CUST-1017,Liam Smith 25,Home Office,Latin America,Brazil,Office Supplies,Binders,341.87,2,0.3,161.97
ORD-2024-11169,2024-11-03,CUST-1095,Charlotte Thomas 23,Corporate,Europe,Italy,Technology,Printers,98.47,1,0.2,36.64
ORD-2024-11170,2025-02-10,CUST-1030,Noah Davis 38,Consumer,Asia Pacific,Australia,Office Supplies,Appliances,85.29,2,0.15,22.0
ORD-2024-11171,2024-03-20,CUST-1086,Mia Martinez 85,Home Office,Latin America,Mexico,Technology,Monitors,622.66,4,0.1,115.41
ORD-2024-11172,2025-05-06,CUST-1125,Olivia Brown 52,Consumer,Asia Pacific,Japan,Furniture,Furnishings,173.73,2,0.3,31.44
ORD-2024-11173,2025-04-11,CUST-1134,Charlotte Thomas 74,Home Office,Latin America,Chile,Office Supplies,Binders,198.42,3,0.15,85.13
ORD-2024-11174,2024-05-29,CUST-1109,James Taylor 56,Corporate,North America,Canada,Technology,Printers,1460.03,8,0.2,360.92
ORD-2024-11175,2024-09-11,CUST-1073,Alex Rivera 68,Consumer,Europe,Germany,Furniture,Furnishings,1282.87,3,0.3,144.62
ORD-2024-11176,2024-01-25,CUST-1136,Alex Rivera 7,Corporate,Latin America,Brazil,Furniture,Furnishings,437.72,7,0.3,66.39
ORD-2024-11177,2025-03-10,CUST-1045,Benjamin Anderson 48,Home Office,North America,United States,Technology,Printers,4001.06,4,0.3,920.55
ORD-2024-11178,2024-12-31,CUST-1052,Mia Martinez 27,Home Office,North America,United States,Furniture,Desks,1305.43,2,0.1,66.51
ORD-2024-11179,2024-05-03,CUST-1084,Liam Smith 50,Consumer,Asia Pacific,India,Technology,Laptops,899.74,4,0.2,285.34
ORD-2024-11180,2025-03-27,CUST-1108,Charlotte Thomas 91,Home Office,Asia Pacific,Australia,Office Supplies,Storage,91.98,1,0.15,41.12
ORD-2024-11181,2024-07-12,CUST-1071,Olivia Brown 63,Corporate,North America,Canada,Technology,Printers,1052.08,4,0.0,325.51
ORD-2024-11182,2024-02-29,CUST-1040,Mia Martinez 9,Consumer,Asia Pacific,Australia,Office Supplies,Storage,1507.46,7,0.1,544.01
ORD-2024-11183,2024-05-25,CUST-1145,Noah Davis 14,Consumer,Latin America,Brazil,Technology,Monitors,4871.49,4,0.05,1361.86
ORD-2024-11184,2024-01-19,CUST-1120,Mia Martinez 14,Consumer,Europe,Germany,Furniture,Desks,214.15,2,0.05,29.38
ORD-2024-11185,2024-07-08,CUST-1112,Liam Smith 57,Home Office,North America,United States,Technology,Accessories,135.03,1,0.05,31.78
ORD-2024-11186,2025-05-01,CUST-1064,Liam Smith 45,Corporate,Europe,Germany,Furniture,Tables,659.28,5,0.2,41.36
ORD-2024-11187,2024-04-04,CUST-1049,Sophia Wilson 85,Home Office,Latin America,Brazil,Furniture,Chairs,2730.28,5,0.2,224.48
ORD-2024-11188,2024-10-07,CUST-1081,Alex Rivera 15,Home Office,North America,Canada,Office Supplies,Appliances,29.8,3,0.3,14.3
ORD-2024-11189,2024-07-08,CUST-1009,Liam Smith 14,Home Office,Europe,Germany,Furniture,Chairs,2643.37,7,0.2,195.42
ORD-2024-11190,2024-04-24,CUST-1009,Charlotte Thomas 70,Consumer,North America,Canada,Office Supplies,Art,462.85,7,0.15,218.96
ORD-2024-11191,2024-05-01,CUST-1125,Charlotte Thomas 33,Corporate,Latin America,Mexico,Technology,Printers,4798.09,6,0.05,892.93
ORD-2024-11192,2024-11-22,CUST-1044,James Taylor 33,Consumer,Asia Pacific,Japan,Furniture,Bookcases,1074.33,8,0.15,206.42
ORD-2024-11193,2024-10-04,CUST-1058,James Taylor 17,Home Office,Asia Pacific,Australia,Furniture,Tables,3991.23,8,0.3,560.62
ORD-2024-11194,2025-05-02,CUST-1099,Mia Martinez 47,Corporate,Asia Pacific,India,Technology,Monitors,1042.72,4,0.3,206.19
ORD-2024-11195,2024-04-09,CUST-1093,Mia Martinez 71,Corporate,Asia Pacific,Singapore,Technology,Printers,449.1,2,0.2,140.59
ORD-2024-11196,2024-06-02,CUST-1105,Alex Rivera 26,Consumer,Asia Pacific,Australia,Office Supplies,Art,1562.15,7,0.05,754.46
ORD-2024-11197,2024-01-13,CUST-1052,James Taylor 73,Home Office,Europe,France,Office Supplies,Appliances,1089.87,7,0.2,473.61
ORD-2024-11198,2024-04-11,CUST-1038,James Taylor 41,Corporate,Europe,United Kingdom,Furniture,Bookcases,355.44,1,0.3,24.67
ORD-2024-11199,2024-02-03,CUST-1021,Alex Rivera 2,Consumer,Asia Pacific,Japan,Furniture,Bookcases,576.44,3,0.05,64.28
ORD-2024-11200,2024-02-03,CUST-1092,Charlotte Thomas 41,Home Office,Latin America,Mexico,Furniture,Desks,427.7,2,0.2,35.06
ORD-2024-11201,2025-03-26,CUST-1038,Liam Smith 54,Consumer,Latin America,Brazil,Office Supplies,Appliances,563.08,5,0.3,255.86
ORD-2024-11202,2024-05-07,CUST-1029,Liam Smith 57,Consumer,North America,United States,Furniture,Tables,1003.59,3,0.0,167.84
ORD-2024-11203,2025-02-22,CUST-1092,Mia Martinez 75,Home Office,Europe,Spain,Technology,Printers,7690.57,6,0.1,3052.8
ORD-2024-11204,2025-03-29,CUST-1094,Emma Watson 23,Consumer,Asia Pacific,India,Technology,Smartphones,4171.75,4,0.3,960.23
ORD-2024-11205,2024-12-30,CUST-1021,Sophia Wilson 78,Corporate,North America,Canada,Technology,Accessories,4124.1,4,0.2,907.56
ORD-2024-11206,2024-09-23,CUST-1006,Mia Martinez 41,Consumer,North America,United States,Office Supplies,Storage,460.85,7,0.1,97.76
ORD-2024-11207,2025-01-18,CUST-1117,Emma Watson 43,Home Office,North America,United States,Office Supplies,Paper,167.68,1,0.1,52.69
ORD-2024-11208,2025-04-08,CUST-1120,James Taylor 50,Consumer,Asia Pacific,India,Furniture,Bookcases,3881.54,7,0.15,743.14
ORD-2024-11209,2024-03-08,CUST-1088,Noah Davis 71,Consumer,Latin America,Mexico,Furniture,Chairs,1029.03,2,0.3,239.42
ORD-2024-11210,2025-03-17,CUST-1130,Emma Watson 3,Consumer,North America,United States,Technology,Laptops,1464.5,3,0.2,513.11
ORD-2024-11211,2025-02-02,CUST-1022,Emma Watson 2,Home Office,North America,Canada,Office Supplies,Paper,266.0,8,0.3,122.9
ORD-2024-11212,2025-02-06,CUST-1027,Charlotte Thomas 16,Consumer,Europe,United Kingdom,Office Supplies,Paper,109.08,2,0.0,35.98
ORD-2024-11213,2024-12-17,CUST-1059,Olivia Brown 7,Home Office,North America,Canada,Furniture,Furnishings,544.54,4,0.3,134.82
ORD-2024-11214,2024-11-05,CUST-1047,Mia Martinez 37,Home Office,North America,Canada,Technology,Monitors,253.56,3,0.05,54.72
ORD-2024-11215,2025-03-25,CUST-1138,Charlotte Thomas 25,Home Office,North America,United States,Technology,Laptops,4883.15,4,0.05,1214.28
ORD-2024-11216,2025-03-04,CUST-1075,Charlotte Thomas 53,Home Office,Asia Pacific,Australia,Furniture,Bookcases,2138.72,4,0.2,109.92
ORD-2024-11217,2025-03-31,CUST-1064,Noah Davis 97,Consumer,North America,United States,Technology,Printers,455.04,1,0.2,154.22
ORD-2024-11218,2024-08-08,CUST-1020,Mia Martinez 2,Home Office,North America,Canada,Office Supplies,Storage,284.06,2,0.2,79.18
ORD-2024-11219,2025-03-05,CUST-1081,Mia Martinez 46,Home Office,Latin America,Mexico,Furniture,Bookcases,2988.29,6,0.2,746.53
ORD-2024-11220,2024-04-07,CUST-1058,Charlotte Thomas 22,Consumer,Asia Pacific,India,Furniture,Tables,1745.02,7,0.15,390.42
ORD-2024-11221,2024-08-25,CUST-1115,Liam Smith 19,Home Office,Latin America,Mexico,Technology,Laptops,5876.77,7,0.3,1100.99
ORD-2024-11222,2024-07-06,CUST-1003,James Taylor 85,Consumer,Europe,Italy,Technology,Laptops,1277.35,7,0.15,239.47
ORD-2024-11223,2024-06-21,CUST-1050,Alex Rivera 64,Corporate,Europe,France,Office Supplies,Storage,413.82,8,0.2,172.61
ORD-2024-11224,2024-08-09,CUST-1111,Liam Smith 63,Home Office,North America,Canada,Technology,Smartphones,9172.42,8,0.2,2039.31
ORD-2024-11225,2024-04-30,CUST-1132,Mia Martinez 28,Corporate,Latin America,Brazil,Furniture,Desks,1063.79,5,0.3,184.78
ORD-2024-11226,2024-11-09,CUST-1031,Charlotte Thomas 17,Home Office,Asia Pacific,Singapore,Office Supplies,Storage,550.02,3,0.1,203.29
ORD-2024-11227,2024-08-30,CUST-1016,Alex Rivera 58,Corporate,Latin America,Brazil,Technology,Accessories,4440.91,6,0.3,1682.81
ORD-2024-11228,2025-05-12,CUST-1121,Noah Davis 72,Corporate,Asia Pacific,Australia,Technology,Accessories,3331.64,4,0.3,993.52
ORD-2024-11229,2024-05-01,CUST-1063,Mia Martinez 73,Corporate,North America,Canada,Office Supplies,Paper,245.26,3,0.2,72.72
ORD-2024-11230,2024-09-27,CUST-1125,Mia Martinez 78,Home Office,Asia Pacific,Japan,Furniture,Tables,2215.74,5,0.3,174.19
ORD-2024-11231,2025-03-10,CUST-1015,Mia Martinez 32,Consumer,North America,Canada,Furniture,Furnishings,1112.16,3,0.1,268.4
ORD-2024-11232,2024-09-05,CUST-1080,Charlotte Thomas 69,Consumer,Europe,Italy,Office Supplies,Paper,56.66,1,0.3,26.37
ORD-2024-11233,2024-09-25,CUST-1129,Noah Davis 32,Corporate,Latin America,Chile,Technology,Accessories,1216.62,3,0.1,190.18
ORD-2024-11234,2024-11-29,CUST-1107,Emma Watson 48,Corporate,Europe,Spain,Office Supplies,Art,1031.47,8,0.1,239.63
ORD-2024-11235,2024-05-20,CUST-1116,Noah Davis 26,Home Office,Latin America,Mexico,Technology,Monitors,262.52,1,0.0,42.82
ORD-2024-11236,2024-06-16,CUST-1141,Mia Martinez 48,Consumer,Asia Pacific,India,Office Supplies,Paper,820.74,6,0.15,207.98
ORD-2024-11237,2024-11-09,CUST-1008,Noah Davis 42,Home Office,North America,United States,Office Supplies,Binders,245.48,2,0.05,60.26
ORD-2024-11238,2024-09-24,CUST-1041,Olivia Brown 12,Corporate,Asia Pacific,Singapore,Technology,Printers,965.38,2,0.15,241.48
ORD-2024-11239,2024-02-01,CUST-1134,James Taylor 83,Corporate,Europe,Italy,Technology,Laptops,1290.37,2,0.1,266.91
ORD-2024-11240,2024-01-29,CUST-1142,Alex Rivera 7,Home Office,Europe,Spain,Technology,Smartphones,1485.72,4,0.05,577.36
ORD-2024-11241,2024-03-11,CUST-1128,Sophia Wilson 42,Corporate,Latin America,Brazil,Office Supplies,Storage,717.53,7,0.2,158.14
ORD-2024-11242,2024-04-12,CUST-1009,Olivia Brown 30,Home Office,Latin America,Brazil,Furniture,Chairs,2333.71,6,0.2,536.09
ORD-2024-11243,2024-03-25,CUST-1101,Olivia Brown 20,Home Office,North America,Canada,Furniture,Furnishings,2199.35,7,0.05,477.18
ORD-2024-11244,2025-01-21,CUST-1065,Sophia Wilson 26,Corporate,Asia Pacific,India,Technology,Accessories,4616.58,8,0.2,1809.39
ORD-2024-11245,2024-12-09,CUST-1131,James Taylor 27,Consumer,North America,United States,Furniture,Chairs,2307.02,4,0.05,465.91
ORD-2024-11246,2025-01-11,CUST-1076,Olivia Brown 76,Corporate,Asia Pacific,India,Technology,Laptops,4203.37,5,0.05,1167.59
ORD-2024-11247,2024-06-07,CUST-1003,Olivia Brown 24,Corporate,Europe,Spain,Office Supplies,Art,1242.97,8,0.15,473.0
ORD-2024-11248,2024-03-25,CUST-1125,Mia Martinez 72,Home Office,Asia Pacific,Australia,Technology,Monitors,232.31,1,0.0,70.81
ORD-2024-11249,2025-03-14,CUST-1002,Noah Davis 1,Corporate,Latin America,Mexico,Office Supplies,Appliances,481.38,2,0.0,149.43
ORD-2024-11250,2024-11-26,CUST-1048,James Taylor 95,Corporate,North America,Canada,Furniture,Chairs,273.1,1,0.0,30.15
ORD-2024-11251,2024-05-14,CUST-1116,Olivia Brown 16,Home Office,North America,Canada,Technology,Smartphones,815.56,4,0.15,299.68
ORD-2024-11252,2024-10-23,CUST-1142,Noah Davis 35,Consumer,Latin America,Brazil,Office Supplies,Binders,302.38,7,0.3,94.71
ORD-2024-11253,2024-01-20,CUST-1127,James Taylor 60,Corporate,Europe,Germany,Office Supplies,Paper,586.56,5,0.3,166.86
ORD-2024-11254,2024-09-02,CUST-1051,Noah Davis 4,Home Office,Asia Pacific,Australia,Technology,Printers,984.56,1,0.2,353.31
ORD-2024-11255,2024-08-10,CUST-1143,Mia Martinez 30,Home Office,North America,Canada,Furniture,Chairs,3390.07,8,0.15,538.74
ORD-2024-11256,2024-07-10,CUST-1095,Benjamin Anderson 70,Consumer,Asia Pacific,Singapore,Furniture,Desks,2474.32,6,0.15,610.42
ORD-2024-11257,2025-01-27,CUST-1074,Liam Smith 87,Corporate,Latin America,Mexico,Furniture,Chairs,1354.35,3,0.1,318.2
ORD-2024-11258,2024-11-26,CUST-1119,Mia Martinez 97,Home Office,Europe,Germany,Furniture,Furnishings,1772.93,3,0.2,209.79
ORD-2024-11259,2024-11-19,CUST-1040,Charlotte Thomas 18,Consumer,Latin America,Brazil,Furniture,Chairs,634.3,1,0.2,44.89
ORD-2024-11260,2024-01-03,CUST-1065,Benjamin Anderson 86,Consumer,Europe,France,Furniture,Chairs,1411.78,6,0.2,335.14
ORD-2024-11261,2024-09-24,CUST-1100,Olivia Brown 74,Corporate,Latin America,Chile,Technology,Laptops,7519.97,8,0.05,2696.57
ORD-2024-11262,2025-04-03,CUST-1048,Alex Rivera 65,Consumer,Latin America,Brazil,Technology,Accessories,2667.42,7,0.1,950.42
ORD-2024-11263,2024-10-04,CUST-1024,Olivia Brown 4,Consumer,North America,Canada,Technology,Laptops,687.42,2,0.0,146.67
ORD-2024-11264,2025-05-01,CUST-1030,James Taylor 46,Home Office,Latin America,Brazil,Office Supplies,Appliances,516.92,7,0.1,135.71
ORD-2024-11265,2024-08-07,CUST-1122,Charlotte Thomas 76,Consumer,Latin America,Brazil,Furniture,Bookcases,1097.67,5,0.3,158.85
ORD-2024-11266,2025-02-12,CUST-1098,Benjamin Anderson 99,Consumer,Latin America,Chile,Office Supplies,Appliances,1770.8,8,0.0,556.01
ORD-2024-11267,2025-05-07,CUST-1124,Emma Watson 61,Corporate,North America,United States,Technology,Smartphones,4136.2,6,0.05,1244.59
ORD-2024-11268,2024-08-28,CUST-1008,Sophia Wilson 40,Home Office,Latin America,Brazil,Office Supplies,Art,78.7,3,0.2,36.11
ORD-2024-11269,2025-02-03,CUST-1007,Benjamin Anderson 57,Consumer,Europe,Spain,Furniture,Furnishings,307.02,1,0.1,51.31
ORD-2024-11270,2024-12-23,CUST-1132,Mia Martinez 23,Corporate,Asia Pacific,Australia,Technology,Accessories,6535.13,7,0.0,2102.36
ORD-2024-11271,2025-05-10,CUST-1019,Olivia Brown 62,Corporate,Europe,Germany,Furniture,Desks,566.42,1,0.1,49.02
ORD-2024-11272,2024-06-23,CUST-1149,Mia Martinez 30,Home Office,Latin America,Chile,Technology,Smartphones,658.35,3,0.3,259.85
ORD-2024-11273,2024-11-05,CUST-1144,Alex Rivera 57,Corporate,Asia Pacific,India,Technology,Monitors,5689.82,6,0.3,1626.56
ORD-2024-11274,2024-08-02,CUST-1121,Alex Rivera 36,Corporate,Latin America,Brazil,Technology,Smartphones,2311.01,6,0.15,578.52
ORD-2024-11275,2025-04-15,CUST-1062,Liam Smith 16,Consumer,Europe,Germany,Office Supplies,Binders,949.26,8,0.3,473.64
ORD-2024-11276,2024-07-10,CUST-1142,Noah Davis 62,Consumer,Europe,Italy,Furniture,Chairs,1785.05,4,0.05,141.87
ORD-2024-11277,2024-03-09,CUST-1100,Alex Rivera 48,Consumer,North America,United States,Office Supplies,Storage,135.49,1,0.1,62.88
ORD-2024-11278,2024-03-11,CUST-1081,Olivia Brown 62,Consumer,Europe,Spain,Furniture,Tables,410.65,3,0.35,-20.53
ORD-2024-11279,2024-11-17,CUST-1138,Emma Watson 19,Home Office,Europe,Italy,Technology,Smartphones,1213.31,2,0.2,231.96
ORD-2024-11280,2024-11-16,CUST-1105,Sophia Wilson 29,Corporate,Latin America,Brazil,Furniture,Chairs,4921.0,7,0.0,435.61
ORD-2024-11281,2025-01-06,CUST-1095,James Taylor 58,Home Office,Europe,United Kingdom,Furniture,Furnishings,3734.0,7,0.3,837.81
ORD-2024-11282,2024-11-21,CUST-1040,Olivia Brown 77,Home Office,Asia Pacific,India,Technology,Printers,6522.25,7,0.0,1894.2
ORD-2024-11283,2024-12-26,CUST-1037,Alex Rivera 48,Corporate,Latin America,Mexico,Furniture,Bookcases,1499.15,6,0.1,331.43
ORD-2024-11284,2024-08-28,CUST-1130,Mia Martinez 50,Home Office,Europe,Spain,Furniture,Chairs,2729.14,6,0.2,418.65
ORD-2024-11285,2024-11-19,CUST-1016,Noah Davis 81,Corporate,Asia Pacific,Singapore,Office Supplies,Appliances,368.68,6,0.05,136.34
ORD-2024-11286,2024-06-27,CUST-1078,Olivia Brown 43,Home Office,Latin America,Mexico,Furniture,Furnishings,1177.25,4,0.2,268.54
ORD-2024-11287,2024-03-12,CUST-1075,Olivia Brown 88,Home Office,Asia Pacific,Singapore,Technology,Printers,2718.24,3,0.0,900.14
ORD-2024-11288,2025-03-24,CUST-1074,Olivia Brown 27,Home Office,Asia Pacific,Australia,Office Supplies,Art,595.0,7,0.15,246.99
ORD-2024-11289,2025-04-22,CUST-1145,Mia Martinez 69,Corporate,Europe,France,Office Supplies,Paper,395.42,7,0.2,195.8
ORD-2024-11290,2024-01-02,CUST-1017,Olivia Brown 33,Corporate,Latin America,Chile,Office Supplies,Storage,882.26,7,0.05,246.78
ORD-2024-11291,2024-08-06,CUST-1125,Charlotte Thomas 14,Corporate,Latin America,Mexico,Furniture,Chairs,278.64,2,0.1,56.29
ORD-2024-11292,2024-01-28,CUST-1010,Emma Watson 36,Consumer,Asia Pacific,Australia,Technology,Printers,370.95,1,0.0,65.98
ORD-2024-11293,2025-05-15,CUST-1070,Noah Davis 56,Consumer,Europe,United Kingdom,Office Supplies,Appliances,587.8,5,0.2,179.91
ORD-2024-11294,2024-05-01,CUST-1038,Alex Rivera 71,Home Office,Asia Pacific,Australia,Technology,Printers,350.04,1,0.05,60.48
ORD-2024-11295,2025-01-14,CUST-1069,Mia Martinez 16,Consumer,Europe,Spain,Technology,Laptops,2087.62,3,0.05,792.06
ORD-2024-11296,2024-05-23,CUST-1027,Alex Rivera 31,Home Office,Asia Pacific,India,Office Supplies,Appliances,1625.64,8,0.05,438.36
ORD-2024-11297,2025-03-09,CUST-1020,James Taylor 92,Corporate,Latin America,Brazil,Office Supplies,Art,1498.98,7,0.0,543.2
ORD-2024-11298,2024-05-19,CUST-1052,Mia Martinez 56,Home Office,Asia Pacific,Singapore,Technology,Printers,4764.34,7,0.15,1437.11
ORD-2024-11299,2024-07-09,CUST-1036,Emma Watson 77,Home Office,Latin America,Brazil,Furniture,Desks,1088.59,6,0.15,114.12
ORD-2024-11300,2025-01-01,CUST-1074,Olivia Brown 49,Home Office,Latin America,Brazil,Office Supplies,Appliances,116.59,2,0.15,48.26
ORD-2024-11301,2024-01-12,CUST-1099,Charlotte Thomas 45,Corporate,Latin America,Brazil,Furniture,Tables,4151.91,7,0.0,570.77
ORD-2024-11302,2024-06-27,CUST-1058,Noah Davis 47,Corporate,Latin America,Brazil,Technology,Laptops,5168.72,4,0.0,2040.56
ORD-2024-11303,2024-07-05,CUST-1012,Olivia Brown 12,Home Office,Europe,Germany,Office Supplies,Appliances,35.23,2,0.2,16.9
ORD-2024-11304,2024-08-19,CUST-1038,Noah Davis 19,Corporate,Asia Pacific,Australia,Technology,Printers,992.69,2,0.05,365.26
ORD-2024-11305,2024-11-13,CUST-1013,Charlotte Thomas 84,Home Office,Europe,France,Office Supplies,Art,672.83,3,0.05,138.03
ORD-2024-11306,2025-05-07,CUST-1050,Charlotte Thomas 92,Consumer,North America,United States,Furniture,Desks,2882.94,8,0.2,582.85
ORD-2024-11307,2025-01-05,CUST-1045,Liam Smith 69,Consumer,Europe,Germany,Furniture,Desks,499.81,1,0.2,75.42
ORD-2024-11308,2024-01-30,CUST-1100,Liam Smith 22,Consumer,Latin America,Brazil,Technology,Laptops,6257.28,6,0.2,2163.7
ORD-2024-11309,2024-08-24,CUST-1062,Mia Martinez 23,Home Office,North America,United States,Technology,Monitors,1957.4,2,0.15,360.11
ORD-2024-11310,2024-05-27,CUST-1117,Benjamin Anderson 63,Home Office,Latin America,Chile,Office Supplies,Art,1250.54,8,0.3,603.99
ORD-2024-11311,2024-06-30,CUST-1147,James Taylor 97,Corporate,Latin America,Brazil,Office Supplies,Art,38.28,1,0.05,8.5
ORD-2024-11312,2024-07-07,CUST-1076,Emma Watson 78,Corporate,Latin America,Mexico,Furniture,Bookcases,516.12,8,0.05,103.26
ORD-2024-11313,2024-04-20,CUST-1111,Liam Smith 58,Home Office,Europe,France,Furniture,Desks,532.92,4,0.15,53.6
ORD-2024-11314,2024-07-23,CUST-1119,Mia Martinez 48,Consumer,Latin America,Brazil,Furniture,Chairs,491.44,3,0.3,115.27
ORD-2024-11315,2024-05-31,CUST-1095,Alex Rivera 45,Corporate,Latin America,Chile,Furniture,Chairs,2393.66,6,0.2,383.75
ORD-2024-11316,2024-01-21,CUST-1122,Emma Watson 46,Corporate,Europe,France,Office Supplies,Binders,24.04,2,0.05,10.18
ORD-2024-11317,2024-10-14,CUST-1069,Alex Rivera 4,Home Office,Europe,Italy,Furniture,Chairs,1854.1,6,0.2,263.39
ORD-2024-11318,2024-11-14,CUST-1083,Noah Davis 48,Consumer,North America,Canada,Furniture,Tables,435.91,1,0.3,89.74
ORD-2024-11319,2025-01-08,CUST-1144,Benjamin Anderson 9,Consumer,Latin America,Mexico,Office Supplies,Art,881.36,5,0.05,213.87
ORD-2024-11320,2025-04-13,CUST-1050,Emma Watson 79,Corporate,Asia Pacific,India,Technology,Smartphones,135.38,1,0.05,26.89
ORD-2024-11321,2024-10-18,CUST-1049,James Taylor 20,Corporate,Asia Pacific,Australia,Technology,Smartphones,280.82,1,0.1,93.18
ORD-2024-11322,2025-02-06,CUST-1016,Olivia Brown 60,Consumer,Latin America,Brazil,Technology,Printers,5916.48,6,0.2,1964.16
ORD-2024-11323,2024-07-09,CUST-1120,Noah Davis 74,Home Office,Asia Pacific,Singapore,Office Supplies,Binders,681.04,5,0.2,295.22
ORD-2024-11324,2024-05-05,CUST-1057,Alex Rivera 56,Corporate,Asia Pacific,Singapore,Office Supplies,Storage,908.11,7,0.0,441.01
ORD-2024-11325,2024-06-02,CUST-1065,Emma Watson 19,Home Office,Europe,United Kingdom,Technology,Printers,1911.49,2,0.3,545.83
ORD-2024-11326,2024-07-04,CUST-1105,James Taylor 54,Home Office,Asia Pacific,Singapore,Technology,Laptops,1739.75,8,0.3,289.81
ORD-2024-11327,2024-06-09,CUST-1014,James Taylor 52,Corporate,Europe,Spain,Furniture,Chairs,1802.04,6,0.0,201.11
ORD-2024-11328,2024-09-06,CUST-1125,James Taylor 76,Consumer,Latin America,Mexico,Technology,Accessories,1148.55,3,0.1,217.99
ORD-2024-11329,2024-06-16,CUST-1096,Emma Watson 13,Consumer,North America,United States,Technology,Monitors,963.94,2,0.3,300.74
ORD-2024-11330,2024-01-27,CUST-1000,Mia Martinez 23,Consumer,Europe,France,Furniture,Bookcases,1099.08,2,0.0,91.27
ORD-2024-11331,2024-06-07,CUST-1084,Emma Watson 5,Home Office,North America,United States,Office Supplies,Paper,787.13,4,0.05,369.26
ORD-2024-11332,2025-02-25,CUST-1125,Emma Watson 35,Home Office,Asia Pacific,Japan,Office Supplies,Storage,276.93,8,0.2,126.2
ORD-2024-11333,2024-03-21,CUST-1131,Emma Watson 64,Home Office,Europe,France,Technology,Printers,2515.62,3,0.35,-125.78
ORD-2024-11334,2024-08-19,CUST-1091,Benjamin Anderson 40,Corporate,Latin America,Mexico,Technology,Accessories,3899.1,4,0.05,1034.52
ORD-2024-11335,2024-12-26,CUST-1039,Alex Rivera 11,Consumer,North America,United States,Technology,Printers,466.34,2,0.1,159.76
ORD-2024-11336,2024-12-18,CUST-1081,Charlotte Thomas 31,Home Office,Latin America,Mexico,Furniture,Chairs,2615.9,5,0.3,240.54
ORD-2024-11337,2024-08-30,CUST-1008,Sophia Wilson 21,Corporate,Europe,France,Technology,Smartphones,529.38,5,0.15,104.1
ORD-2024-11338,2024-09-11,CUST-1118,James Taylor 91,Corporate,Latin America,Brazil,Furniture,Tables,1631.4,3,0.0,365.16
ORD-2024-11339,2024-03-25,CUST-1064,James Taylor 12,Corporate,Asia Pacific,Australia,Technology,Laptops,3029.98,8,0.1,1141.78
ORD-2024-11340,2025-01-04,CUST-1046,James Taylor 5,Consumer,Asia Pacific,Singapore,Office Supplies,Storage,154.56,2,0.15,66.69
ORD-2024-11341,2025-05-11,CUST-1128,Olivia Brown 28,Consumer,Asia Pacific,Singapore,Office Supplies,Art,759.9,4,0.15,327.45
ORD-2024-11342,2025-01-09,CUST-1010,Mia Martinez 93,Home Office,Asia Pacific,India,Technology,Accessories,3092.88,7,0.2,948.77
ORD-2024-11343,2025-02-09,CUST-1016,Mia Martinez 54,Corporate,Europe,France,Office Supplies,Binders,412.4,5,0.3,187.91
ORD-2024-11344,2025-02-22,CUST-1058,Charlotte Thomas 33,Corporate,Asia Pacific,Japan,Office Supplies,Binders,149.95,8,0.05,47.85
ORD-2024-11345,2024-08-08,CUST-1012,Emma Watson 36,Home Office,Latin America,Brazil,Office Supplies,Storage,165.36,1,0.15,82.13
ORD-2024-11346,2024-04-19,CUST-1136,Benjamin Anderson 37,Consumer,Europe,Spain,Office Supplies,Storage,210.16,4,0.0,85.23
ORD-2024-11347,2024-02-10,CUST-1084,Olivia Brown 62,Consumer,North America,United States,Office Supplies,Storage,176.99,5,0.3,49.05
ORD-2024-11348,2024-03-23,CUST-1109,Olivia Brown 94,Consumer,Asia Pacific,Japan,Furniture,Bookcases,1596.82,2,0.0,393.72
ORD-2024-11349,2025-03-23,CUST-1031,Alex Rivera 31,Consumer,Asia Pacific,Australia,Technology,Printers,3579.46,8,0.2,646.18
ORD-2024-11350,2024-12-08,CUST-1071,Emma Watson 46,Consumer,Asia Pacific,Australia,Furniture,Desks,1606.43,5,0.3,86.18
ORD-2024-11351,2025-04-12,CUST-1022,Emma Watson 21,Consumer,Asia Pacific,Australia,Office Supplies,Appliances,339.6,6,0.0,102.58
ORD-2024-11352,2024-07-18,CUST-1110,Emma Watson 66,Corporate,Europe,United Kingdom,Technology,Monitors,1379.32,2,0.3,285.09
ORD-2024-11353,2024-12-02,CUST-1126,Benjamin Anderson 99,Corporate,Latin America,Mexico,Office Supplies,Storage,57.79,1,0.0,19.41
ORD-2024-11354,2024-01-02,CUST-1146,Sophia Wilson 3,Home Office,Asia Pacific,Singapore,Furniture,Chairs,6217.52,8,0.0,477.6
ORD-2024-11355,2024-02-19,CUST-1133,Benjamin Anderson 99,Consumer,Europe,Spain,Furniture,Furnishings,4782.6,6,0.0,836.9
ORD-2024-11356,2024-01-17,CUST-1081,Olivia Brown 40,Home Office,Latin America,Mexico,Technology,Smartphones,552.93,5,0.3,216.21
ORD-2024-11357,2024-03-11,CUST-1066,James Taylor 20,Corporate,Asia Pacific,India,Technology,Monitors,4295.38,8,0.1,1437.48
ORD-2024-11358,2024-07-27,CUST-1005,Alex Rivera 37,Corporate,Europe,Germany,Technology,Monitors,1685.03,2,0.1,300.51
ORD-2024-11359,2025-05-14,CUST-1067,Sophia Wilson 41,Consumer,Europe,Italy,Technology,Monitors,4866.12,4,0.0,1066.31
ORD-2024-11360,2025-03-06,CUST-1140,Benjamin Anderson 11,Home Office,Asia Pacific,Singapore,Technology,Printers,1033.44,1,0.1,392.41
ORD-2024-11361,2024-08-03,CUST-1023,Sophia Wilson 35,Home Office,North America,United States,Technology,Smartphones,1427.56,1,0.0,532.27
ORD-2024-11362,2024-01-22,CUST-1120,Sophia Wilson 52,Home Office,North America,Canada,Technology,Monitors,5657.24,4,0.0,1321.05
ORD-2024-11363,2024-04-04,CUST-1145,Emma Watson 81,Consumer,Latin America,Brazil,Office Supplies,Binders,172.21,4,0.15,34.72
ORD-2024-11364,2024-09-24,CUST-1069,Charlotte Thomas 94,Consumer,Latin America,Chile,Technology,Smartphones,4589.9,7,0.05,1635.18
ORD-2024-11365,2024-05-29,CUST-1088,Liam Smith 52,Home Office,Latin America,Chile,Furniture,Bookcases,331.48,2,0.3,44.43
ORD-2024-11366,2024-11-27,CUST-1127,Alex Rivera 15,Corporate,Europe,France,Office Supplies,Binders,207.75,2,0.3,57.06
ORD-2024-11367,2024-12-30,CUST-1010,Olivia Brown 32,Home Office,North America,United States,Office Supplies,Art,150.88,4,0.1,73.6
ORD-2024-11368,2024-10-21,CUST-1000,Olivia Brown 92,Consumer,North America,Canada,Technology,Accessories,1063.02,3,0.05,351.94
ORD-2024-11369,2025-02-06,CUST-1031,Sophia Wilson 42,Corporate,Latin America,Chile,Office Supplies,Storage,325.98,4,0.3,79.47
ORD-2024-11370,2024-07-18,CUST-1090,Olivia Brown 86,Home Office,Europe,Spain,Furniture,Bookcases,1890.45,5,0.0,258.35
ORD-2024-11371,2024-03-22,CUST-1015,Alex Rivera 96,Corporate,Asia Pacific,Australia,Furniture,Chairs,1919.65,3,0.1,203.22
ORD-2024-11372,2024-08-06,CUST-1003,Mia Martinez 98,Home Office,North America,Canada,Furniture,Bookcases,4052.24,8,0.05,760.55
ORD-2024-11373,2024-05-21,CUST-1122,James Taylor 35,Consumer,Latin America,Brazil,Furniture,Desks,176.01,4,0.3,25.91
ORD-2024-11374,2024-04-22,CUST-1141,Benjamin Anderson 83,Consumer,North America,Canada,Office Supplies,Storage,243.52,2,0.1,111.68
ORD-2024-11375,2024-09-21,CUST-1079,James Taylor 3,Consumer,North America,United States,Furniture,Bookcases,1380.29,3,0.3,206.23
ORD-2024-11376,2024-09-27,CUST-1000,Liam Smith 3,Corporate,Latin America,Chile,Furniture,Chairs,1232.28,3,0.0,242.17
ORD-2024-11377,2025-01-04,CUST-1108,Noah Davis 90,Corporate,Europe,Spain,Office Supplies,Appliances,873.9,6,0.0,274.38
ORD-2024-11378,2024-11-15,CUST-1050,Olivia Brown 42,Consumer,Asia Pacific,Singapore,Furniture,Desks,3415.14,8,0.05,465.02
ORD-2024-11379,2024-10-14,CUST-1004,Emma Watson 14,Home Office,Europe,United Kingdom,Furniture,Chairs,1140.83,7,0.2,284.28
ORD-2024-11380,2024-02-07,CUST-1026,Benjamin Anderson 57,Home Office,Europe,United Kingdom,Office Supplies,Binders,124.86,2,0.0,34.58
ORD-2024-11381,2025-04-15,CUST-1104,Emma Watson 36,Home Office,Latin America,Brazil,Technology,Accessories,2782.94,2,0.0,977.8
ORD-2024-11382,2025-02-09,CUST-1137,Olivia Brown 6,Corporate,Asia Pacific,Australia,Office Supplies,Paper,1765.4,8,0.05,774.51
ORD-2024-11383,2025-03-30,CUST-1084,Emma Watson 12,Home Office,Europe,Italy,Furniture,Chairs,1444.29,6,0.35,-72.21
ORD-2024-11384,2024-10-11,CUST-1042,Alex Rivera 95,Consumer,North America,Canada,Technology,Laptops,3493.53,4,0.3,563.51
ORD-2024-11385,2024-04-01,CUST-1050,Olivia Brown 26,Consumer,Asia Pacific,India,Technology,Printers,1201.17,3,0.0,215.57
ORD-2024-11386,2025-04-12,CUST-1052,Sophia Wilson 81,Corporate,Latin America,Brazil,Office Supplies,Paper,535.68,3,0.15,167.9
ORD-2024-11387,2024-03-28,CUST-1095,Alex Rivera 69,Consumer,Latin America,Brazil,Technology,Laptops,970.86,3,0.15,171.95
ORD-2024-11388,2024-04-27,CUST-1042,Noah Davis 92,Home Office,Asia Pacific,India,Technology,Monitors,2844.58,4,0.15,728.84
ORD-2024-11389,2024-11-08,CUST-1113,Noah Davis 41,Corporate,Europe,Germany,Technology,Printers,3997.28,8,0.0,1473.72
ORD-2024-11390,2024-02-29,CUST-1032,Alex Rivera 30,Home Office,North America,Canada,Furniture,Furnishings,1753.02,3,0.0,269.25
ORD-2024-11391,2024-10-02,CUST-1059,Liam Smith 31,Consumer,North America,United States,Office Supplies,Appliances,54.11,2,0.1,15.06
ORD-2024-11392,2024-10-08,CUST-1034,Liam Smith 6,Corporate,Latin America,Brazil,Technology,Laptops,1715.62,2,0.2,320.74
ORD-2024-11393,2024-08-14,CUST-1018,James Taylor 93,Home Office,North America,Canada,Furniture,Desks,3366.0,6,0.0,190.59
ORD-2024-11394,2024-01-06,CUST-1006,Alex Rivera 93,Consumer,North America,Canada,Technology,Monitors,663.37,4,0.15,257.57
ORD-2024-11395,2024-02-20,CUST-1112,Benjamin Anderson 83,Corporate,North America,United States,Office Supplies,Binders,1260.82,6,0.15,506.41
ORD-2024-11396,2025-02-10,CUST-1129,Noah Davis 97,Corporate,Asia Pacific,Australia,Technology,Monitors,8885.74,8,0.1,2423.89
ORD-2024-11397,2025-04-11,CUST-1019,Liam Smith 23,Corporate,North America,Canada,Furniture,Tables,477.73,7,0.15,26.39
ORD-2024-11398,2024-11-02,CUST-1012,Alex Rivera 85,Corporate,Europe,Spain,Furniture,Bookcases,466.08,5,0.2,37.28
ORD-2024-11399,2024-07-12,CUST-1144,Emma Watson 31,Corporate,Europe,France,Office Supplies,Binders,1040.59,6,0.3,223.41
ORD-2024-11400,2024-06-07,CUST-1043,Charlotte Thomas 49,Home Office,North America,United States,Office Supplies,Art,86.37,4,0.05,27.9
ORD-2024-11401,2025-03-14,CUST-1142,Mia Martinez 80,Corporate,North America,United States,Technology,Smartphones,166.21,1,0.0,60.88
ORD-2024-11402,2024-05-09,CUST-1135,Emma Watson 72,Home Office,North America,Canada,Office Supplies,Storage,578.21,3,0.2,280.16
ORD-2024-11403,2024-09-12,CUST-1063,Benjamin Anderson 25,Corporate,Europe,Italy,Office Supplies,Paper,402.53,4,0.05,161.78
ORD-2024-11404,2024-03-13,CUST-1102,Charlotte Thomas 87,Corporate,Europe,Italy,Office Supplies,Storage,210.27,3,0.35,-10.51
ORD-2024-11405,2024-08-02,CUST-1033,Sophia Wilson 93,Home Office,Latin America,Brazil,Technology,Accessories,7221.5,5,0.0,1917.25
ORD-2024-11406,2024-01-21,CUST-1099,Noah Davis 81,Corporate,Europe,France,Furniture,Bookcases,664.72,1,0.05,86.85
ORD-2024-11407,2024-04-27,CUST-1094,Sophia Wilson 70,Home Office,Europe,France,Technology,Smartphones,7000.6,8,0.15,1588.66
ORD-2024-11408,2025-02-09,CUST-1071,Noah Davis 66,Home Office,North America,United States,Office Supplies,Paper,265.71,3,0.1,79.57
ORD-2024-11409,2025-05-12,CUST-1034,Mia Martinez 79,Home Office,North America,Canada,Technology,Accessories,949.76,1,0.1,199.17
ORD-2024-11410,2025-04-14,CUST-1055,Olivia Brown 98,Corporate,Europe,Italy,Furniture,Furnishings,486.73,2,0.15,95.25
ORD-2024-11411,2025-02-17,CUST-1036,Emma Watson 12,Consumer,Latin America,Chile,Furniture,Chairs,1741.46,4,0.05,293.72
ORD-2024-11412,2024-11-19,CUST-1050,Mia Martinez 28,Consumer,Latin America,Chile,Furniture,Desks,555.87,7,0.0,108.21
ORD-2024-11413,2025-05-04,CUST-1021,Charlotte Thomas 98,Home Office,Latin America,Mexico,Furniture,Chairs,2219.17,7,0.2,430.65
ORD-2024-11414,2024-09-25,CUST-1002,Alex Rivera 24,Consumer,North America,United States,Office Supplies,Paper,632.1,7,0.0,230.67
ORD-2024-11415,2025-03-04,CUST-1134,Alex Rivera 32,Home Office,Latin America,Mexico,Furniture,Tables,991.68,5,0.2,73.33
ORD-2024-11416,2025-01-06,CUST-1106,Alex Rivera 80,Home Office,Europe,Spain,Furniture,Furnishings,1932.18,3,0.0,126.08
ORD-2024-11417,2024-11-05,CUST-1018,Emma Watson 68,Home Office,Asia Pacific,Japan,Office Supplies,Storage,359.52,7,0.2,123.39
ORD-2024-11418,2025-03-05,CUST-1006,Charlotte Thomas 18,Corporate,Europe,United Kingdom,Office Supplies,Binders,460.16,3,0.35,-23.01
ORD-2024-11419,2024-05-20,CUST-1085,Sophia Wilson 54,Consumer,North America,Canada,Technology,Accessories,1296.88,7,0.3,208.43
ORD-2024-11420,2024-07-06,CUST-1005,Sophia Wilson 31,Corporate,Latin America,Mexico,Furniture,Chairs,879.0,2,0.0,175.16
ORD-2024-11421,2024-08-06,CUST-1004,Alex Rivera 25,Consumer,Europe,France,Furniture,Tables,1426.8,2,0.0,181.57
ORD-2024-11422,2024-12-16,CUST-1116,Emma Watson 42,Home Office,Europe,Germany,Technology,Laptops,2379.89,6,0.1,387.95
ORD-2024-11423,2024-08-08,CUST-1130,Benjamin Anderson 24,Corporate,North America,Canada,Office Supplies,Art,268.49,3,0.2,70.68
ORD-2024-11424,2024-09-25,CUST-1067,Noah Davis 96,Consumer,North America,United States,Furniture,Furnishings,408.27,8,0.05,48.39
ORD-2024-11425,2024-05-01,CUST-1122,Benjamin Anderson 95,Home Office,Europe,Spain,Technology,Laptops,1977.22,6,0.2,654.39
ORD-2024-11426,2024-01-28,CUST-1026,Sophia Wilson 58,Home Office,North America,United States,Office Supplies,Storage,447.07,2,0.1,127.74
ORD-2024-11427,2024-04-03,CUST-1004,Mia Martinez 33,Home Office,Europe,Spain,Office Supplies,Appliances,894.38,7,0.2,332.54
ORD-2024-11428,2024-07-11,CUST-1075,Benjamin Anderson 83,Home Office,Latin America,Brazil,Office Supplies,Storage,215.23,6,0.2,67.85
ORD-2024-11429,2025-05-02,CUST-1145,Olivia Brown 19,Corporate,North America,Canada,Technology,Monitors,5092.08,4,0.05,1897.49
ORD-2024-11430,2024-02-25,CUST-1047,Olivia Brown 38,Consumer,Latin America,Mexico,Office Supplies,Appliances,204.47,1,0.15,79.06
ORD-2024-11431,2024-01-12,CUST-1142,Mia Martinez 20,Corporate,North America,Canada,Furniture,Chairs,1116.05,3,0.3,104.0
ORD-2024-11432,2024-10-14,CUST-1058,Benjamin Anderson 78,Consumer,Asia Pacific,Singapore,Office Supplies,Binders,473.87,3,0.3,222.3
ORD-2024-11433,2025-01-22,CUST-1004,Noah Davis 1,Corporate,Latin America,Chile,Technology,Laptops,8575.5,7,0.1,1350.51
ORD-2024-11434,2025-02-15,CUST-1037,James Taylor 76,Corporate,Europe,Spain,Office Supplies,Storage,181.66,7,0.2,56.95
ORD-2024-11435,2024-07-27,CUST-1018,Olivia Brown 2,Home Office,Latin America,Mexico,Technology,Laptops,5608.42,6,0.2,1313.57
ORD-2024-11436,2025-04-17,CUST-1030,Noah Davis 25,Corporate,Latin America,Chile,Technology,Laptops,3657.64,5,0.2,797.28
ORD-2024-11437,2025-04-05,CUST-1010,Alex Rivera 22,Corporate,Europe,Germany,Technology,Monitors,4144.95,7,0.15,686.62
ORD-2024-11438,2024-01-29,CUST-1029,James Taylor 65,Consumer,North America,United States,Office Supplies,Binders,1232.64,6,0.0,264.25
ORD-2024-11439,2024-02-03,CUST-1096,Benjamin Anderson 8,Home Office,Asia Pacific,Japan,Furniture,Furnishings,629.22,6,0.0,88.49
ORD-2024-11440,2025-01-31,CUST-1045,Benjamin Anderson 26,Home Office,Latin America,Chile,Furniture,Desks,500.0,6,0.05,88.75
ORD-2024-11441,2024-05-18,CUST-1004,Mia Martinez 57,Corporate,Asia Pacific,India,Technology,Smartphones,8316.91,8,0.05,2757.1
ORD-2024-11442,2025-01-25,CUST-1105,Liam Smith 77,Consumer,Asia Pacific,Japan,Office Supplies,Paper,1058.46,8,0.3,410.28
ORD-2024-11443,2024-08-30,CUST-1098,Alex Rivera 21,Home Office,North America,Canada,Technology,Printers,7049.7,5,0.0,2767.53
ORD-2024-11444,2024-04-11,CUST-1051,Mia Martinez 30,Consumer,Europe,France,Furniture,Desks,1413.72,7,0.0,202.78
ORD-2024-11445,2025-04-19,CUST-1020,Mia Martinez 2,Consumer,Europe,Germany,Technology,Monitors,2184.0,7,0.0,447.1
ORD-2024-11446,2024-08-04,CUST-1060,Benjamin Anderson 86,Corporate,Europe,Spain,Furniture,Furnishings,2448.41,6,0.15,181.8
ORD-2024-11447,2024-04-21,CUST-1114,Emma Watson 86,Home Office,Asia Pacific,Singapore,Furniture,Furnishings,208.54,3,0.2,23.9
ORD-2024-11448,2024-03-13,CUST-1101,Noah Davis 66,Consumer,North America,Canada,Furniture,Bookcases,2707.08,4,0.15,246.28
ORD-2024-11449,2024-05-08,CUST-1026,James Taylor 61,Home Office,North America,United States,Furniture,Tables,1568.81,3,0.05,102.03
ORD-2024-11450,2025-03-02,CUST-1041,Emma Watson 63,Home Office,Europe,Germany,Office Supplies,Binders,330.6,7,0.35,-16.53
ORD-2024-11451,2024-06-23,CUST-1125,Charlotte Thomas 57,Consumer,Latin America,Brazil,Office Supplies,Binders,528.94,3,0.2,213.93
ORD-2024-11452,2024-06-12,CUST-1104,Alex Rivera 44,Consumer,Latin America,Chile,Technology,Printers,7113.58,7,0.15,2277.67
ORD-2024-11453,2024-03-01,CUST-1116,Mia Martinez 90,Consumer,Latin America,Mexico,Technology,Printers,2447.85,3,0.0,590.6
ORD-2024-11454,2024-01-02,CUST-1096,Benjamin Anderson 19,Consumer,Europe,United Kingdom,Technology,Accessories,1636.8,3,0.0,651.51
ORD-2024-11455,2024-12-13,CUST-1093,Alex Rivera 43,Home Office,Latin America,Brazil,Office Supplies,Storage,225.08,3,0.3,49.94
ORD-2024-11456,2024-11-29,CUST-1044,Emma Watson 74,Consumer,Asia Pacific,India,Furniture,Furnishings,3639.31,5,0.05,494.92
ORD-2024-11457,2024-11-07,CUST-1138,Noah Davis 70,Consumer,Europe,United Kingdom,Technology,Accessories,3398.39,4,0.3,1224.92
ORD-2024-11458,2024-08-09,CUST-1064,Benjamin Anderson 38,Home Office,Europe,France,Office Supplies,Storage,298.3,2,0.3,67.18
ORD-2024-11459,2024-06-26,CUST-1115,Benjamin Anderson 65,Corporate,North America,Canada,Technology,Accessories,4453.06,4,0.2,1115.11
ORD-2024-11460,2024-07-18,CUST-1122,Olivia Brown 70,Home Office,Europe,Germany,Office Supplies,Art,121.57,2,0.2,26.63
ORD-2024-11461,2024-11-17,CUST-1118,Mia Martinez 79,Home Office,Latin America,Mexico,Office Supplies,Binders,1207.86,7,0.2,421.75
ORD-2024-11462,2025-03-08,CUST-1039,Liam Smith 41,Home Office,Europe,Spain,Office Supplies,Paper,778.95,6,0.35,-38.95
ORD-2024-11463,2024-07-23,CUST-1047,Olivia Brown 48,Consumer,Asia Pacific,Japan,Office Supplies,Storage,1138.47,7,0.15,476.23
ORD-2024-11464,2024-06-18,CUST-1116,Charlotte Thomas 5,Consumer,North America,United States,Furniture,Furnishings,982.42,6,0.1,101.84
ORD-2024-11465,2024-04-03,CUST-1134,James Taylor 59,Home Office,Latin America,Brazil,Technology,Accessories,5954.55,5,0.05,1843.38
ORD-2024-11466,2024-11-20,CUST-1034,Benjamin Anderson 95,Home Office,Asia Pacific,India,Technology,Laptops,1540.04,2,0.1,386.9
ORD-2024-11467,2024-05-13,CUST-1020,Sophia Wilson 24,Home Office,Asia Pacific,India,Technology,Accessories,1612.85,3,0.15,623.39
ORD-2024-11468,2024-04-23,CUST-1056,Sophia Wilson 68,Home Office,Asia Pacific,Japan,Technology,Monitors,1454.17,7,0.1,351.11
ORD-2024-11469,2025-05-02,CUST-1125,Benjamin Anderson 34,Corporate,Asia Pacific,Japan,Office Supplies,Storage,861.48,5,0.1,230.24
ORD-2024-11470,2024-04-09,CUST-1078,Charlotte Thomas 16,Home Office,North America,United States,Furniture,Furnishings,392.53,1,0.05,60.57
ORD-2024-11471,2024-12-26,CUST-1085,Charlotte Thomas 31,Corporate,North America,United States,Furniture,Desks,622.62,2,0.1,67.7
ORD-2024-11472,2024-02-25,CUST-1083,Sophia Wilson 26,Consumer,Europe,United Kingdom,Furniture,Furnishings,4251.69,7,0.15,831.5
ORD-2024-11473,2025-05-01,CUST-1134,Emma Watson 31,Corporate,Latin America,Mexico,Technology,Smartphones,6853.87,5,0.05,2222.58
ORD-2024-11474,2024-11-25,CUST-1027,Noah Davis 99,Consumer,North America,Canada,Technology,Printers,873.26,2,0.3,260.17
ORD-2024-11475,2024-08-30,CUST-1143,Alex Rivera 78,Home Office,Europe,Spain,Technology,Accessories,1896.32,4,0.2,534.19
ORD-2024-11476,2025-03-14,CUST-1089,James Taylor 21,Consumer,Asia Pacific,India,Furniture,Chairs,4561.63,7,0.15,719.75
ORD-2024-11477,2024-05-23,CUST-1076,Liam Smith 18,Corporate,Asia Pacific,Singapore,Office Supplies,Storage,587.66,6,0.3,221.25
ORD-2024-11478,2025-05-08,CUST-1093,Sophia Wilson 92,Home Office,Asia Pacific,Australia,Office Supplies,Binders,166.18,2,0.0,73.74
ORD-2024-11479,2024-08-07,CUST-1085,Alex Rivera 18,Consumer,North America,United States,Technology,Accessories,1948.67,4,0.2,607.66
ORD-2024-11480,2024-04-28,CUST-1018,Olivia Brown 17,Home Office,North America,Canada,Furniture,Chairs,1113.8,6,0.1,162.73
ORD-2024-11481,2024-09-24,CUST-1052,James Taylor 72,Home Office,Europe,Germany,Furniture,Bookcases,1566.46,7,0.15,262.05
ORD-2024-11482,2025-01-01,CUST-1125,Liam Smith 64,Home Office,Europe,Spain,Furniture,Tables,2063.32,5,0.3,273.71
ORD-2024-11483,2025-01-17,CUST-1001,Liam Smith 47,Home Office,Europe,France,Furniture,Desks,1219.65,2,0.2,114.27
ORD-2024-11484,2025-02-20,CUST-1044,Benjamin Anderson 14,Home Office,Europe,United Kingdom,Technology,Laptops,764.95,3,0.3,116.1
ORD-2024-11485,2024-06-05,CUST-1023,Alex Rivera 49,Home Office,North America,United States,Office Supplies,Binders,833.64,8,0.05,217.74
ORD-2024-11486,2024-10-10,CUST-1118,Sophia Wilson 4,Home Office,Europe,Spain,Furniture,Furnishings,4405.19,8,0.05,913.57
ORD-2024-11487,2025-04-05,CUST-1089,Mia Martinez 60,Corporate,Asia Pacific,Singapore,Office Supplies,Storage,838.7,7,0.05,384.81
ORD-2024-11488,2025-04-27,CUST-1008,Sophia Wilson 19,Home Office,North America,Canada,Furniture,Furnishings,392.39,2,0.15,23.79
ORD-2024-11489,2025-03-20,CUST-1046,Mia Martinez 16,Home Office,Latin America,Brazil,Technology,Printers,3591.18,4,0.15,1245.43
ORD-2024-11490,2025-01-07,CUST-1055,Charlotte Thomas 84,Home Office,Europe,Germany,Furniture,Desks,502.35,4,0.3,66.51
ORD-2024-11491,2024-03-28,CUST-1025,James Taylor 42,Home Office,North America,Canada,Technology,Monitors,3275.37,4,0.05,757.51
ORD-2024-11492,2024-07-05,CUST-1062,Charlotte Thomas 70,Consumer,Asia Pacific,Singapore,Furniture,Tables,793.07,8,0.3,157.61
ORD-2024-11493,2024-09-09,CUST-1056,Liam Smith 51,Corporate,Europe,Germany,Office Supplies,Storage,290.6,5,0.2,128.8
ORD-2024-11494,2025-01-31,CUST-1127,Charlotte Thomas 92,Home Office,North America,United States,Furniture,Furnishings,5349.2,8,0.0,467.3
ORD-2024-11495,2024-03-30,CUST-1112,Emma Watson 21,Consumer,Asia Pacific,Australia,Office Supplies,Appliances,685.66,8,0.3,160.28
ORD-2024-11496,2024-09-08,CUST-1083,Liam Smith 75,Home Office,Europe,United Kingdom,Technology,Smartphones,2343.65,2,0.05,816.31
ORD-2024-11497,2024-07-22,CUST-1013,Benjamin Anderson 25,Consumer,North America,United States,Furniture,Furnishings,2666.94,8,0.2,401.89
ORD-2024-11498,2025-03-18,CUST-1145,Mia Martinez 45,Home Office,Europe,France,Office Supplies,Appliances,249.0,4,0.35,-12.45
ORD-2024-11499,2025-04-18,CUST-1015,Alex Rivera 26,Consumer,Asia Pacific,Singapore,Technology,Printers,5978.88,6,0.0,1584.72
ORD-2024-11500,2024-06-26,CUST-1041,Olivia Brown 94,Home Office,North America,United States,Technology,Monitors,1334.84,6,0.3,208.25
ORD-2024-11501,2024-06-04,CUST-1050,Mia Martinez 36,Home Office,Europe,Germany,Office Supplies,Binders,1361.36,7,0.15,306.03
ORD-2024-11502,2024-12-17,CUST-1127,Emma Watson 78,Consumer,Europe,Spain,Technology,Laptops,2126.27,2,0.05,402.61
ORD-2024-11503,2025-03-19,CUST-1117,James Taylor 60,Home Office,Europe,Germany,Technology,Monitors,1527.97,2,0.35,-76.4
ORD-2024-11504,2024-07-25,CUST-1026,Liam Smith 24,Consumer,North America,United States,Furniture,Desks,4501.1,8,0.05,403.25
ORD-2024-11505,2024-11-14,CUST-1054,Alex Rivera 38,Home Office,Europe,Spain,Furniture,Bookcases,144.41,1,0.3,12.39
ORD-2024-11506,2024-11-29,CUST-1077,Benjamin Anderson 14,Consumer,Asia Pacific,Australia,Technology,Smartphones,2371.21,7,0.3,666.79
ORD-2024-11507,2025-04-17,CUST-1086,Alex Rivera 74,Home Office,Asia Pacific,Australia,Technology,Monitors,1461.39,3,0.0,526.1
ORD-2024-11508,2024-10-29,CUST-1049,Sophia Wilson 45,Home Office,Latin America,Brazil,Office Supplies,Paper,569.21,4,0.3,227.73
ORD-2024-11509,2024-11-01,CUST-1088,Liam Smith 89,Home Office,Latin America,Brazil,Technology,Laptops,2766.06,2,0.05,605.4
ORD-2024-11510,2024-08-05,CUST-1091,Benjamin Anderson 42,Home Office,Asia Pacific,India,Furniture,Desks,188.11,1,0.1,44.83
ORD-2024-11511,2025-03-30,CUST-1039,Alex Rivera 19,Corporate,North America,Canada,Technology,Accessories,7237.02,8,0.05,2094.26
ORD-2024-11512,2024-05-22,CUST-1015,Liam Smith 77,Home Office,North America,Canada,Office Supplies,Paper,96.47,1,0.15,25.9
ORD-2024-11513,2024-03-05,CUST-1072,Benjamin Anderson 84,Consumer,Asia Pacific,Singapore,Furniture,Desks,637.29,1,0.05,121.24
ORD-2024-11514,2025-03-19,CUST-1073,Alex Rivera 32,Consumer,North America,United States,Office Supplies,Storage,1356.12,7,0.15,500.85
ORD-2024-11515,2025-01-28,CUST-1115,Sophia Wilson 55,Corporate,North America,Canada,Furniture,Furnishings,3012.12,6,0.1,322.32
ORD-2024-11516,2025-03-07,CUST-1044,Olivia Brown 33,Corporate,North America,United States,Furniture,Tables,751.28,2,0.0,120.95
ORD-2024-11517,2025-01-28,CUST-1030,Benjamin Anderson 16,Consumer,Europe,Germany,Office Supplies,Art,242.96,2,0.15,77.65
ORD-2024-11518,2025-01-25,CUST-1023,Mia Martinez 21,Corporate,North America,United States,Office Supplies,Paper,1045.3,6,0.15,242.74
ORD-2024-11519,2024-10-30,CUST-1007,Emma Watson 44,Home Office,North America,Canada,Technology,Laptops,4771.19,7,0.15,836.95
ORD-2024-11520,2024-01-28,CUST-1118,Olivia Brown 43,Consumer,North America,Canada,Furniture,Furnishings,5511.02,8,0.1,495.43
ORD-2024-11521,2024-07-24,CUST-1044,Emma Watson 91,Consumer,North America,United States,Office Supplies,Art,273.41,6,0.15,89.62
ORD-2024-11522,2024-08-07,CUST-1064,Mia Martinez 4,Consumer,North America,United States,Furniture,Desks,2559.42,4,0.2,334.05
ORD-2024-11523,2025-02-25,CUST-1112,Noah Davis 56,Corporate,Latin America,Brazil,Technology,Accessories,3461.46,4,0.05,1124.52
ORD-2024-11524,2024-08-31,CUST-1004,Alex Rivera 8,Corporate,Latin America,Mexico,Furniture,Chairs,1188.39,6,0.3,199.49
ORD-2024-11525,2025-01-21,CUST-1017,Emma Watson 7,Corporate,Latin America,Chile,Furniture,Chairs,735.45,1,0.0,146.95
ORD-2024-11526,2024-05-14,CUST-1149,Olivia Brown 70,Home Office,North America,Canada,Office Supplies,Paper,154.1,2,0.1,67.09
ORD-2024-11527,2024-01-22,CUST-1065,Charlotte Thomas 78,Home Office,North America,Canada,Office Supplies,Appliances,1160.38,7,0.2,416.29
ORD-2024-11528,2024-09-09,CUST-1057,Emma Watson 26,Corporate,Latin America,Chile,Technology,Printers,3113.75,5,0.0,786.91
ORD-2024-11529,2024-07-14,CUST-1025,Liam Smith 28,Corporate,Asia Pacific,Japan,Furniture,Tables,1817.39,4,0.05,392.89
ORD-2024-11530,2025-01-25,CUST-1082,James Taylor 24,Consumer,Asia Pacific,Japan,Office Supplies,Art,285.15,2,0.3,127.39
ORD-2024-11531,2024-05-15,CUST-1042,James Taylor 85,Consumer,North America,United States,Furniture,Chairs,1310.04,3,0.0,88.83
ORD-2024-11532,2024-01-29,CUST-1040,Alex Rivera 81,Home Office,Asia Pacific,Japan,Office Supplies,Paper,505.02,8,0.05,236.97
ORD-2024-11533,2024-02-12,CUST-1113,Alex Rivera 94,Home Office,Asia Pacific,Japan,Technology,Monitors,6290.41,5,0.1,1785.07
ORD-2024-11534,2024-03-23,CUST-1030,Mia Martinez 46,Home Office,Europe,Italy,Furniture,Furnishings,214.73,1,0.35,-10.74
ORD-2024-11535,2025-02-19,CUST-1006,Noah Davis 70,Consumer,Latin America,Mexico,Furniture,Tables,1567.33,3,0.05,197.56
ORD-2024-11536,2024-02-13,CUST-1076,Charlotte Thomas 52,Consumer,North America,United States,Office Supplies,Art,816.24,5,0.05,310.15
ORD-2024-11537,2024-08-04,CUST-1143,Benjamin Anderson 20,Corporate,Latin America,Chile,Office Supplies,Art,152.55,1,0.1,32.48
ORD-2024-11538,2024-06-30,CUST-1058,Emma Watson 34,Consumer,Latin America,Brazil,Furniture,Tables,315.48,4,0.05,46.53
ORD-2024-11539,2024-12-11,CUST-1141,Benjamin Anderson 29,Corporate,Latin America,Mexico,Technology,Printers,6018.72,7,0.05,1343.45
ORD-2024-11540,2024-01-24,CUST-1107,Noah Davis 79,Corporate,Latin America,Chile,Technology,Accessories,9859.43,7,0.0,2133.69
ORD-2024-11541,2024-09-18,CUST-1079,Liam Smith 9,Corporate,North America,United States,Office Supplies,Storage,98.41,3,0.05,48.65
ORD-2024-11542,2024-07-01,CUST-1148,Olivia Brown 81,Corporate,Asia Pacific,Australia,Technology,Monitors,5234.69,4,0.1,1484.85
ORD-2024-11543,2024-09-29,CUST-1128,Olivia Brown 79,Consumer,Latin America,Brazil,Furniture,Tables,2621.7,8,0.2,432.97
ORD-2024-11544,2024-08-05,CUST-1005,Charlotte Thomas 9,Consumer,Asia Pacific,Japan,Technology,Smartphones,3286.19,4,0.1,1036.12
ORD-2024-11545,2024-11-03,CUST-1041,Olivia Brown 92,Corporate,North America,United States,Technology,Printers,991.79,1,0.1,195.03
ORD-2024-11546,2024-05-07,CUST-1011,Noah Davis 42,Home Office,North America,Canada,Furniture,Chairs,3955.55,6,0.1,791.49
ORD-2024-11547,2024-09-10,CUST-1037,Noah Davis 16,Home Office,North America,Canada,Furniture,Chairs,3171.51,5,0.1,176.5
ORD-2024-11548,2024-10-17,CUST-1106,James Taylor 9,Corporate,Latin America,Chile,Technology,Monitors,1040.08,5,0.2,295.97
ORD-2024-11549,2025-01-20,CUST-1139,Alex Rivera 70,Home Office,North America,Canada,Furniture,Furnishings,795.5,5,0.0,110.23
ORD-2024-11550,2024-07-30,CUST-1132,Emma Watson 29,Corporate,Europe,Spain,Office Supplies,Art,1328.99,7,0.2,530.2
ORD-2024-11551,2024-11-12,CUST-1063,Charlotte Thomas 51,Home Office,Latin America,Mexico,Office Supplies,Art,263.03,2,0.1,79.46
ORD-2024-11552,2024-05-13,CUST-1080,Alex Rivera 15,Consumer,Europe,Italy,Office Supplies,Binders,173.23,8,0.1,47.45
ORD-2024-11553,2025-04-20,CUST-1097,Alex Rivera 45,Consumer,North America,Canada,Technology,Printers,997.05,1,0.05,357.07
ORD-2024-11554,2024-10-02,CUST-1142,James Taylor 27,Corporate,Asia Pacific,Australia,Furniture,Desks,562.55,5,0.1,70.02
ORD-2024-11555,2024-01-29,CUST-1097,Mia Martinez 1,Consumer,North America,Canada,Technology,Accessories,3957.22,5,0.05,640.04
ORD-2024-11556,2025-04-16,CUST-1096,James Taylor 88,Corporate,Latin America,Mexico,Furniture,Tables,551.25,7,0.1,45.4
ORD-2024-11557,2025-02-23,CUST-1079,Sophia Wilson 55,Corporate,Latin America,Mexico,Furniture,Furnishings,5179.32,8,0.1,1054.52
ORD-2024-11558,2025-05-08,CUST-1056,Olivia Brown 65,Home Office,North America,Canada,Technology,Laptops,7003.75,6,0.1,2449.44
ORD-2024-11559,2025-03-24,CUST-1097,Liam Smith 82,Consumer,Latin America,Mexico,Office Supplies,Storage,112.75,7,0.3,33.85
ORD-2024-11560,2024-11-07,CUST-1088,Olivia Brown 7,Consumer,Latin America,Brazil,Technology,Smartphones,1559.76,5,0.05,609.59
ORD-2024-11561,2025-02-12,CUST-1115,James Taylor 62,Home Office,Latin America,Mexico,Furniture,Desks,1058.86,2,0.15,58.82
ORD-2024-11562,2024-02-10,CUST-1045,Noah Davis 91,Consumer,North America,Canada,Office Supplies,Storage,966.14,7,0.0,195.0
ORD-2024-11563,2025-04-08,CUST-1137,Alex Rivera 14,Corporate,Latin America,Mexico,Office Supplies,Art,706.77,3,0.05,326.8
ORD-2024-11564,2024-03-29,CUST-1147,Charlotte Thomas 46,Corporate,North America,Canada,Furniture,Desks,5012.66,7,0.1,1105.53
ORD-2024-11565,2024-11-22,CUST-1108,Emma Watson 19,Home Office,North America,United States,Technology,Laptops,2326.35,4,0.3,790.8
ORD-2024-11566,2024-09-02,CUST-1087,Olivia Brown 56,Corporate,Latin America,Chile,Technology,Printers,2340.44,3,0.1,926.46
ORD-2024-11567,2025-04-30,CUST-1131,Liam Smith 40,Consumer,North America,United States,Office Supplies,Storage,1192.75,6,0.1,255.42
ORD-2024-11568,2024-12-12,CUST-1109,Noah Davis 40,Home Office,Asia Pacific,Singapore,Office Supplies,Art,260.06,3,0.05,117.98
ORD-2024-11569,2024-02-09,CUST-1028,Liam Smith 25,Consumer,Latin America,Mexico,Office Supplies,Appliances,1084.61,8,0.3,522.81
ORD-2024-11570,2025-01-10,CUST-1021,Mia Martinez 57,Corporate,Europe,United Kingdom,Office Supplies,Storage,420.29,3,0.15,105.46
ORD-2024-11571,2024-04-08,CUST-1142,Benjamin Anderson 49,Home Office,Europe,Germany,Furniture,Bookcases,585.66,1,0.0,100.35
ORD-2024-11572,2024-07-17,CUST-1063,Alex Rivera 33,Corporate,Europe,Germany,Furniture,Furnishings,2864.7,4,0.1,555.29
ORD-2024-11573,2024-09-14,CUST-1037,Noah Davis 80,Consumer,Asia Pacific,Australia,Furniture,Chairs,122.91,2,0.2,7.84
ORD-2024-11574,2025-03-22,CUST-1101,Mia Martinez 61,Home Office,Asia Pacific,Japan,Furniture,Bookcases,3562.51,5,0.1,359.38
ORD-2024-11575,2024-12-09,CUST-1092,Noah Davis 34,Corporate,North America,United States,Office Supplies,Storage,1121.41,8,0.2,432.71
ORD-2024-11576,2024-08-18,CUST-1141,Emma Watson 2,Home Office,Asia Pacific,Australia,Office Supplies,Appliances,253.44,8,0.2,89.65
ORD-2024-11577,2024-05-10,CUST-1137,James Taylor 80,Home Office,Latin America,Chile,Office Supplies,Appliances,176.71,1,0.1,87.99
ORD-2024-11578,2024-06-10,CUST-1123,Charlotte Thomas 90,Consumer,Latin America,Brazil,Furniture,Tables,2383.27,5,0.15,230.01
ORD-2024-11579,2025-02-18,CUST-1022,Charlotte Thomas 70,Home Office,Latin America,Chile,Furniture,Desks,802.72,4,0.2,144.28
ORD-2024-11580,2024-10-30,CUST-1115,Liam Smith 67,Consumer,Europe,Italy,Technology,Laptops,11724.96,8,0.0,2907.49
ORD-2024-11581,2025-02-22,CUST-1040,Charlotte Thomas 27,Consumer,North America,United States,Technology,Laptops,504.0,2,0.0,98.92
ORD-2024-11582,2024-03-30,CUST-1000,Alex Rivera 9,Home Office,Latin America,Mexico,Furniture,Tables,108.77,1,0.2,23.74
ORD-2024-11583,2024-11-01,CUST-1142,Mia Martinez 92,Corporate,North America,United States,Office Supplies,Paper,742.61,4,0.1,234.01
ORD-2024-11584,2024-02-17,CUST-1073,Alex Rivera 93,Consumer,Asia Pacific,Singapore,Office Supplies,Binders,262.21,2,0.2,92.59
ORD-2024-11585,2024-01-25,CUST-1123,Noah Davis 54,Home Office,Europe,United Kingdom,Furniture,Bookcases,1497.3,6,0.3,311.47
ORD-2024-11586,2024-01-18,CUST-1000,Olivia Brown 94,Consumer,Latin America,Mexico,Technology,Smartphones,2724.66,5,0.1,1057.51
ORD-2024-11587,2024-10-28,CUST-1097,Mia Martinez 10,Corporate,North America,United States,Furniture,Tables,4637.01,7,0.15,481.02
ORD-2024-11588,2024-02-07,CUST-1003,James Taylor 48,Corporate,North America,United States,Office Supplies,Binders,209.81,1,0.15,76.06
ORD-2024-11589,2024-02-21,CUST-1102,Charlotte Thomas 76,Corporate,Latin America,Brazil,Office Supplies,Appliances,46.27,4,0.15,15.08
ORD-2024-11590,2024-04-13,CUST-1075,Benjamin Anderson 19,Corporate,Latin America,Brazil,Furniture,Furnishings,315.47,1,0.2,30.54
ORD-2024-11591,2024-08-09,CUST-1142,Benjamin Anderson 67,Home Office,North America,Canada,Office Supplies,Art,355.64,2,0.1,74.4
ORD-2024-11592,2025-02-15,CUST-1109,Liam Smith 47,Corporate,North America,Canada,Furniture,Chairs,2165.66,4,0.05,117.93
ORD-2024-11593,2024-02-14,CUST-1033,James Taylor 90,Corporate,Latin America,Chile,Office Supplies,Appliances,367.66,3,0.15,75.15
ORD-2024-11594,2025-05-15,CUST-1020,Benjamin Anderson 1,Home Office,Asia Pacific,Australia,Technology,Printers,3557.46,6,0.0,943.23
ORD-2024-11595,2024-08-21,CUST-1074,Emma Watson 86,Home Office,Europe,Spain,Furniture,Tables,1003.18,2,0.0,158.87
ORD-2024-11596,2025-02-12,CUST-1141,Liam Smith 36,Consumer,Latin America,Brazil,Furniture,Bookcases,438.65,3,0.2,104.66
ORD-2024-11597,2024-06-20,CUST-1131,Charlotte Thomas 10,Corporate,North America,Canada,Office Supplies,Storage,221.82,3,0.0,99.15
ORD-2024-11598,2024-06-26,CUST-1075,Sophia Wilson 63,Consumer,Asia Pacific,India,Office Supplies,Binders,30.47,3,0.05,13.81
ORD-2024-11599,2024-07-06,CUST-1127,Alex Rivera 91,Home Office,North America,United States,Technology,Printers,1998.03,6,0.15,437.12
ORD-2024-11600,2024-01-28,CUST-1117,Liam Smith 28,Consumer,Asia Pacific,India,Technology,Monitors,1307.88,6,0.3,485.71
ORD-2024-11601,2024-05-23,CUST-1001,Alex Rivera 12,Corporate,Europe,United Kingdom,Office Supplies,Storage,728.4,4,0.0,175.45
ORD-2024-11602,2024-08-02,CUST-1018,James Taylor 70,Corporate,North America,Canada,Technology,Smartphones,1196.55,1,0.0,214.23
ORD-2024-11603,2024-07-09,CUST-1000,Charlotte Thomas 23,Corporate,North America,United States,Furniture,Desks,259.38,1,0.3,31.79
ORD-2024-11604,2025-04-29,CUST-1112,Alex Rivera 73,Consumer,Europe,Germany,Technology,Printers,1011.64,7,0.2,231.14
ORD-2024-11605,2024-01-08,CUST-1001,Mia Martinez 33,Home Office,North America,Canada,Office Supplies,Storage,497.81,4,0.3,120.6
ORD-2024-11606,2024-10-17,CUST-1133,Mia Martinez 53,Home Office,Europe,Spain,Furniture,Desks,2109.62,5,0.15,428.67
ORD-2024-11607,2024-07-30,CUST-1022,Charlotte Thomas 93,Home Office,Europe,Spain,Technology,Accessories,2339.91,2,0.05,878.46
ORD-2024-11608,2025-01-06,CUST-1018,Alex Rivera 34,Corporate,North America,United States,Furniture,Furnishings,3644.13,7,0.05,681.16
ORD-2024-11609,2024-02-05,CUST-1119,Noah Davis 28,Home Office,Asia Pacific,India,Furniture,Furnishings,2242.66,4,0.1,502.96
ORD-2024-11610,2024-03-18,CUST-1107,Benjamin Anderson 8,Corporate,Asia Pacific,India,Technology,Printers,2004.46,4,0.3,800.01
ORD-2024-11611,2025-04-01,CUST-1076,Benjamin Anderson 65,Consumer,Asia Pacific,Australia,Furniture,Desks,1432.12,5,0.15,333.69
ORD-2024-11612,2024-10-03,CUST-1012,Sophia Wilson 43,Consumer,Latin America,Mexico,Furniture,Chairs,2208.7,8,0.2,258.67
ORD-2024-11613,2024-02-10,CUST-1093,James Taylor 21,Consumer,Europe,Germany,Office Supplies,Paper,754.92,6,0.1,175.25
ORD-2024-11614,2024-09-09,CUST-1079,Alex Rivera 86,Home Office,North America,United States,Technology,Smartphones,9570.75,8,0.2,3688.1
ORD-2024-11615,2024-02-18,CUST-1004,Liam Smith 43,Corporate,Latin America,Chile,Furniture,Chairs,1610.39,3,0.05,284.67
ORD-2024-11616,2024-07-26,CUST-1094,Olivia Brown 41,Corporate,North America,United States,Technology,Smartphones,2618.7,3,0.15,982.74
ORD-2024-11617,2025-02-05,CUST-1144,Sophia Wilson 8,Consumer,Europe,Spain,Office Supplies,Paper,52.11,2,0.1,13.78
ORD-2024-11618,2025-01-03,CUST-1046,Sophia Wilson 84,Home Office,Asia Pacific,India,Office Supplies,Appliances,659.16,8,0.1,140.5
ORD-2024-11619,2025-03-03,CUST-1126,Emma Watson 98,Corporate,Europe,United Kingdom,Furniture,Furnishings,1805.93,6,0.35,-90.3
ORD-2024-11620,2024-12-11,CUST-1093,Alex Rivera 30,Home Office,North America,United States,Technology,Printers,1759.46,4,0.1,603.87
ORD-2024-11621,2024-01-07,CUST-1052,Charlotte Thomas 16,Consumer,Asia Pacific,Singapore,Technology,Smartphones,9290.19,7,0.0,2569.86
ORD-2024-11622,2024-12-23,CUST-1072,Emma Watson 10,Home Office,Asia Pacific,Japan,Technology,Accessories,3192.74,3,0.2,765.6
ORD-2024-11623,2025-01-24,CUST-1062,Sophia Wilson 88,Home Office,Asia Pacific,Australia,Technology,Accessories,630.85,1,0.0,158.9
ORD-2024-11624,2024-09-06,CUST-1145,Charlotte Thomas 2,Home Office,North America,Canada,Office Supplies,Art,236.3,1,0.0,86.02
ORD-2024-11625,2025-01-02,CUST-1112,Mia Martinez 34,Consumer,Europe,Spain,Office Supplies,Storage,370.97,3,0.3,173.22
ORD-2024-11626,2024-04-21,CUST-1049,Charlotte Thomas 37,Corporate,Asia Pacific,Australia,Technology,Smartphones,4335.27,8,0.15,1472.65
ORD-2024-11627,2025-03-09,CUST-1040,Sophia Wilson 42,Consumer,Europe,United Kingdom,Office Supplies,Storage,271.48,2,0.35,-13.57
ORD-2024-11628,2024-07-13,CUST-1080,Noah Davis 17,Corporate,Europe,France,Technology,Printers,2022.91,3,0.2,334.36
ORD-2024-11629,2024-04-05,CUST-1146,Liam Smith 29,Consumer,Asia Pacific,Singapore,Technology,Smartphones,81.3,1,0.2,13.0
ORD-2024-11630,2025-04-03,CUST-1107,Alex Rivera 46,Consumer,North America,Canada,Office Supplies,Storage,204.93,3,0.0,46.42
ORD-2024-11631,2024-07-20,CUST-1113,Olivia Brown 18,Home Office,North America,Canada,Office Supplies,Storage,1726.92,8,0.1,736.14
ORD-2024-11632,2024-10-15,CUST-1142,Benjamin Anderson 58,Corporate,Europe,Germany,Technology,Monitors,7096.7,7,0.1,1361.66
ORD-2024-11633,2024-01-24,CUST-1059,Olivia Brown 54,Home Office,Europe,Germany,Office Supplies,Binders,575.14,6,0.2,147.21
ORD-2024-11634,2024-05-10,CUST-1118,Mia Martinez 4,Home Office,Europe,Germany,Furniture,Chairs,673.34,6,0.05,64.05
ORD-2024-11635,2025-01-19,CUST-1140,Alex Rivera 24,Consumer,Latin America,Chile,Technology,Smartphones,2996.37,3,0.0,713.56
ORD-2024-11636,2025-04-11,CUST-1134,Emma Watson 67,Home Office,Latin America,Chile,Technology,Accessories,6181.49,7,0.0,2121.49
ORD-2024-11637,2024-09-14,CUST-1111,Olivia Brown 69,Corporate,Asia Pacific,Japan,Office Supplies,Appliances,1239.67,8,0.3,609.72
ORD-2024-11638,2024-03-26,CUST-1024,James Taylor 72,Home Office,North America,United States,Furniture,Desks,1636.24,4,0.0,260.98
ORD-2024-11639,2024-07-11,CUST-1039,Benjamin Anderson 75,Corporate,Europe,Italy,Furniture,Bookcases,3855.4,5,0.0,699.64
ORD-2024-11640,2024-09-20,CUST-1035,Liam Smith 93,Corporate,Europe,Germany,Technology,Laptops,3450.8,5,0.2,627.58
ORD-2024-11641,2025-04-19,CUST-1058,Liam Smith 85,Consumer,North America,Canada,Technology,Accessories,1665.37,5,0.3,337.83
ORD-2024-11642,2024-03-08,CUST-1134,Emma Watson 9,Corporate,Asia Pacific,Australia,Office Supplies,Paper,162.97,1,0.05,34.36
ORD-2024-11643,2024-04-16,CUST-1012,Noah Davis 92,Home Office,Europe,United Kingdom,Technology,Laptops,7905.96,8,0.1,2866.87
ORD-2024-11644,2024-03-06,CUST-1026,Olivia Brown 48,Home Office,Europe,Germany,Technology,Monitors,830.0,6,0.35,-41.5
ORD-2024-11645,2024-07-21,CUST-1050,Alex Rivera 88,Consumer,Asia Pacific,Australia,Furniture,Tables,2210.32,7,0.2,152.93
ORD-2024-11646,2024-10-02,CUST-1057,Liam Smith 99,Consumer,North America,United States,Office Supplies,Paper,186.61,2,0.15,54.04
ORD-2024-11647,2025-03-18,CUST-1010,Liam Smith 75,Home Office,Europe,Germany,Technology,Accessories,1404.26,5,0.35,-70.21
ORD-2024-11648,2024-07-19,CUST-1041,Liam Smith 73,Consumer,Europe,Germany,Furniture,Tables,54.44,1,0.1,7.14
ORD-2024-11649,2025-03-29,CUST-1094,James Taylor 51,Corporate,North America,Canada,Technology,Printers,2240.64,2,0.2,622.98
ORD-2024-11650,2024-07-20,CUST-1092,Sophia Wilson 8,Corporate,Asia Pacific,Singapore,Furniture,Chairs,2265.34,7,0.15,557.14
ORD-2024-11651,2024-12-16,CUST-1078,Charlotte Thomas 99,Consumer,Europe,Italy,Furniture,Bookcases,375.06,7,0.05,52.78
ORD-2024-11652,2024-03-07,CUST-1043,James Taylor 18,Corporate,North America,United States,Furniture,Desks,1184.77,7,0.3,91.81
ORD-2024-11653,2025-02-28,CUST-1087,Benjamin Anderson 90,Corporate,Asia Pacific,Australia,Technology,Monitors,1029.77,1,0.2,343.67
ORD-2024-11654,2025-04-30,CUST-1025,Charlotte Thomas 53,Consumer,Europe,France,Office Supplies,Paper,1057.9,7,0.1,281.59
ORD-2024-11655,2024-10-13,CUST-1086,Olivia Brown 18,Home Office,Asia Pacific,India,Technology,Accessories,4928.3,6,0.2,1029.83
ORD-2024-11656,2024-05-05,CUST-1066,Olivia Brown 5,Home Office,Europe,Germany,Technology,Accessories,8735.55,8,0.15,1371.46
ORD-2024-11657,2025-01-03,CUST-1068,Sophia Wilson 60,Home Office,Latin America,Chile,Office Supplies,Storage,882.98,8,0.15,332.04
ORD-2024-11658,2025-04-03,CUST-1068,Sophia Wilson 26,Corporate,Europe,Spain,Furniture,Furnishings,1717.59,5,0.15,218.7
ORD-2024-11659,2025-01-07,CUST-1128,James Taylor 9,Corporate,Europe,France,Technology,Smartphones,1491.57,5,0.1,231.99
ORD-2024-11660,2024-12-23,CUST-1002,Charlotte Thomas 43,Home Office,Asia Pacific,Japan,Furniture,Desks,1674.84,3,0.1,347.2
ORD-2024-11661,2024-07-09,CUST-1147,James Taylor 51,Corporate,Latin America,Brazil,Technology,Laptops,471.39,5,0.05,98.94
ORD-2024-11662,2025-02-01,CUST-1030,Noah Davis 24,Corporate,North America,Canada,Technology,Accessories,3814.97,4,0.05,1328.22
ORD-2024-11663,2024-03-21,CUST-1106,Emma Watson 39,Corporate,Asia Pacific,Australia,Office Supplies,Paper,789.16,7,0.05,313.56
ORD-2024-11664,2024-08-22,CUST-1057,Emma Watson 88,Consumer,North America,United States,Furniture,Furnishings,1899.41,3,0.05,448.99
ORD-2024-11665,2024-02-10,CUST-1094,Benjamin Anderson 58,Consumer,Asia Pacific,Singapore,Technology,Laptops,2082.85,5,0.3,779.12
ORD-2024-11666,2024-08-09,CUST-1129,Mia Martinez 34,Corporate,Latin America,Brazil,Technology,Printers,746.49,3,0.3,286.23
ORD-2024-11667,2024-12-12,CUST-1006,Benjamin Anderson 53,Corporate,Europe,United Kingdom,Furniture,Tables,2318.83,7,0.15,432.22
ORD-2024-11668,2024-07-27,CUST-1048,Olivia Brown 60,Consumer,North America,Canada,Technology,Smartphones,7942.95,6,0.05,2807.18
ORD-2024-11669,2025-04-22,CUST-1137,Emma Watson 4,Corporate,Asia Pacific,Japan,Technology,Smartphones,7770.0,8,0.3,1511.62
ORD-2024-11670,2024-03-06,CUST-1016,Noah Davis 24,Corporate,Latin America,Chile,Technology,Smartphones,3249.47,5,0.05,1273.52
ORD-2024-11671,2024-12-20,CUST-1031,Olivia Brown 98,Corporate,North America,Canada,Technology,Smartphones,1230.15,4,0.15,375.94
ORD-2024-11672,2024-06-28,CUST-1039,Benjamin Anderson 51,Consumer,North America,United States,Office Supplies,Art,1129.63,6,0.05,469.63
ORD-2024-11673,2025-05-09,CUST-1090,Olivia Brown 31,Consumer,Europe,United Kingdom,Office Supplies,Art,206.21,4,0.2,78.57
ORD-2024-11674,2024-03-30,CUST-1000,Noah Davis 47,Corporate,Europe,France,Technology,Laptops,1828.28,7,0.35,-91.41
ORD-2024-11675,2025-05-12,CUST-1008,Mia Martinez 51,Consumer,North America,Canada,Technology,Monitors,2769.28,8,0.0,944.66
ORD-2024-11676,2025-02-17,CUST-1040,Olivia Brown 49,Consumer,North America,United States,Furniture,Chairs,300.56,2,0.1,53.79
ORD-2024-11677,2025-05-02,CUST-1141,Olivia Brown 72,Home Office,Europe,Germany,Furniture,Tables,2969.12,5,0.2,658.87
ORD-2024-11678,2025-02-03,CUST-1103,Mia Martinez 26,Corporate,Latin America,Mexico,Technology,Laptops,1058.23,4,0.3,418.65
ORD-2024-11679,2024-03-13,CUST-1041,Benjamin Anderson 3,Home Office,North America,Canada,Furniture,Desks,650.12,3,0.3,138.56
ORD-2024-11680,2024-12-16,CUST-1047,Liam Smith 94,Corporate,Latin America,Brazil,Furniture,Desks,3795.0,6,0.05,471.79
ORD-2024-11681,2024-01-26,CUST-1099,Olivia Brown 82,Home Office,Latin America,Brazil,Technology,Smartphones,3548.03,5,0.15,1138.63
ORD-2024-11682,2024-09-08,CUST-1070,Emma Watson 31,Consumer,Latin America,Chile,Furniture,Desks,3462.9,5,0.0,625.54
ORD-2024-11683,2024-06-14,CUST-1038,Alex Rivera 85,Consumer,Europe,Spain,Technology,Printers,3565.66,5,0.3,890.79
ORD-2024-11684,2024-10-19,CUST-1121,Sophia Wilson 50,Consumer,Asia Pacific,Singapore,Furniture,Chairs,1284.6,5,0.2,82.91
ORD-2024-11685,2024-03-30,CUST-1017,Sophia Wilson 12,Corporate,Asia Pacific,Japan,Technology,Monitors,6308.98,6,0.1,1621.83
ORD-2024-11686,2024-01-09,CUST-1145,Emma Watson 74,Home Office,Latin America,Chile,Technology,Monitors,3858.34,8,0.1,1355.1
ORD-2024-11687,2024-01-31,CUST-1122,Alex Rivera 18,Consumer,Asia Pacific,Australia,Furniture,Desks,880.0,2,0.2,196.57
ORD-2024-11688,2024-09-11,CUST-1024,Liam Smith 94,Home Office,North America,United States,Furniture,Chairs,2115.68,4,0.3,287.73
ORD-2024-11689,2025-04-29,CUST-1103,Mia Martinez 69,Home Office,Latin America,Mexico,Technology,Monitors,10913.22,8,0.05,1839.41
ORD-2024-11690,2024-08-06,CUST-1125,Mia Martinez 30,Consumer,Europe,United Kingdom,Furniture,Tables,472.78,1,0.15,114.33
ORD-2024-11691,2024-12-22,CUST-1147,Benjamin Anderson 69,Home Office,Latin America,Chile,Office Supplies,Art,264.82,4,0.3,107.38
ORD-2024-11692,2025-04-05,CUST-1079,Olivia Brown 15,Home Office,North America,Canada,Furniture,Bookcases,1090.3,6,0.05,105.36
ORD-2024-11693,2024-03-15,CUST-1011,Liam Smith 16,Home Office,North America,Canada,Technology,Accessories,4854.34,7,0.1,1933.47
ORD-2024-11694,2024-10-15,CUST-1116,Noah Davis 62,Consumer,North America,United States,Technology,Printers,9892.64,8,0.15,2241.1
ORD-2024-11695,2024-10-05,CUST-1111,Mia Martinez 52,Corporate,Latin America,Chile,Furniture,Bookcases,1213.14,2,0.15,258.69
ORD-2024-11696,2024-07-16,CUST-1088,James Taylor 89,Consumer,Asia Pacific,Singapore,Technology,Smartphones,3550.61,6,0.1,1153.09
ORD-2024-11697,2024-08-28,CUST-1050,Alex Rivera 76,Home Office,Latin America,Mexico,Office Supplies,Art,1074.06,8,0.15,240.29
ORD-2024-11698,2025-03-27,CUST-1144,Sophia Wilson 18,Home Office,Latin America,Brazil,Furniture,Desks,418.37,6,0.2,59.91
ORD-2024-11699,2024-01-05,CUST-1045,Sophia Wilson 45,Consumer,Europe,Italy,Technology,Printers,2268.51,4,0.15,510.25
ORD-2024-11700,2024-02-10,CUST-1080,Charlotte Thomas 38,Home Office,Asia Pacific,India,Furniture,Bookcases,2397.06,7,0.05,262.98
ORD-2024-11701,2024-06-18,CUST-1067,Noah Davis 96,Consumer,Asia Pacific,Singapore,Technology,Accessories,5314.51,7,0.2,2030.15
ORD-2024-11702,2024-10-28,CUST-1062,Charlotte Thomas 32,Home Office,Asia Pacific,Singapore,Office Supplies,Art,333.29,5,0.15,93.03
ORD-2024-11703,2024-09-26,CUST-1143,Liam Smith 19,Consumer,North America,Canada,Office Supplies,Art,228.42,8,0.3,109.77
ORD-2024-11704,2024-10-21,CUST-1136,Benjamin Anderson 75,Corporate,North America,United States,Technology,Smartphones,11047.51,8,0.05,1826.16
ORD-2024-11705,2024-03-29,CUST-1029,Mia Martinez 98,Consumer,Latin America,Mexico,Furniture,Furnishings,1087.83,5,0.3,208.81
ORD-2024-11706,2024-07-30,CUST-1094,Sophia Wilson 61,Home Office,Europe,United Kingdom,Technology,Laptops,424.94,5,0.1,123.94
ORD-2024-11707,2025-03-10,CUST-1077,James Taylor 9,Consumer,Europe,Italy,Technology,Smartphones,1095.28,6,0.35,-54.76
ORD-2024-11708,2024-02-28,CUST-1052,Mia Martinez 43,Corporate,Asia Pacific,India,Technology,Accessories,7255.52,8,0.0,2095.72
ORD-2024-11709,2024-08-08,CUST-1020,Charlotte Thomas 79,Consumer,North America,Canada,Office Supplies,Storage,513.4,4,0.1,209.84
ORD-2024-11710,2024-07-22,CUST-1099,Olivia Brown 11,Consumer,Europe,Italy,Office Supplies,Storage,77.51,4,0.1,36.2
ORD-2024-11711,2024-04-07,CUST-1104,Liam Smith 86,Home Office,Europe,Germany,Technology,Laptops,2471.14,5,0.05,534.46
ORD-2024-11712,2024-04-16,CUST-1027,Alex Rivera 39,Consumer,Latin America,Chile,Office Supplies,Art,733.94,7,0.2,329.8
ORD-2024-11713,2024-01-17,CUST-1141,Sophia Wilson 91,Home Office,Europe,Italy,Furniture,Tables,584.2,1,0.05,132.74
ORD-2024-11714,2024-11-30,CUST-1022,Mia Martinez 57,Corporate,North America,Canada,Furniture,Desks,3777.01,5,0.05,824.5
ORD-2024-11715,2024-01-30,CUST-1039,Olivia Brown 69,Corporate,North America,United States,Technology,Monitors,4018.33,5,0.15,995.38
ORD-2024-11716,2024-04-02,CUST-1114,Sophia Wilson 94,Consumer,Europe,United Kingdom,Technology,Monitors,5966.0,4,0.0,1098.18
ORD-2024-11717,2024-03-09,CUST-1084,James Taylor 74,Consumer,Europe,United Kingdom,Technology,Laptops,289.09,4,0.35,-14.45
ORD-2024-11718,2024-08-13,CUST-1017,Emma Watson 86,Corporate,Latin America,Mexico,Technology,Printers,3303.22,3,0.15,998.95
ORD-2024-11719,2024-06-26,CUST-1080,Olivia Brown 96,Consumer,Europe,France,Office Supplies,Storage,115.04,2,0.05,54.42
ORD-2024-11720,2025-01-11,CUST-1148,Benjamin Anderson 99,Corporate,Latin America,Brazil,Technology,Smartphones,1163.49,3,0.0,211.48
ORD-2024-11721,2024-05-31,CUST-1117,Emma Watson 75,Home Office,North America,United States,Furniture,Desks,2074.17,3,0.1,125.33
ORD-2024-11722,2024-07-10,CUST-1014,Mia Martinez 93,Corporate,Asia Pacific,India,Office Supplies,Paper,1173.82,8,0.3,458.75
ORD-2024-11723,2024-09-10,CUST-1082,Noah Davis 53,Consumer,Europe,France,Technology,Printers,1890.75,4,0.2,695.98
ORD-2024-11724,2024-08-13,CUST-1039,Mia Martinez 81,Consumer,Asia Pacific,Japan,Technology,Laptops,423.72,1,0.2,146.39
ORD-2024-11725,2024-06-24,CUST-1098,James Taylor 98,Home Office,Asia Pacific,Singapore,Office Supplies,Binders,1803.63,8,0.05,700.1
ORD-2024-11726,2024-08-19,CUST-1146,Emma Watson 24,Consumer,Europe,Germany,Technology,Smartphones,1595.52,8,0.2,256.07
ORD-2024-11727,2024-12-22,CUST-1088,Benjamin Anderson 54,Home Office,North America,United States,Furniture,Chairs,5019.98,8,0.1,947.36
ORD-2024-11728,2025-02-12,CUST-1057,Charlotte Thomas 20,Corporate,North America,Canada,Office Supplies,Storage,221.63,6,0.3,103.22
ORD-2024-11729,2025-01-26,CUST-1028,Mia Martinez 14,Consumer,Europe,United Kingdom,Furniture,Tables,2323.05,4,0.05,375.2
ORD-2024-11730,2024-04-03,CUST-1041,Alex Rivera 47,Corporate,Europe,United Kingdom,Technology,Printers,1386.55,6,0.3,489.07
ORD-2024-11731,2024-10-29,CUST-1097,Olivia Brown 25,Home Office,North America,United States,Technology,Accessories,3984.72,8,0.0,901.28
ORD-2024-11732,2025-03-06,CUST-1132,Mia Martinez 66,Home Office,Asia Pacific,Japan,Furniture,Tables,196.83,3,0.0,43.7
ORD-2024-11733,2024-11-10,CUST-1096,Benjamin Anderson 88,Corporate,North America,Canada,Technology,Printers,2003.05,3,0.15,514.35
ORD-2024-11734,2024-12-02,CUST-1053,Liam Smith 77,Home Office,Asia Pacific,India,Technology,Accessories,2330.22,8,0.15,535.31
ORD-2024-11735,2024-03-28,CUST-1040,Sophia Wilson 73,Consumer,North America,Canada,Technology,Printers,1094.38,2,0.05,385.64
ORD-2024-11736,2024-03-09,CUST-1007,Sophia Wilson 74,Home Office,Europe,United Kingdom,Office Supplies,Storage,148.55,6,0.35,-7.43
ORD-2024-11737,2024-03-18,CUST-1081,Sophia Wilson 97,Home Office,Latin America,Brazil,Furniture,Desks,834.64,3,0.3,109.94
ORD-2024-11738,2025-02-27,CUST-1075,Liam Smith 6,Corporate,Latin America,Brazil,Furniture,Bookcases,362.34,1,0.3,66.59
ORD-2024-11739,2024-06-22,CUST-1024,Olivia Brown 27,Home Office,North America,United States,Office Supplies,Appliances,192.47,1,0.0,54.23
ORD-2024-11740,2024-09-30,CUST-1057,Liam Smith 9,Home Office,North America,United States,Technology,Smartphones,4285.95,3,0.0,1041.61
ORD-2024-11741,2024-05-31,CUST-1130,Emma Watson 92,Corporate,Europe,Spain,Office Supplies,Art,873.12,7,0.1,408.7
ORD-2024-11742,2024-02-23,CUST-1149,Emma Watson 68,Corporate,Asia Pacific,Japan,Furniture,Bookcases,1662.4,3,0.3,83.44
ORD-2024-11743,2025-02-10,CUST-1099,Liam Smith 73,Home Office,Latin America,Mexico,Office Supplies,Appliances,601.49,6,0.2,179.36
ORD-2024-11744,2025-01-12,CUST-1099,James Taylor 37,Corporate,Asia Pacific,Japan,Office Supplies,Art,661.72,4,0.1,263.07
ORD-2024-11745,2024-02-27,CUST-1036,James Taylor 19,Consumer,North America,United States,Technology,Smartphones,1028.02,2,0.0,227.28
ORD-2024-11746,2024-11-09,CUST-1064,Benjamin Anderson 28,Consumer,Asia Pacific,India,Office Supplies,Appliances,390.8,2,0.0,133.39
ORD-2024-11747,2024-11-10,CUST-1114,Liam Smith 98,Corporate,Asia Pacific,Japan,Office Supplies,Binders,533.12,4,0.0,224.23
ORD-2024-11748,2024-01-11,CUST-1014,Olivia Brown 56,Corporate,Latin America,Brazil,Office Supplies,Binders,179.5,1,0.0,54.63
ORD-2024-11749,2024-04-10,CUST-1041,Benjamin Anderson 44,Consumer,Latin America,Brazil,Technology,Smartphones,483.22,1,0.1,170.29
ORD-2024-11750,2024-05-18,CUST-1062,Benjamin Anderson 31,Home Office,North America,Canada,Office Supplies,Binders,487.16,3,0.3,211.19
ORD-2024-11751,2025-01-27,CUST-1015,Alex Rivera 58,Corporate,Latin America,Brazil,Furniture,Tables,2850.65,4,0.05,623.63
ORD-2024-11752,2025-03-31,CUST-1052,Benjamin Anderson 79,Corporate,Europe,United Kingdom,Furniture,Tables,942.63,2,0.35,-47.13
ORD-2024-11753,2024-02-28,CUST-1138,James Taylor 23,Corporate,Latin America,Brazil,Technology,Printers,1728.1,2,0.0,679.64
ORD-2024-11754,2024-04-07,CUST-1039,Benjamin Anderson 21,Consumer,Europe,Italy,Technology,Smartphones,3728.52,4,0.1,1396.06
ORD-2024-11755,2024-08-24,CUST-1016,Benjamin Anderson 62,Corporate,North America,Canada,Furniture,Tables,288.35,1,0.15,57.99
ORD-2024-11756,2025-01-05,CUST-1094,Charlotte Thomas 22,Consumer,North America,Canada,Technology,Smartphones,6157.18,8,0.2,1607.94
ORD-2024-11757,2024-07-28,CUST-1029,Mia Martinez 65,Home Office,North America,Canada,Office Supplies,Art,477.09,4,0.2,194.57
ORD-2024-11758,2024-06-28,CUST-1127,Liam Smith 95,Home Office,North America,United States,Office Supplies,Art,562.52,7,0.2,177.39
ORD-2024-11759,2024-03-28,CUST-1090,Charlotte Thomas 13,Consumer,Asia Pacific,India,Technology,Accessories,2580.58,3,0.1,597.5
ORD-2024-11760,2024-11-04,CUST-1069,James Taylor 81,Home Office,North America,Canada,Office Supplies,Storage,189.36,1,0.15,53.1
ORD-2024-11761,2024-08-31,CUST-1036,Charlotte Thomas 53,Corporate,Asia Pacific,Japan,Furniture,Furnishings,4112.4,8,0.0,668.21
ORD-2024-11762,2024-10-10,CUST-1117,Noah Davis 88,Home Office,Latin America,Mexico,Office Supplies,Storage,741.79,5,0.15,209.73
ORD-2024-11763,2025-05-03,CUST-1130,Olivia Brown 78,Home Office,Asia Pacific,Japan,Furniture,Tables,1484.16,8,0.2,354.34
ORD-2024-11764,2024-06-24,CUST-1052,James Taylor 94,Home Office,North America,Canada,Furniture,Furnishings,2026.26,5,0.1,229.39
ORD-2024-11765,2025-02-09,CUST-1042,Benjamin Anderson 51,Consumer,Asia Pacific,Australia,Technology,Smartphones,797.95,3,0.15,127.49
ORD-2024-11766,2024-07-23,CUST-1074,Benjamin Anderson 78,Consumer,North America,United States,Furniture,Furnishings,3240.82,6,0.2,229.69
ORD-2024-11767,2024-04-23,CUST-1000,Benjamin Anderson 70,Home Office,Europe,Germany,Furniture,Tables,892.29,4,0.2,150.8
ORD-2024-11768,2024-08-30,CUST-1067,Emma Watson 71,Corporate,Latin America,Brazil,Technology,Laptops,10037.88,8,0.1,3802.35
ORD-2024-11769,2024-01-25,CUST-1000,Olivia Brown 6,Home Office,Asia Pacific,India,Office Supplies,Art,144.65,6,0.3,37.75
ORD-2024-11770,2025-04-11,CUST-1091,James Taylor 38,Consumer,Asia Pacific,Australia,Furniture,Furnishings,2332.06,5,0.15,325.94
ORD-2024-11771,2024-01-27,CUST-1128,Mia Martinez 93,Consumer,North America,Canada,Technology,Printers,1327.03,1,0.0,236.54
ORD-2024-11772,2025-01-19,CUST-1052,James Taylor 48,Home Office,North America,United States,Technology,Accessories,6232.01,5,0.1,1139.72
ORD-2024-11773,2024-10-31,CUST-1011,James Taylor 62,Corporate,Asia Pacific,India,Office Supplies,Art,1176.71,6,0.05,341.56
ORD-2024-11774,2024-01-20,CUST-1096,Liam Smith 17,Consumer,Asia Pacific,Singapore,Office Supplies,Appliances,871.64,8,0.05,256.81
ORD-2024-11775,2024-08-05,CUST-1045,Liam Smith 24,Consumer,North America,Canada,Technology,Laptops,5963.85,5,0.15,2077.1
ORD-2024-11776,2024-05-12,CUST-1127,Noah Davis 62,Corporate,Asia Pacific,Singapore,Office Supplies,Storage,317.98,4,0.2,105.29
ORD-2024-11777,2024-03-28,CUST-1024,Olivia Brown 69,Consumer,Asia Pacific,Japan,Furniture,Chairs,3496.91,5,0.1,684.45
ORD-2024-11778,2024-04-21,CUST-1026,Liam Smith 90,Home Office,North America,United States,Office Supplies,Binders,313.95,3,0.0,150.43
ORD-2024-11779,2024-02-04,CUST-1120,Olivia Brown 82,Consumer,Latin America,Mexico,Technology,Printers,3765.79,4,0.2,891.08
ORD-2024-11780,2024-06-13,CUST-1082,Benjamin Anderson 42,Consumer,Europe,Italy,Office Supplies,Storage,289.96,6,0.05,120.0
ORD-2024-11781,2024-06-09,CUST-1025,James Taylor 15,Home Office,Asia Pacific,India,Furniture,Furnishings,226.06,2,0.0,26.49
ORD-2024-11782,2024-01-27,CUST-1135,Alex Rivera 47,Corporate,North America,Canada,Furniture,Tables,2131.34,8,0.05,432.53
ORD-2024-11783,2024-11-22,CUST-1054,Sophia Wilson 99,Consumer,Asia Pacific,India,Office Supplies,Storage,295.28,8,0.0,90.63
ORD-2024-11784,2024-06-02,CUST-1146,Mia Martinez 26,Corporate,Asia Pacific,Australia,Technology,Accessories,388.11,1,0.05,77.16
ORD-2024-11785,2024-09-28,CUST-1055,James Taylor 11,Consumer,Europe,United Kingdom,Office Supplies,Appliances,587.6,3,0.15,282.58
ORD-2024-11786,2024-09-19,CUST-1121,Benjamin Anderson 69,Consumer,North America,Canada,Technology,Printers,3405.96,4,0.0,753.77
ORD-2024-11787,2024-10-11,CUST-1111,Liam Smith 41,Home Office,North America,Canada,Technology,Smartphones,3026.59,5,0.15,701.2
ORD-2024-11788,2024-12-04,CUST-1054,Sophia Wilson 94,Consumer,Latin America,Chile,Technology,Smartphones,1452.38,2,0.1,372.12
ORD-2024-11789,2024-09-01,CUST-1048,Noah Davis 36,Corporate,Latin America,Brazil,Office Supplies,Art,773.06,7,0.05,292.02
ORD-2024-11790,2024-07-22,CUST-1016,Noah Davis 29,Consumer,Latin America,Brazil,Office Supplies,Appliances,725.89,7,0.3,318.06
ORD-2024-11791,2024-05-14,CUST-1087,Alex Rivera 79,Home Office,North America,United States,Technology,Smartphones,4262.68,6,0.15,882.24
ORD-2024-11792,2024-01-09,CUST-1136,Olivia Brown 88,Home Office,Asia Pacific,Australia,Technology,Smartphones,4151.43,7,0.3,1164.55
ORD-2024-11793,2025-04-08,CUST-1073,Liam Smith 84,Corporate,Latin America,Mexico,Office Supplies,Appliances,785.4,5,0.2,334.05
ORD-2024-11794,2025-04-06,CUST-1117,Charlotte Thomas 48,Corporate,Europe,Italy,Furniture,Tables,1422.96,6,0.2,107.13
ORD-2024-11795,2024-09-22,CUST-1028,Charlotte Thomas 7,Consumer,Europe,Germany,Furniture,Furnishings,754.43,2,0.05,82.87
ORD-2024-11796,2024-10-03,CUST-1048,Charlotte Thomas 58,Consumer,Latin America,Brazil,Furniture,Furnishings,2010.78,5,0.1,426.64
ORD-2024-11797,2025-02-08,CUST-1068,Olivia Brown 55,Corporate,Europe,Italy,Furniture,Furnishings,270.08,3,0.3,25.26
ORD-2024-11798,2024-01-16,CUST-1053,Benjamin Anderson 65,Corporate,Latin America,Chile,Technology,Smartphones,5765.95,8,0.2,979.9
ORD-2024-11799,2025-04-28,CUST-1086,Charlotte Thomas 2,Consumer,Europe,Germany,Furniture,Tables,2607.23,6,0.1,207.43
ORD-2024-11800,2025-03-17,CUST-1108,James Taylor 75,Consumer,Europe,France,Technology,Accessories,739.19,1,0.35,-36.96
ORD-2024-11801,2025-01-18,CUST-1003,Sophia Wilson 25,Consumer,Latin America,Brazil,Office Supplies,Paper,125.6,4,0.2,28.13
ORD-2024-11802,2024-05-07,CUST-1136,Liam Smith 74,Corporate,Asia Pacific,Australia,Office Supplies,Storage,262.89,4,0.3,86.22
ORD-2024-11803,2024-10-20,CUST-1015,Benjamin Anderson 42,Home Office,North America,United States,Technology,Accessories,1472.55,3,0.1,298.99
ORD-2024-11804,2024-08-24,CUST-1052,James Taylor 9,Corporate,Latin America,Brazil,Furniture,Tables,1239.2,8,0.0,115.75
ORD-2024-11805,2024-06-27,CUST-1130,Charlotte Thomas 52,Home Office,Europe,United Kingdom,Furniture,Desks,454.2,1,0.3,23.36
ORD-2024-11806,2024-06-19,CUST-1139,Sophia Wilson 97,Corporate,North America,Canada,Office Supplies,Storage,472.36,4,0.0,186.68
ORD-2024-11807,2025-03-16,CUST-1098,James Taylor 31,Home Office,Latin America,Chile,Technology,Accessories,1144.68,2,0.0,280.4
ORD-2024-11808,2024-05-06,CUST-1100,Charlotte Thomas 6,Home Office,Europe,Italy,Technology,Printers,6162.8,8,0.0,2242.12
ORD-2024-11809,2024-10-05,CUST-1107,James Taylor 53,Consumer,Asia Pacific,Australia,Furniture,Desks,2777.86,7,0.1,281.36
ORD-2024-11810,2025-02-22,CUST-1105,Emma Watson 5,Consumer,Latin America,Mexico,Office Supplies,Binders,383.95,5,0.15,172.19
ORD-2024-11811,2024-01-22,CUST-1095,Emma Watson 5,Consumer,North America,United States,Furniture,Desks,143.31,3,0.15,19.19
ORD-2024-11812,2024-08-04,CUST-1034,Benjamin Anderson 14,Corporate,Asia Pacific,Singapore,Furniture,Chairs,1429.28,4,0.2,162.08
ORD-2024-11813,2024-04-18,CUST-1005,Charlotte Thomas 53,Home Office,North America,Canada,Furniture,Tables,196.08,1,0.2,16.62
ORD-2024-11814,2024-09-15,CUST-1137,Noah Davis 79,Home Office,Latin America,Mexico,Furniture,Bookcases,482.08,4,0.1,75.94
ORD-2024-11815,2025-04-02,CUST-1116,Liam Smith 63,Consumer,Latin America,Mexico,Technology,Smartphones,5551.62,7,0.2,2164.93
ORD-2024-11816,2024-03-02,CUST-1027,James Taylor 35,Home Office,North America,United States,Furniture,Desks,788.78,2,0.2,117.28
ORD-2024-11817,2024-10-07,CUST-1120,Mia Martinez 84,Home Office,Asia Pacific,Australia,Office Supplies,Binders,261.25,5,0.15,87.48
ORD-2024-11818,2025-02-28,CUST-1064,Emma Watson 30,Home Office,North America,United States,Office Supplies,Paper,1345.77,6,0.05,476.13
ORD-2024-11819,2024-11-22,CUST-1107,Alex Rivera 24,Home Office,Europe,Spain,Technology,Accessories,1366.8,3,0.0,520.69
ORD-2024-11820,2024-02-04,CUST-1043,Olivia Brown 11,Home Office,North America,Canada,Furniture,Tables,677.07,5,0.1,42.83
ORD-2024-11821,2024-01-29,CUST-1126,Charlotte Thomas 91,Corporate,North America,United States,Technology,Accessories,1942.88,4,0.2,603.87
ORD-2024-11822,2024-01-31,CUST-1123,Charlotte Thomas 40,Consumer,Europe,United Kingdom,Furniture,Furnishings,611.27,1,0.2,119.83
ORD-2024-11823,2024-10-12,CUST-1121,Liam Smith 96,Corporate,Asia Pacific,India,Technology,Laptops,564.38,2,0.15,203.46
ORD-2024-11824,2025-02-10,CUST-1036,Liam Smith 38,Consumer,Asia Pacific,Australia,Technology,Printers,221.54,1,0.0,43.89
ORD-2024-11825,2024-07-14,CUST-1134,James Taylor 13,Home Office,Latin America,Brazil,Technology,Printers,577.39,7,0.15,186.85
ORD-2024-11826,2024-03-27,CUST-1014,Liam Smith 5,Consumer,Asia Pacific,Australia,Furniture,Tables,945.73,2,0.2,115.45
ORD-2024-11827,2024-07-28,CUST-1139,Charlotte Thomas 4,Consumer,Asia Pacific,India,Furniture,Furnishings,284.74,1,0.0,42.42
ORD-2024-11828,2024-03-10,CUST-1085,Charlotte Thomas 2,Consumer,Latin America,Brazil,Office Supplies,Art,22.03,1,0.3,7.39
ORD-2024-11829,2024-03-23,CUST-1023,Emma Watson 27,Home Office,Latin America,Chile,Technology,Monitors,1051.55,2,0.3,260.22
ORD-2024-11830,2024-03-13,CUST-1047,Emma Watson 4,Corporate,Asia Pacific,Singapore,Office Supplies,Art,1601.28,8,0.0,593.82
ORD-2024-11831,2024-10-07,CUST-1017,Mia Martinez 1,Corporate,Asia Pacific,Singapore,Technology,Printers,445.71,3,0.05,151.49
ORD-2024-11832,2024-05-30,CUST-1033,Liam Smith 47,Consumer,North America,Canada,Technology,Laptops,1811.52,4,0.2,393.95
ORD-2024-11833,2024-02-12,CUST-1036,Alex Rivera 75,Corporate,Asia Pacific,India,Furniture,Desks,315.28,1,0.05,58.29
ORD-2024-11834,2024-08-03,CUST-1090,Sophia Wilson 13,Consumer,Europe,Spain,Furniture,Chairs,1885.31,5,0.3,304.36
ORD-2024-11835,2025-05-11,CUST-1034,Noah Davis 45,Home Office,Asia Pacific,Singapore,Technology,Printers,265.24,2,0.0,77.91
ORD-2024-11836,2024-02-26,CUST-1081,Benjamin Anderson 75,Consumer,Europe,Spain,Office Supplies,Art,869.43,5,0.3,332.12
ORD-2024-11837,2024-10-01,CUST-1105,Noah Davis 62,Home Office,Latin America,Chile,Office Supplies,Art,275.13,8,0.15,137.49
ORD-2024-11838,2025-04-09,CUST-1002,Benjamin Anderson 68,Corporate,Asia Pacific,India,Furniture,Chairs,1473.49,4,0.15,315.58
ORD-2024-11839,2024-10-12,CUST-1022,Charlotte Thomas 15,Home Office,North America,Canada,Furniture,Furnishings,2054.34,3,0.0,282.34
ORD-2024-11840,2024-01-23,CUST-1012,James Taylor 74,Home Office,Europe,Spain,Office Supplies,Binders,1197.4,6,0.05,339.56
ORD-2024-11841,2024-05-17,CUST-1130,James Taylor 35,Corporate,North America,United States,Technology,Laptops,5639.76,7,0.1,1232.74
ORD-2024-11842,2024-04-05,CUST-1037,Alex Rivera 22,Consumer,Europe,United Kingdom,Office Supplies,Art,524.16,3,0.0,161.33
ORD-2024-11843,2024-06-17,CUST-1000,Olivia Brown 98,Consumer,North America,United States,Technology,Smartphones,5711.88,7,0.05,1989.56
ORD-2024-11844,2025-01-15,CUST-1103,Mia Martinez 31,Home Office,North America,United States,Technology,Monitors,1639.9,2,0.0,349.35
ORD-2024-11845,2024-07-26,CUST-1000,Alex Rivera 75,Consumer,Latin America,Chile,Office Supplies,Binders,434.49,3,0.3,151.35
ORD-2024-11846,2025-04-23,CUST-1116,Charlotte Thomas 87,Home Office,Latin America,Chile,Office Supplies,Appliances,16.59,1,0.2,7.28
ORD-2024-11847,2024-06-21,CUST-1076,Benjamin Anderson 11,Home Office,Latin America,Mexico,Furniture,Tables,233.71,1,0.0,54.75
ORD-2024-11848,2025-02-21,CUST-1131,Noah Davis 88,Consumer,Europe,Spain,Technology,Smartphones,3762.71,4,0.15,642.0
ORD-2024-11849,2024-02-19,CUST-1133,Emma Watson 41,Consumer,Asia Pacific,Singapore,Furniture,Furnishings,741.66,5,0.05,181.38
ORD-2024-11850,2024-04-06,CUST-1066,Alex Rivera 9,Corporate,Europe,France,Technology,Accessories,566.34,1,0.15,130.49
ORD-2024-11851,2025-04-28,CUST-1147,Charlotte Thomas 77,Corporate,Asia Pacific,Singapore,Furniture,Tables,381.21,1,0.0,23.53
ORD-2024-11852,2024-03-11,CUST-1068,Alex Rivera 18,Home Office,North America,United States,Technology,Laptops,4044.7,5,0.0,757.67
ORD-2024-11853,2025-04-01,CUST-1100,Liam Smith 5,Home Office,Asia Pacific,Japan,Furniture,Bookcases,1444.88,3,0.15,137.96
ORD-2024-11854,2025-04-12,CUST-1091,Olivia Brown 53,Corporate,Europe,United Kingdom,Furniture,Tables,315.25,5,0.0,25.82
ORD-2024-11855,2024-02-18,CUST-1143,Liam Smith 71,Home Office,Asia Pacific,Japan,Office Supplies,Paper,244.71,2,0.3,61.91
ORD-2024-11856,2024-11-19,CUST-1083,Sophia Wilson 73,Consumer,Asia Pacific,India,Technology,Smartphones,474.18,3,0.05,77.69
ORD-2024-11857,2024-08-06,CUST-1104,Alex Rivera 7,Consumer,Europe,Italy,Technology,Monitors,567.04,2,0.0,97.78
ORD-2024-11858,2025-03-26,CUST-1044,Olivia Brown 17,Home Office,Latin America,Brazil,Furniture,Chairs,575.28,5,0.2,111.07
ORD-2024-11859,2024-01-06,CUST-1127,James Taylor 56,Corporate,Europe,France,Furniture,Tables,2079.17,5,0.3,177.85
ORD-2024-11860,2024-03-14,CUST-1112,James Taylor 29,Home Office,Asia Pacific,India,Technology,Smartphones,5490.81,6,0.05,833.02
ORD-2024-11861,2024-09-12,CUST-1052,Noah Davis 63,Consumer,Asia Pacific,Australia,Furniture,Furnishings,1310.41,2,0.15,327.39
ORD-2024-11862,2024-09-30,CUST-1043,Liam Smith 41,Consumer,Europe,Spain,Office Supplies,Binders,83.7,1,0.2,26.58
ORD-2024-11863,2024-08-02,CUST-1099,Sophia Wilson 90,Corporate,Europe,United Kingdom,Furniture,Chairs,5217.57,8,0.15,1150.27
ORD-2024-11864,2024-08-14,CUST-1130,Noah Davis 80,Corporate,Latin America,Mexico,Technology,Laptops,3243.67,4,0.1,498.75
ORD-2024-11865,2024-07-30,CUST-1027,Benjamin Anderson 39,Home Office,Latin America,Mexico,Technology,Laptops,1967.07,5,0.05,446.33
ORD-2024-11866,2024-06-06,CUST-1107,James Taylor 71,Consumer,North America,United States,Technology,Accessories,7576.95,7,0.1,2281.8
ORD-2024-11867,2025-01-19,CUST-1091,Liam Smith 46,Corporate,Europe,Germany,Furniture,Bookcases,1301.54,2,0.0,91.39
ORD-2024-11868,2024-12-29,CUST-1126,Olivia Brown 70,Home Office,North America,United States,Furniture,Desks,345.07,7,0.05,38.42
ORD-2024-11869,2024-06-21,CUST-1073,Benjamin Anderson 65,Consumer,North America,Canada,Office Supplies,Art,826.1,7,0.15,229.57
ORD-2024-11870,2025-01-31,CUST-1004,Sophia Wilson 13,Consumer,North America,United States,Technology,Laptops,6682.77,6,0.1,1329.99
ORD-2024-11871,2025-01-18,CUST-1071,Emma Watson 93,Consumer,Europe,Germany,Technology,Printers,1066.52,7,0.0,379.63
ORD-2024-11872,2024-05-02,CUST-1127,Liam Smith 13,Home Office,Latin America,Brazil,Technology,Laptops,1246.72,4,0.0,372.36
ORD-2024-11873,2024-10-08,CUST-1012,Emma Watson 12,Corporate,North America,United States,Technology,Accessories,11079.68,8,0.0,2328.68
ORD-2024-11874,2025-01-19,CUST-1127,Emma Watson 76,Corporate,Latin America,Brazil,Office Supplies,Paper,1478.36,7,0.05,632.99
ORD-2024-11875,2025-04-26,CUST-1090,Charlotte Thomas 97,Consumer,Asia Pacific,Japan,Office Supplies,Storage,1362.56,8,0.2,406.86
ORD-2024-11876,2024-07-05,CUST-1002,Emma Watson 10,Consumer,Latin America,Mexico,Technology,Accessories,1665.5,2,0.0,446.58
ORD-2024-11877,2024-03-26,CUST-1142,Benjamin Anderson 87,Corporate,North America,Canada,Technology,Printers,651.15,1,0.3,134.58
ORD-2024-11878,2024-02-27,CUST-1106,Emma Watson 55,Consumer,North America,Canada,Technology,Laptops,8499.58,7,0.1,2297.27
ORD-2024-11879,2025-01-31,CUST-1030,Benjamin Anderson 26,Corporate,Asia Pacific,Australia,Technology,Printers,2654.4,2,0.0,518.98
ORD-2024-11880,2024-05-26,CUST-1140,Alex Rivera 87,Home Office,Asia Pacific,Singapore,Furniture,Furnishings,154.58,3,0.3,15.67
ORD-2024-11881,2025-03-20,CUST-1075,Olivia Brown 99,Consumer,Europe,Spain,Technology,Laptops,1895.13,2,0.35,-94.76
ORD-2024-11882,2025-02-08,CUST-1098,Charlotte Thomas 86,Corporate,Asia Pacific,India,Furniture,Tables,467.32,1,0.15,98.22
ORD-2024-11883,2024-12-15,CUST-1091,Emma Watson 56,Home Office,North America,United States,Office Supplies,Storage,531.84,3,0.0,157.72
ORD-2024-11884,2025-01-11,CUST-1029,James Taylor 39,Consumer,Latin America,Brazil,Technology,Printers,5310.12,4,0.05,1279.71
ORD-2024-11885,2025-04-26,CUST-1133,Noah Davis 21,Corporate,Europe,Germany,Office Supplies,Appliances,587.98,3,0.1,213.17
ORD-2024-11886,2024-05-29,CUST-1128,Emma Watson 29,Consumer,North America,Canada,Technology,Printers,1865.96,2,0.0,427.49
ORD-2024-11887,2024-04-27,CUST-1011,Liam Smith 13,Corporate,North America,Canada,Furniture,Bookcases,3051.43,7,0.3,330.04
ORD-2024-11888,2024-12-31,CUST-1062,Olivia Brown 86,Home Office,Asia Pacific,Australia,Furniture,Furnishings,106.24,1,0.1,5.67
ORD-2024-11889,2024-03-01,CUST-1070,Mia Martinez 54,Corporate,Europe,Spain,Office Supplies,Appliances,258.62,2,0.35,-12.93
ORD-2024-11890,2024-10-09,CUST-1086,Sophia Wilson 96,Consumer,Europe,Italy,Technology,Printers,8212.8,6,0.0,1507.02
ORD-2024-11891,2024-10-30,CUST-1095,Charlotte Thomas 64,Home Office,North America,Canada,Furniture,Bookcases,116.25,1,0.3,24.69
ORD-2024-11892,2024-08-24,CUST-1041,Olivia Brown 94,Corporate,North America,United States,Furniture,Bookcases,2032.29,6,0.1,273.49
ORD-2024-11893,2024-08-24,CUST-1119,Liam Smith 5,Corporate,North America,Canada,Technology,Smartphones,587.34,1,0.2,156.21
ORD-2024-11894,2024-07-04,CUST-1098,Noah Davis 97,Home Office,Latin America,Chile,Office Supplies,Binders,119.21,1,0.05,27.34
ORD-2024-11895,2024-06-11,CUST-1078,Olivia Brown 68,Consumer,Europe,Spain,Furniture,Chairs,2857.68,6,0.3,405.23
ORD-2024-11896,2024-04-02,CUST-1098,Alex Rivera 21,Home Office,Europe,France,Furniture,Tables,3750.2,7,0.05,857.67
ORD-2024-11897,2024-04-05,CUST-1142,Benjamin Anderson 39,Consumer,Latin America,Mexico,Furniture,Bookcases,851.65,8,0.3,194.58
ORD-2024-11898,2024-12-15,CUST-1052,Liam Smith 62,Consumer,Europe,France,Technology,Monitors,8645.29,7,0.15,2199.29
ORD-2024-11899,2024-03-11,CUST-1091,Charlotte Thomas 17,Consumer,Latin America,Chile,Office Supplies,Art,763.27,7,0.3,311.59
ORD-2024-11900,2025-02-12,CUST-1067,Benjamin Anderson 67,Corporate,Europe,United Kingdom,Technology,Accessories,4276.22,4,0.1,647.88
ORD-2024-11901,2025-02-07,CUST-1006,Benjamin Anderson 78,Consumer,Latin America,Brazil,Office Supplies,Art,903.02,6,0.2,411.89
ORD-2024-11902,2024-08-07,CUST-1065,Alex Rivera 41,Consumer,Asia Pacific,India,Furniture,Chairs,4097.41,8,0.15,787.26
ORD-2024-11903,2024-06-25,CUST-1065,Liam Smith 56,Consumer,North America,United States,Office Supplies,Storage,115.57,3,0.15,30.4
ORD-2024-11904,2024-07-25,CUST-1033,Mia Martinez 94,Consumer,Europe,Germany,Office Supplies,Binders,132.88,3,0.15,30.69
ORD-2024-11905,2025-01-24,CUST-1019,Mia Martinez 48,Home Office,Latin America,Mexico,Office Supplies,Paper,412.23,2,0.15,102.77
ORD-2024-11906,2025-02-03,CUST-1075,Liam Smith 79,Home Office,Asia Pacific,Japan,Furniture,Bookcases,3796.02,7,0.2,609.99
ORD-2024-11907,2024-01-17,CUST-1095,Liam Smith 14,Corporate,North America,United States,Office Supplies,Binders,115.33,3,0.3,37.36
ORD-2024-11908,2025-05-07,CUST-1145,Benjamin Anderson 2,Consumer,Asia Pacific,Australia,Office Supplies,Art,148.94,2,0.0,48.66
ORD-2024-11909,2024-01-13,CUST-1018,Mia Martinez 60,Consumer,Europe,Germany,Furniture,Desks,345.82,1,0.1,64.69
ORD-2024-11910,2025-04-26,CUST-1008,Noah Davis 75,Consumer,Europe,United Kingdom,Furniture,Tables,797.51,5,0.15,132.0
ORD-2024-11911,2025-03-12,CUST-1028,Mia Martinez 21,Home Office,Asia Pacific,India,Furniture,Desks,589.53,1,0.2,55.69
ORD-2024-11912,2024-10-15,CUST-1008,James Taylor 97,Corporate,Asia Pacific,Japan,Technology,Accessories,5726.46,6,0.0,1859.5
ORD-2024-11913,2024-04-22,CUST-1057,Liam Smith 60,Home Office,Europe,Spain,Technology,Monitors,3126.89,3,0.2,561.18
ORD-2024-11914,2024-07-17,CUST-1056,Sophia Wilson 84,Consumer,Asia Pacific,India,Technology,Laptops,7492.42,7,0.15,1863.99
ORD-2024-11915,2024-06-18,CUST-1043,Mia Martinez 22,Home Office,Asia Pacific,Singapore,Technology,Monitors,4648.44,6,0.0,1223.29
ORD-2024-11916,2024-01-01,CUST-1129,Benjamin Anderson 56,Corporate,North America,Canada,Office Supplies,Art,1739.43,7,0.0,436.41
ORD-2024-11917,2024-10-06,CUST-1002,Emma Watson 73,Consumer,North America,United States,Technology,Smartphones,6478.29,5,0.05,1975.39
ORD-2024-11918,2024-05-23,CUST-1066,Benjamin Anderson 74,Consumer,Europe,United Kingdom,Technology,Accessories,5468.62,4,0.05,1057.24
ORD-2024-11919,2025-05-05,CUST-1042,Olivia Brown 46,Consumer,North America,United States,Furniture,Bookcases,308.04,1,0.0,53.49
ORD-2024-11920,2025-01-08,CUST-1057,Sophia Wilson 37,Corporate,North America,United States,Furniture,Furnishings,1498.77,5,0.3,309.76
ORD-2024-11921,2024-11-15,CUST-1049,Olivia Brown 25,Consumer,Asia Pacific,Australia,Furniture,Desks,1482.21,3,0.0,314.78
ORD-2024-11922,2024-01-14,CUST-1088,Charlotte Thomas 96,Home Office,Europe,Germany,Technology,Accessories,2182.68,2,0.05,807.43
ORD-2024-11923,2024-01-30,CUST-1113,Sophia Wilson 97,Home Office,Latin America,Mexico,Office Supplies,Appliances,157.55,1,0.0,38.25
ORD-2024-11924,2025-05-10,CUST-1127,James Taylor 26,Consumer,Latin America,Mexico,Furniture,Furnishings,986.31,3,0.0,228.12
ORD-2024-11925,2024-07-15,CUST-1046,Charlotte Thomas 35,Home Office,North America,United States,Furniture,Bookcases,826.56,2,0.2,63.22
ORD-2024-11926,2024-07-21,CUST-1114,Emma Watson 90,Consumer,North America,Canada,Furniture,Desks,1509.37,3,0.15,333.56
ORD-2024-11927,2024-05-20,CUST-1121,Sophia Wilson 20,Home Office,Latin America,Mexico,Furniture,Chairs,1518.24,3,0.3,83.63
ORD-2024-11928,2024-11-13,CUST-1108,Emma Watson 58,Consumer,North America,United States,Office Supplies,Appliances,216.0,5,0.1,99.87
ORD-2024-11929,2024-05-18,CUST-1015,Olivia Brown 22,Home Office,North America,United States,Furniture,Desks,4170.24,6,0.0,473.57
ORD-2024-11930,2024-05-18,CUST-1053,Liam Smith 13,Home Office,North America,Canada,Technology,Smartphones,5540.23,8,0.15,2101.58
ORD-2024-11931,2024-08-24,CUST-1035,Noah Davis 60,Home Office,Europe,France,Office Supplies,Storage,649.17,3,0.0,227.54
ORD-2024-11932,2024-04-30,CUST-1065,Sophia Wilson 90,Home Office,North America,United States,Office Supplies,Paper,561.68,8,0.15,119.32
ORD-2024-11933,2024-09-09,CUST-1097,Charlotte Thomas 26,Consumer,Europe,United Kingdom,Office Supplies,Appliances,1554.08,7,0.1,355.24
ORD-2024-11934,2025-03-22,CUST-1014,Liam Smith 44,Corporate,Asia Pacific,India,Furniture,Chairs,2992.79,6,0.3,450.99
ORD-2024-11935,2025-02-05,CUST-1091,Benjamin Anderson 68,Consumer,Europe,France,Office Supplies,Art,1372.1,8,0.05,440.94
ORD-2024-11936,2024-03-29,CUST-1004,Benjamin Anderson 35,Corporate,Latin America,Brazil,Office Supplies,Appliances,1063.48,6,0.1,507.49
ORD-2024-11937,2025-03-17,CUST-1081,Sophia Wilson 11,Home Office,Latin America,Brazil,Office Supplies,Binders,308.58,6,0.0,131.61
ORD-2024-11938,2024-09-30,CUST-1046,Sophia Wilson 94,Home Office,Latin America,Brazil,Furniture,Tables,1190.88,7,0.05,199.83
ORD-2024-11939,2024-05-08,CUST-1046,Alex Rivera 12,Consumer,Europe,United Kingdom,Furniture,Chairs,637.46,3,0.2,33.33
ORD-2024-11940,2024-01-07,CUST-1106,James Taylor 22,Home Office,Latin America,Brazil,Technology,Printers,2906.41,5,0.1,1037.61
ORD-2024-11941,2024-01-27,CUST-1148,Sophia Wilson 56,Consumer,Europe,Germany,Furniture,Bookcases,374.68,1,0.3,36.09
ORD-2024-11942,2024-02-08,CUST-1012,Emma Watson 74,Consumer,Europe,France,Technology,Monitors,2733.86,3,0.05,613.67
ORD-2024-11943,2024-08-25,CUST-1023,Emma Watson 76,Consumer,Latin America,Brazil,Office Supplies,Paper,88.62,1,0.2,21.54
ORD-2024-11944,2024-09-05,CUST-1009,Sophia Wilson 52,Corporate,Latin America,Brazil,Office Supplies,Art,178.02,1,0.15,87.71
ORD-2024-11945,2025-03-21,CUST-1033,James Taylor 37,Consumer,Asia Pacific,Japan,Technology,Monitors,4121.48,8,0.05,824.18
ORD-2024-11946,2024-08-04,CUST-1023,Mia Martinez 55,Home Office,Europe,United Kingdom,Office Supplies,Paper,201.76,4,0.15,47.29
ORD-2024-11947,2024-11-25,CUST-1066,Noah Davis 92,Consumer,Latin America,Mexico,Technology,Laptops,6904.11,7,0.1,1512.04
ORD-2024-11948,2025-02-22,CUST-1073,Emma Watson 96,Consumer,Latin America,Brazil,Furniture,Tables,3045.67,7,0.2,372.8
ORD-2024-11949,2025-05-01,CUST-1107,Alex Rivera 55,Home Office,Europe,France,Office Supplies,Storage,47.89,1,0.1,22.22
ORD-2024-11950,2025-02-18,CUST-1017,Mia Martinez 42,Corporate,North America,Canada,Technology,Smartphones,8108.61,8,0.2,2464.0
ORD-2024-11951,2024-04-06,CUST-1044,Noah Davis 90,Consumer,North America,United States,Furniture,Furnishings,964.75,5,0.1,197.1
ORD-2024-11952,2024-02-09,CUST-1127,Liam Smith 29,Corporate,Asia Pacific,India,Furniture,Desks,2384.14,7,0.2,241.05
ORD-2024-11953,2024-10-18,CUST-1002,Liam Smith 46,Corporate,Asia Pacific,Australia,Furniture,Desks,327.17,1,0.1,61.39
ORD-2024-11954,2024-03-29,CUST-1050,Benjamin Anderson 56,Home Office,Asia Pacific,Japan,Office Supplies,Paper,196.02,1,0.2,59.13
ORD-2024-11955,2024-09-13,CUST-1086,Sophia Wilson 62,Home Office,Asia Pacific,Australia,Technology,Printers,3999.89,4,0.1,1380.19
ORD-2024-11956,2024-11-04,CUST-1004,Alex Rivera 75,Consumer,Latin America,Chile,Technology,Accessories,930.77,1,0.1,253.34
ORD-2024-11957,2024-11-27,CUST-1105,Emma Watson 38,Consumer,Latin America,Chile,Office Supplies,Storage,609.52,8,0.0,194.35
ORD-2024-11958,2024-07-11,CUST-1021,Benjamin Anderson 97,Corporate,Asia Pacific,India,Furniture,Tables,1442.3,3,0.3,325.05
ORD-2024-11959,2025-01-21,CUST-1059,James Taylor 71,Consumer,Asia Pacific,Singapore,Office Supplies,Paper,134.67,1,0.0,32.96
ORD-2024-11960,2024-08-31,CUST-1042,Charlotte Thomas 15,Consumer,Asia Pacific,Singapore,Technology,Printers,7019.11,7,0.0,1561.85
ORD-2024-11961,2024-04-30,CUST-1093,James Taylor 97,Corporate,North America,Canada,Technology,Laptops,7792.99,8,0.1,2951.3
ORD-2024-11962,2024-10-30,CUST-1130,Olivia Brown 28,Consumer,Latin America,Mexico,Office Supplies,Art,144.34,1,0.15,49.26
ORD-2024-11963,2025-02-09,CUST-1030,Benjamin Anderson 18,Consumer,Europe,Spain,Furniture,Tables,3667.1,5,0.0,633.9
ORD-2024-11964,2025-01-29,CUST-1131,Mia Martinez 66,Home Office,Latin America,Mexico,Technology,Monitors,985.23,1,0.15,263.73
ORD-2024-11965,2024-04-15,CUST-1146,James Taylor 27,Corporate,Europe,Italy,Office Supplies,Appliances,1485.32,8,0.15,307.79
ORD-2024-11966,2025-03-08,CUST-1080,Sophia Wilson 3,Home Office,Asia Pacific,Australia,Technology,Smartphones,959.54,1,0.1,299.36
ORD-2024-11967,2024-10-14,CUST-1108,Emma Watson 70,Corporate,Latin America,Brazil,Furniture,Tables,204.45,1,0.0,26.67
ORD-2024-11968,2024-03-24,CUST-1147,Alex Rivera 61,Consumer,Europe,Italy,Office Supplies,Paper,334.43,3,0.35,-16.72
ORD-2024-11969,2024-03-19,CUST-1107,Sophia Wilson 99,Consumer,Europe,Spain,Technology,Printers,732.75,1,0.35,-36.64
ORD-2024-11970,2025-03-01,CUST-1078,Charlotte Thomas 34,Consumer,Latin America,Chile,Furniture,Desks,290.64,4,0.0,53.74
ORD-2024-11971,2024-05-01,CUST-1083,Noah Davis 88,Home Office,North America,United States,Furniture,Bookcases,3756.35,7,0.15,207.94
ORD-2024-11972,2024-07-13,CUST-1045,Emma Watson 79,Corporate,Latin America,Brazil,Technology,Accessories,1206.95,3,0.1,251.05
ORD-2024-11973,2025-04-12,CUST-1131,Noah Davis 85,Consumer,North America,United States,Office Supplies,Paper,207.09,2,0.15,70.71
ORD-2024-11974,2025-03-16,CUST-1001,James Taylor 82,Corporate,Asia Pacific,Australia,Office Supplies,Paper,92.5,1,0.0,29.03
ORD-2024-11975,2025-03-11,CUST-1064,Charlotte Thomas 93,Home Office,Europe,Italy,Technology,Accessories,426.87,8,0.35,-21.34
ORD-2024-11976,2024-01-28,CUST-1039,James Taylor 81,Corporate,North America,Canada,Technology,Laptops,99.31,1,0.2,30.8
ORD-2024-11977,2025-03-19,CUST-1016,Mia Martinez 21,Corporate,Europe,Italy,Technology,Monitors,2775.1,3,0.35,-138.75
ORD-2024-11978,2024-05-31,CUST-1076,Benjamin Anderson 42,Consumer,North America,Canada,Technology,Monitors,3844.08,6,0.2,753.3
ORD-2024-11979,2024-11-27,CUST-1119,Noah Davis 12,Consumer,Latin America,Chile,Technology,Printers,1974.87,2,0.3,592.38
ORD-2024-11980,2025-04-02,CUST-1098,Emma Watson 22,Corporate,Latin America,Mexico,Technology,Smartphones,2614.83,3,0.0,549.18
ORD-2024-11981,2024-03-02,CUST-1116,Alex Rivera 82,Consumer,Latin America,Brazil,Office Supplies,Storage,278.46,4,0.1,122.78
ORD-2024-11982,2024-07-14,CUST-1047,Noah Davis 43,Home Office,Latin America,Brazil,Technology,Laptops,334.42,5,0.3,127.95
ORD-2024-11983,2024-03-14,CUST-1076,Liam Smith 85,Corporate,Europe,Spain,Office Supplies,Paper,293.55,3,0.35,-14.68
ORD-2024-11984,2024-05-07,CUST-1002,Liam Smith 71,Corporate,Latin America,Mexico,Office Supplies,Paper,342.9,7,0.3,146.87
ORD-2024-11985,2024-01-01,CUST-1033,Noah Davis 32,Corporate,Asia Pacific,Australia,Office Supplies,Storage,114.51,6,0.05,46.89
ORD-2024-11986,2024-08-05,CUST-1065,Benjamin Anderson 97,Consumer,Latin America,Mexico,Furniture,Chairs,3813.03,7,0.3,398.06
ORD-2024-11987,2025-03-25,CUST-1130,Benjamin Anderson 19,Consumer,Asia Pacific,India,Furniture,Desks,1534.15,5,0.3,199.46
ORD-2024-11988,2024-03-18,CUST-1050,Liam Smith 30,Corporate,North America,Canada,Furniture,Tables,3170.41,7,0.1,529.65
ORD-2024-11989,2024-03-07,CUST-1095,Charlotte Thomas 40,Home Office,Latin America,Chile,Technology,Laptops,5428.58,5,0.05,1635.13
ORD-2024-11990,2024-07-17,CUST-1047,Liam Smith 53,Home Office,Europe,Germany,Furniture,Tables,2231.17,8,0.2,371.89
ORD-2024-11991,2024-03-31,CUST-1048,Sophia Wilson 49,Home Office,Europe,Italy,Office Supplies,Appliances,519.66,4,0.35,-25.98
ORD-2024-11992,2024-10-10,CUST-1122,James Taylor 72,Home Office,Latin America,Chile,Furniture,Tables,2591.77,6,0.15,135.99
ORD-2024-11993,2024-03-03,CUST-1063,Noah Davis 68,Consumer,North America,Canada,Office Supplies,Binders,105.44,4,0.2,37.79
ORD-2024-11994,2024-04-07,CUST-1021,Liam Smith 17,Corporate,North America,United States,Technology,Smartphones,343.85,1,0.3,135.73
ORD-2024-11995,2024-12-23,CUST-1119,James Taylor 19,Home Office,North America,Canada,Office Supplies,Binders,751.45,5,0.3,361.25
ORD-2024-11996,2024-02-06,CUST-1055,Noah Davis 16,Consumer,Europe,Italy,Office Supplies,Art,662.26,8,0.05,139.04
ORD-2024-11997,2024-11-09,CUST-1138,James Taylor 83,Corporate,Latin America,Mexico,Technology,Laptops,451.38,1,0.1,137.79
ORD-2024-11998,2024-12-29,CUST-1038,Alex Rivera 67,Consumer,Europe,France,Technology,Smartphones,6050.1,8,0.15,1555.04
ORD-2024-11999,2025-04-27,CUST-1026,Charlotte Thomas 34,Home Office,Latin America,Brazil,Office Supplies,Appliances,161.76,1,0.3,80.28
ORD-2024-12000,2024-07-08,CUST-1102,Benjamin Anderson 17,Consumer,North America,Canada,Office Supplies,Storage,58.68,1,0.15,22.57
ORD-2024-12001,2024-07-28,CUST-1025,Benjamin Anderson 56,Home Office,Asia Pacific,India,Technology,Accessories,1157.76,1,0.1,245.42
ORD-2024-12002,2025-04-25,CUST-1078,Mia Martinez 33,Consumer,Europe,France,Technology,Smartphones,5669.66,8,0.3,1727.37
ORD-2024-12003,2025-03-11,CUST-1103,Emma Watson 2,Consumer,Latin America,Mexico,Furniture,Desks,904.01,2,0.15,224.3
ORD-2024-12004,2024-06-28,CUST-1015,Olivia Brown 54,Consumer,Europe,Germany,Technology,Accessories,2021.31,2,0.2,403.39
ORD-2024-12005,2024-09-04,CUST-1049,Olivia Brown 59,Consumer,Europe,France,Office Supplies,Binders,920.21,5,0.1,417.76
ORD-2024-12006,2024-05-26,CUST-1140,Charlotte Thomas 1,Corporate,Latin America,Mexico,Technology,Printers,7612.32,7,0.05,2615.72
ORD-2024-12007,2024-06-10,CUST-1016,Alex Rivera 89,Corporate,Latin America,Mexico,Technology,Monitors,1014.94,8,0.3,160.9
ORD-2024-12008,2025-04-15,CUST-1142,Sophia Wilson 12,Corporate,Europe,United Kingdom,Office Supplies,Appliances,419.9,5,0.1,132.29
ORD-2024-12009,2025-05-12,CUST-1065,Alex Rivera 78,Consumer,Asia Pacific,Japan,Furniture,Bookcases,641.84,2,0.3,126.65
ORD-2024-12010,2024-02-18,CUST-1082,Mia Martinez 34,Corporate,Latin America,Chile,Furniture,Desks,852.91,2,0.15,50.64
ORD-2024-12011,2024-09-08,CUST-1121,Alex Rivera 7,Corporate,North America,United States,Technology,Accessories,2664.45,5,0.0,759.09
ORD-2024-12012,2024-01-10,CUST-1063,Charlotte Thomas 92,Home Office,Europe,United Kingdom,Technology,Monitors,365.66,4,0.2,89.83
ORD-2024-12013,2025-01-28,CUST-1041,Alex Rivera 31,Home Office,Asia Pacific,India,Office Supplies,Storage,112.56,1,0.3,37.53
ORD-2024-12014,2024-10-03,CUST-1003,Liam Smith 51,Corporate,Europe,Italy,Office Supplies,Storage,199.9,7,0.1,81.48
ORD-2024-12015,2024-12-29,CUST-1052,Olivia Brown 93,Consumer,Asia Pacific,India,Technology,Laptops,508.16,4,0.2,201.42
ORD-2024-12016,2024-06-02,CUST-1067,Alex Rivera 65,Home Office,North America,Canada,Furniture,Chairs,3433.52,8,0.0,581.35
ORD-2024-12017,2024-01-22,CUST-1030,Charlotte Thomas 90,Home Office,North America,Canada,Technology,Smartphones,536.67,3,0.15,131.29
ORD-2024-12018,2024-02-19,CUST-1085,Benjamin Anderson 36,Home Office,Asia Pacific,Japan,Furniture,Desks,2470.99,4,0.05,448.8
ORD-2024-12019,2024-02-27,CUST-1103,Alex Rivera 38,Corporate,Europe,United Kingdom,Technology,Accessories,2244.26,8,0.3,340.57
ORD-2024-12020,2024-09-01,CUST-1069,Sophia Wilson 92,Corporate,Asia Pacific,India,Office Supplies,Paper,456.22,3,0.3,213.79
ORD-2024-12021,2024-02-10,CUST-1113,Emma Watson 38,Corporate,North America,Canada,Office Supplies,Binders,882.86,7,0.15,389.49
ORD-2024-12022,2024-07-27,CUST-1033,James Taylor 24,Consumer,Asia Pacific,India,Technology,Accessories,389.09,1,0.05,131.22
ORD-2024-12023,2024-02-07,CUST-1136,Noah Davis 3,Consumer,Asia Pacific,India,Office Supplies,Art,64.01,7,0.2,20.51
ORD-2024-12024,2024-06-18,CUST-1013,James Taylor 31,Consumer,Latin America,Mexico,Technology,Printers,7545.06,6,0.0,1375.59
ORD-2024-12025,2024-09-28,CUST-1022,James Taylor 35,Consumer,North America,United States,Technology,Monitors,270.18,2,0.05,44.49
ORD-2024-12026,2025-01-14,CUST-1060,Alex Rivera 19,Corporate,Europe,Germany,Office Supplies,Storage,310.59,4,0.15,132.65
ORD-2024-12027,2024-10-18,CUST-1119,Charlotte Thomas 47,Consumer,North America,United States,Furniture,Chairs,610.05,7,0.0,46.74
ORD-2024-12028,2025-05-10,CUST-1118,Sophia Wilson 64,Corporate,Asia Pacific,Singapore,Furniture,Furnishings,687.47,1,0.1,73.67
ORD-2024-12029,2024-10-12,CUST-1072,Noah Davis 43,Consumer,North America,United States,Office Supplies,Paper,225.89,2,0.3,82.32
ORD-2024-12030,2024-07-18,CUST-1089,Sophia Wilson 68,Consumer,Asia Pacific,Singapore,Furniture,Tables,2237.99,3,0.05,379.17
ORD-2024-12031,2024-12-17,CUST-1094,Liam Smith 16,Corporate,Latin America,Brazil,Furniture,Tables,1138.69,4,0.15,80.29
ORD-2024-12032,2024-08-03,CUST-1035,Noah Davis 70,Corporate,North America,Canada,Technology,Accessories,1829.5,3,0.15,686.88
ORD-2024-12033,2024-07-26,CUST-1004,Liam Smith 26,Corporate,North America,Canada,Office Supplies,Storage,94.16,6,0.05,38.07
ORD-2024-12034,2024-02-04,CUST-1112,Olivia Brown 87,Home Office,North America,Canada,Furniture,Chairs,258.33,1,0.1,40.12
ORD-2024-12035,2024-10-19,CUST-1015,Sophia Wilson 17,Consumer,Asia Pacific,Singapore,Technology,Laptops,2312.93,6,0.1,602.71
ORD-2024-12036,2024-05-15,CUST-1014,James Taylor 34,Home Office,Asia Pacific,Australia,Technology,Accessories,6822.66,8,0.2,1116.21
ORD-2024-12037,2025-01-05,CUST-1117,Emma Watson 74,Home Office,North America,Canada,Furniture,Bookcases,3839.98,7,0.2,356.97
ORD-2024-12038,2024-06-18,CUST-1099,Emma Watson 71,Consumer,Europe,France,Office Supplies,Appliances,875.7,8,0.15,318.83
ORD-2024-12039,2024-01-04,CUST-1095,Mia Martinez 7,Consumer,Europe,Spain,Furniture,Chairs,1826.2,4,0.0,385.59
ORD-2024-12040,2024-02-21,CUST-1144,Liam Smith 21,Consumer,Asia Pacific,India,Furniture,Desks,446.8,3,0.3,85.47
ORD-2024-12041,2024-12-23,CUST-1122,Olivia Brown 88,Consumer,Europe,Italy,Furniture,Bookcases,586.34,3,0.2,137.39
ORD-2024-12042,2024-06-13,CUST-1061,Liam Smith 51,Corporate,Latin America,Chile,Office Supplies,Binders,489.53,8,0.15,232.79
ORD-2024-12043,2024-11-14,CUST-1040,Olivia Brown 93,Home Office,Asia Pacific,Australia,Technology,Laptops,1255.14,3,0.0,368.77
ORD-2024-12044,2024-05-08,CUST-1000,Emma Watson 55,Home Office,Europe,United Kingdom,Technology,Monitors,1356.71,3,0.05,529.63
ORD-2024-12045,2024-09-10,CUST-1018,Charlotte Thomas 76,Home Office,Europe,Italy,Technology,Printers,3303.54,6,0.0,766.63
ORD-2024-12046,2024-05-17,CUST-1087,Liam Smith 50,Consumer,Latin America,Mexico,Furniture,Furnishings,1077.85,2,0.05,172.7
ORD-2024-12047,2024-04-23,CUST-1031,Alex Rivera 1,Home Office,Latin America,Mexico,Technology,Laptops,2642.51,3,0.15,1052.31
ORD-2024-12048,2025-01-06,CUST-1038,Liam Smith 64,Corporate,Latin America,Mexico,Technology,Laptops,6927.18,7,0.3,1915.77
ORD-2024-12049,2025-05-06,CUST-1008,James Taylor 52,Corporate,Latin America,Brazil,Furniture,Chairs,1233.0,6,0.0,120.35
ORD-2024-12050,2025-02-12,CUST-1008,Sophia Wilson 79,Corporate,Europe,Italy,Office Supplies,Storage,212.35,5,0.0,88.84
ORD-2024-12051,2024-01-20,CUST-1121,Noah Davis 94,Consumer,Europe,Spain,Furniture,Chairs,3311.47,7,0.15,683.16
ORD-2024-12052,2024-07-06,CUST-1129,Liam Smith 55,Corporate,Latin America,Brazil,Furniture,Furnishings,4950.93,7,0.05,261.2
ORD-2024-12053,2024-01-21,CUST-1062,James Taylor 25,Home Office,Asia Pacific,India,Furniture,Tables,2386.8,5,0.2,333.11
ORD-2024-12054,2024-06-10,CUST-1124,Charlotte Thomas 27,Consumer,Europe,Italy,Office Supplies,Appliances,692.2,5,0.2,302.41
ORD-2024-12055,2024-05-11,CUST-1129,James Taylor 5,Home Office,Asia Pacific,Singapore,Technology,Accessories,3526.59,4,0.05,1255.07
ORD-2024-12056,2025-01-31,CUST-1111,Noah Davis 28,Consumer,Europe,United Kingdom,Office Supplies,Storage,426.3,2,0.05,98.16
ORD-2024-12057,2025-01-02,CUST-1140,Charlotte Thomas 91,Home Office,North America,United States,Furniture,Furnishings,1517.57,6,0.05,152.21
ORD-2024-12058,2024-01-03,CUST-1018,Liam Smith 88,Corporate,Latin America,Chile,Office Supplies,Binders,137.57,4,0.2,67.64
ORD-2024-12059,2024-12-26,CUST-1077,Mia Martinez 39,Consumer,Europe,France,Furniture,Tables,4879.12,8,0.0,1070.72
ORD-2024-12060,2025-01-31,CUST-1128,Benjamin Anderson 19,Consumer,Europe,Spain,Office Supplies,Appliances,149.17,1,0.1,59.25
ORD-2024-12061,2025-05-12,CUST-1074,Emma Watson 50,Home Office,North America,Canada,Office Supplies,Paper,691.57,4,0.3,288.39
ORD-2024-12062,2024-10-21,CUST-1094,James Taylor 40,Corporate,Asia Pacific,India,Technology,Accessories,5195.2,8,0.2,1129.1
ORD-2024-12063,2025-01-31,CUST-1099,Olivia Brown 87,Home Office,Europe,Germany,Office Supplies,Art,329.0,7,0.0,70.8
ORD-2024-12064,2024-10-05,CUST-1015,Charlotte Thomas 19,Corporate,North America,Canada,Furniture,Desks,350.03,7,0.1,42.45
ORD-2024-12065,2024-06-12,CUST-1115,Benjamin Anderson 53,Corporate,Asia Pacific,India,Office Supplies,Appliances,1281.37,6,0.1,545.2
ORD-2024-12066,2024-07-02,CUST-1126,Sophia Wilson 13,Consumer,Asia Pacific,India,Furniture,Bookcases,46.15,1,0.15,7.14
ORD-2024-12067,2024-06-21,CUST-1133,James Taylor 68,Consumer,Asia Pacific,Japan,Furniture,Chairs,1949.62,6,0.1,224.24
ORD-2024-12068,2024-03-19,CUST-1044,Noah Davis 39,Corporate,North America,Canada,Furniture,Chairs,599.6,4,0.05,93.45
ORD-2024-12069,2025-04-12,CUST-1136,James Taylor 3,Home Office,Europe,France,Furniture,Chairs,4781.12,8,0.0,1155.44
ORD-2024-12070,2024-07-28,CUST-1049,Alex Rivera 80,Corporate,Asia Pacific,Australia,Technology,Monitors,943.39,1,0.05,152.17
ORD-2024-12071,2024-12-21,CUST-1085,Alex Rivera 70,Home Office,Europe,Germany,Office Supplies,Storage,681.16,4,0.1,272.73
ORD-2024-12072,2024-01-07,CUST-1149,James Taylor 82,Consumer,Latin America,Chile,Furniture,Furnishings,1912.22,3,0.1,224.36
ORD-2024-12073,2024-03-19,CUST-1142,Noah Davis 15,Consumer,Asia Pacific,India,Office Supplies,Storage,613.75,5,0.1,291.11
ORD-2024-12074,2024-08-25,CUST-1052,Sophia Wilson 97,Corporate,Latin America,Mexico,Office Supplies,Paper,826.17,8,0.3,323.65
ORD-2024-12075,2024-04-24,CUST-1146,Noah Davis 87,Consumer,Asia Pacific,Japan,Technology,Printers,366.98,5,0.1,68.55
ORD-2024-12076,2025-03-22,CUST-1011,Olivia Brown 12,Corporate,Europe,France,Office Supplies,Storage,101.74,1,0.35,-5.09
ORD-2024-12077,2024-06-08,CUST-1039,Alex Rivera 30,Consumer,Latin America,Chile,Furniture,Tables,1572.47,7,0.15,192.65
ORD-2024-12078,2024-07-06,CUST-1029,Noah Davis 9,Home Office,Latin America,Chile,Furniture,Furnishings,2364.92,4,0.0,355.14
ORD-2024-12079,2025-01-21,CUST-1033,Charlotte Thomas 41,Home Office,Latin America,Chile,Office Supplies,Storage,235.74,7,0.05,64.45
ORD-2024-12080,2025-01-27,CUST-1056,Liam Smith 55,Consumer,Asia Pacific,India,Office Supplies,Appliances,488.63,3,0.15,159.29
ORD-2024-12081,2024-09-03,CUST-1074,Benjamin Anderson 27,Consumer,Latin America,Brazil,Office Supplies,Paper,245.16,3,0.2,64.74
ORD-2024-12082,2025-05-09,CUST-1022,Sophia Wilson 12,Home Office,North America,Canada,Office Supplies,Appliances,117.04,3,0.15,52.32
ORD-2024-12083,2025-02-24,CUST-1087,Charlotte Thomas 40,Corporate,North America,Canada,Technology,Laptops,768.33,3,0.05,240.83
ORD-2024-12084,2024-03-01,CUST-1115,Charlotte Thomas 65,Home Office,North America,United States,Technology,Laptops,749.57,1,0.0,245.19
ORD-2024-12085,2025-02-11,CUST-1109,Sophia Wilson 35,Home Office,Latin America,Brazil,Office Supplies,Appliances,525.91,8,0.15,196.84
ORD-2024-12086,2024-12-26,CUST-1066,Emma Watson 81,Corporate,Latin America,Mexico,Furniture,Bookcases,323.02,2,0.2,51.09
ORD-2024-12087,2024-12-16,CUST-1010,Mia Martinez 96,Consumer,Latin America,Chile,Technology,Accessories,4631.41,6,0.15,1392.35
ORD-2024-12088,2024-10-12,CUST-1148,Noah Davis 48,Home Office,Latin America,Brazil,Furniture,Furnishings,830.28,5,0.2,126.49
ORD-2024-12089,2024-07-29,CUST-1052,Benjamin Anderson 3,Consumer,North America,Canada,Furniture,Chairs,799.68,7,0.3,57.38
ORD-2024-12090,2024-02-28,CUST-1007,Sophia Wilson 95,Consumer,North America,United States,Office Supplies,Appliances,664.05,7,0.3,289.02
ORD-2024-12091,2024-02-20,CUST-1130,Liam Smith 4,Home Office,Latin America,Brazil,Furniture,Tables,586.45,1,0.0,34.84
ORD-2024-12092,2024-10-27,CUST-1033,Olivia Brown 62,Consumer,Europe,Spain,Office Supplies,Appliances,807.95,4,0.1,381.02
ORD-2024-12093,2024-09-18,CUST-1111,Noah Davis 78,Corporate,North America,United States,Office Supplies,Storage,148.46,8,0.1,50.19
ORD-2024-12094,2024-11-10,CUST-1105,Benjamin Anderson 94,Consumer,Europe,France,Furniture,Tables,407.66,8,0.15,39.63
ORD-2024-12095,2024-02-21,CUST-1043,Olivia Brown 13,Corporate,Asia Pacific,Singapore,Office Supplies,Paper,884.95,6,0.15,356.49
ORD-2024-12096,2024-01-17,CUST-1091,Liam Smith 83,Consumer,Latin America,Chile,Office Supplies,Binders,602.91,5,0.1,128.67
ORD-2024-12097,2024-07-07,CUST-1130,Benjamin Anderson 27,Consumer,North America,Canada,Technology,Accessories,938.43,1,0.3,356.54
ORD-2024-12098,2024-02-22,CUST-1039,Olivia Brown 83,Corporate,North America,United States,Furniture,Furnishings,1427.15,2,0.1,250.55
ORD-2024-12099,2024-07-20,CUST-1136,Charlotte Thomas 10,Home Office,North America,Canada,Furniture,Furnishings,365.57,1,0.05,35.25
ORD-2024-12100,2025-05-13,CUST-1077,Noah Davis 46,Corporate,Asia Pacific,Singapore,Furniture,Tables,2404.4,5,0.0,560.22
ORD-2024-12101,2024-04-28,CUST-1108,James Taylor 39,Consumer,North America,Canada,Technology,Laptops,7225.17,8,0.05,2453.64
ORD-2024-12102,2024-09-16,CUST-1053,Emma Watson 46,Home Office,Latin America,Mexico,Furniture,Desks,1052.23,3,0.3,145.04
ORD-2024-12103,2024-02-23,CUST-1130,James Taylor 72,Home Office,Europe,Germany,Technology,Monitors,6040.37,6,0.2,1462.21
ORD-2024-12104,2024-12-27,CUST-1077,Liam Smith 30,Consumer,Europe,France,Technology,Printers,7760.64,6,0.0,2231.17
ORD-2024-12105,2024-11-16,CUST-1065,Benjamin Anderson 32,Home Office,Latin America,Mexico,Technology,Printers,6177.33,5,0.1,2153.89
ORD-2024-12106,2025-03-09,CUST-1120,Noah Davis 50,Consumer,North America,Canada,Office Supplies,Appliances,334.67,5,0.3,75.2
ORD-2024-12107,2024-11-17,CUST-1124,Noah Davis 95,Home Office,North America,Canada,Technology,Printers,79.96,1,0.05,29.94
ORD-2024-12108,2024-02-09,CUST-1131,Emma Watson 52,Home Office,North America,Canada,Technology,Laptops,5393.61,5,0.1,1709.3
ORD-2024-12109,2024-07-16,CUST-1014,Charlotte Thomas 33,Home Office,Europe,Spain,Furniture,Bookcases,166.49,3,0.2,35.31
ORD-2024-12110,2025-03-16,CUST-1032,Benjamin Anderson 52,Corporate,Europe,United Kingdom,Technology,Laptops,2664.28,6,0.35,-133.21
ORD-2024-12111,2025-01-06,CUST-1149,James Taylor 91,Consumer,North America,United States,Furniture,Tables,622.9,2,0.2,124.11
ORD-2024-12112,2024-07-31,CUST-1105,James Taylor 10,Consumer,Europe,France,Office Supplies,Art,1090.88,5,0.05,483.69
ORD-2024-12113,2025-04-16,CUST-1008,Liam Smith 17,Consumer,Europe,France,Office Supplies,Appliances,267.16,2,0.05,111.56
ORD-2024-12114,2025-05-12,CUST-1108,Benjamin Anderson 29,Corporate,Latin America,Mexico,Office Supplies,Paper,208.06,8,0.2,46.12
ORD-2024-12115,2024-03-17,CUST-1077,Noah Davis 52,Consumer,Asia Pacific,Singapore,Technology,Monitors,1127.41,4,0.1,186.77
ORD-2024-12116,2024-06-04,CUST-1101,Sophia Wilson 56,Corporate,Europe,Spain,Technology,Smartphones,2925.39,4,0.15,988.5
ORD-2024-12117,2024-07-13,CUST-1055,Emma Watson 73,Home Office,Asia Pacific,India,Office Supplies,Storage,200.42,3,0.3,51.07
ORD-2024-12118,2024-12-16,CUST-1112,James Taylor 34,Consumer,Asia Pacific,Japan,Technology,Laptops,8380.56,6,0.0,3295.24
ORD-2024-12119,2025-01-15,CUST-1085,Sophia Wilson 9,Home Office,Europe,France,Furniture,Bookcases,4202.19,7,0.15,328.34
ORD-2024-12120,2024-09-30,CUST-1137,Olivia Brown 74,Consumer,Asia Pacific,India,Technology,Laptops,938.9,6,0.1,229.55
ORD-2024-12121,2025-01-13,CUST-1021,Sophia Wilson 88,Corporate,Asia Pacific,Australia,Technology,Accessories,741.2,5,0.3,256.02
ORD-2024-12122,2024-08-22,CUST-1134,Benjamin Anderson 60,Home Office,Asia Pacific,Australia,Technology,Laptops,1190.05,1,0.1,182.66
ORD-2024-12123,2024-06-13,CUST-1073,Olivia Brown 57,Corporate,Latin America,Mexico,Technology,Monitors,1708.46,6,0.2,278.31
ORD-2024-12124,2024-02-21,CUST-1137,Mia Martinez 32,Consumer,Asia Pacific,Australia,Office Supplies,Paper,158.22,2,0.1,42.51
ORD-2024-12125,2024-09-03,CUST-1136,James Taylor 22,Home Office,North America,United States,Furniture,Furnishings,865.68,8,0.0,51.13
ORD-2024-12126,2024-12-09,CUST-1103,Benjamin Anderson 41,Corporate,Asia Pacific,Australia,Furniture,Tables,3328.13,7,0.3,531.11
ORD-2024-12127,2025-03-04,CUST-1000,Liam Smith 55,Home Office,Europe,United Kingdom,Office Supplies,Paper,322.89,5,0.35,-16.14
ORD-2024-12128,2024-04-10,CUST-1003,James Taylor 5,Consumer,Europe,United Kingdom,Technology,Laptops,9082.65,7,0.1,3580.4
ORD-2024-12129,2024-12-19,CUST-1085,Alex Rivera 87,Corporate,Europe,United Kingdom,Furniture,Chairs,365.64,3,0.0,47.8
ORD-2024-12130,2024-09-02,CUST-1009,Emma Watson 41,Consumer,Asia Pacific,Singapore,Office Supplies,Appliances,145.93,1,0.0,72.23
ORD-2024-12131,2024-07-24,CUST-1108,Olivia Brown 27,Home Office,Europe,United Kingdom,Technology,Laptops,427.12,1,0.1,88.85
ORD-2024-12132,2025-05-15,CUST-1033,Liam Smith 86,Consumer,North America,Canada,Furniture,Desks,757.76,2,0.3,149.91
ORD-2024-12133,2025-01-22,CUST-1011,Emma Watson 15,Consumer,Asia Pacific,Singapore,Technology,Laptops,3411.41,4,0.05,1059.02
ORD-2024-12134,2024-07-05,CUST-1046,Benjamin Anderson 49,Consumer,Europe,United Kingdom,Technology,Monitors,2160.46,7,0.3,477.09
ORD-2024-12135,2024-03-05,CUST-1055,Noah Davis 24,Home Office,Latin America,Mexico,Furniture,Furnishings,362.94,1,0.05,37.29
ORD-2024-12136,2024-09-19,CUST-1110,James Taylor 25,Corporate,Europe,Germany,Office Supplies,Appliances,809.81,4,0.15,344.26
ORD-2024-12137,2024-11-21,CUST-1121,Olivia Brown 36,Home Office,Asia Pacific,Australia,Office Supplies,Art,1067.38,6,0.15,480.8
ORD-2024-12138,2024-02-17,CUST-1085,Liam Smith 50,Corporate,Asia Pacific,Singapore,Office Supplies,Paper,493.43,7,0.05,153.42
ORD-2024-12139,2024-05-06,CUST-1130,Alex Rivera 80,Corporate,Latin America,Mexico,Technology,Accessories,4282.3,6,0.05,909.15
ORD-2024-12140,2025-03-10,CUST-1148,Sophia Wilson 21,Corporate,Latin America,Mexico,Furniture,Tables,2123.14,4,0.1,194.64
ORD-2024-12141,2024-10-24,CUST-1104,Liam Smith 98,Home Office,Asia Pacific,Australia,Technology,Accessories,2187.34,7,0.15,833.26
ORD-2024-12142,2024-03-18,CUST-1076,Emma Watson 44,Corporate,North America,United States,Office Supplies,Art,1444.51,7,0.05,611.73
ORD-2024-12143,2024-10-07,CUST-1057,Sophia Wilson 35,Consumer,Asia Pacific,India,Office Supplies,Storage,864.83,7,0.05,346.47
ORD-2024-12144,2024-01-14,CUST-1105,Emma Watson 51,Home Office,Europe,France,Office Supplies,Art,485.31,4,0.2,185.64
ORD-2024-12145,2025-03-31,CUST-1139,Emma Watson 54,Consumer,Asia Pacific,Australia,Office Supplies,Appliances,167.94,7,0.2,66.63
ORD-2024-12146,2024-12-21,CUST-1118,Emma Watson 4,Consumer,North America,Canada,Technology,Printers,225.87,1,0.15,72.91
ORD-2024-12147,2025-01-31,CUST-1001,Emma Watson 36,Home Office,Latin America,Mexico,Office Supplies,Paper,365.72,3,0.15,153.45
ORD-2024-12148,2024-10-20,CUST-1053,Emma Watson 17,Consumer,Asia Pacific,India,Technology,Monitors,7961.85,8,0.15,1560.41
ORD-2024-12149,2024-11-24,CUST-1071,Liam Smith 96,Home Office,Europe,Spain,Office Supplies,Storage,616.26,7,0.05,292.81
ORD-2024-12150,2024-04-07,CUST-1027,Mia Martinez 18,Home Office,Asia Pacific,Japan,Technology,Printers,4981.36,5,0.2,1801.36
ORD-2024-12151,2024-02-10,CUST-1028,Liam Smith 83,Corporate,Latin America,Chile,Furniture,Furnishings,2350.96,7,0.15,582.84
ORD-2024-12152,2024-01-14,CUST-1105,Benjamin Anderson 29,Consumer,Asia Pacific,Australia,Office Supplies,Paper,125.23,7,0.0,31.43
ORD-2024-12153,2025-02-06,CUST-1146,Alex Rivera 15,Corporate,Europe,Italy,Office Supplies,Storage,185.53,1,0.0,47.94
ORD-2024-12154,2024-04-28,CUST-1069,Noah Davis 28,Corporate,Latin America,Mexico,Office Supplies,Binders,958.72,5,0.2,420.27
ORD-2024-12155,2024-05-24,CUST-1011,Charlotte Thomas 70,Home Office,Asia Pacific,Japan,Office Supplies,Paper,1423.24,7,0.15,541.04
ORD-2024-12156,2024-01-20,CUST-1018,Noah Davis 70,Consumer,North America,Canada,Technology,Accessories,1802.5,2,0.0,291.81
ORD-2024-12157,2024-06-08,CUST-1041,Alex Rivera 20,Home Office,Latin America,Mexico,Technology,Printers,966.48,1,0.3,378.09
ORD-2024-12158,2025-03-24,CUST-1010,Olivia Brown 38,Consumer,North America,United States,Furniture,Furnishings,3896.05,6,0.1,626.11
ORD-2024-12159,2025-03-30,CUST-1039,Alex Rivera 27,Corporate,Europe,Germany,Furniture,Chairs,742.98,2,0.35,-37.15
ORD-2024-12160,2025-04-20,CUST-1025,Olivia Brown 70,Corporate,North America,United States,Furniture,Tables,211.07,2,0.15,15.45
ORD-2024-12161,2025-03-24,CUST-1034,Emma Watson 75,Home Office,Asia Pacific,Japan,Technology,Accessories,1298.48,1,0.05,509.86
ORD-2024-12162,2024-09-23,CUST-1142,Emma Watson 38,Consumer,North America,United States,Office Supplies,Art,964.17,5,0.1,232.38
ORD-2024-12163,2024-09-05,CUST-1019,Charlotte Thomas 28,Corporate,Latin America,Chile,Furniture,Tables,2230.54,7,0.05,381.51
ORD-2024-12164,2024-05-02,CUST-1141,Emma Watson 5,Home Office,Latin America,Mexico,Office Supplies,Paper,1174.81,7,0.0,510.73
ORD-2024-12165,2024-05-26,CUST-1043,Olivia Brown 83,Consumer,North America,Canada,Furniture,Chairs,428.4,4,0.0,100.25
ORD-2024-12166,2024-04-21,CUST-1084,Alex Rivera 53,Home Office,Latin America,Chile,Technology,Printers,784.49,5,0.1,183.79
ORD-2024-12167,2024-06-14,CUST-1044,Mia Martinez 95,Corporate,North America,United States,Technology,Accessories,674.59,2,0.3,179.87
ORD-2024-12168,2024-10-04,CUST-1070,Benjamin Anderson 68,Corporate,Latin America,Mexico,Office Supplies,Storage,526.4,4,0.0,110.12
ORD-2024-12169,2024-02-24,CUST-1087,James Taylor 58,Corporate,Latin America,Brazil,Furniture,Bookcases,3010.17,5,0.05,663.28
ORD-2024-12170,2024-04-04,CUST-1114,Emma Watson 59,Consumer,Latin America,Mexico,Technology,Accessories,589.71,1,0.1,144.89
ORD-2024-12171,2024-01-05,CUST-1121,Alex Rivera 85,Consumer,North America,Canada,Office Supplies,Storage,146.8,4,0.0,72.82
ORD-2024-12172,2024-07-12,CUST-1130,James Taylor 24,Corporate,North America,Canada,Technology,Smartphones,504.98,7,0.15,144.11
ORD-2024-12173,2024-01-31,CUST-1069,Emma Watson 63,Consumer,Europe,Germany,Furniture,Tables,352.76,2,0.0,42.41
ORD-2024-12174,2025-02-09,CUST-1041,Liam Smith 30,Consumer,Europe,United Kingdom,Technology,Monitors,240.1,1,0.2,52.69
ORD-2024-12175,2024-06-16,CUST-1039,Benjamin Anderson 25,Corporate,Asia Pacific,Japan,Technology,Accessories,896.84,5,0.15,270.25
ORD-2024-12176,2024-02-29,CUST-1058,Sophia Wilson 14,Home Office,North America,United States,Furniture,Chairs,3816.32,6,0.05,434.06
ORD-2024-12177,2025-02-03,CUST-1113,Liam Smith 22,Home Office,Europe,Germany,Furniture,Bookcases,705.07,6,0.15,113.73
ORD-2024-12178,2024-01-21,CUST-1118,Benjamin Anderson 31,Consumer,Europe,Italy,Technology,Smartphones,568.5,5,0.0,173.69
ORD-2024-12179,2025-04-10,CUST-1084,Olivia Brown 39,Consumer,Asia Pacific,Australia,Office Supplies,Paper,1049.22,5,0.1,357.64
ORD-2024-12180,2024-07-28,CUST-1116,Noah Davis 94,Home Office,Europe,Italy,Technology,Laptops,802.8,4,0.0,197.8
ORD-2024-12181,2025-01-22,CUST-1088,Mia Martinez 72,Home Office,North America,United States,Furniture,Furnishings,684.45,2,0.3,54.2
ORD-2024-12182,2024-04-23,CUST-1113,Noah Davis 31,Home Office,Latin America,Chile,Office Supplies,Paper,415.39,6,0.2,123.35
ORD-2024-12183,2024-06-25,CUST-1126,Sophia Wilson 76,Home Office,Asia Pacific,Japan,Office Supplies,Storage,46.56,1,0.15,17.73
ORD-2024-12184,2024-08-08,CUST-1145,Alex Rivera 89,Corporate,Asia Pacific,Australia,Office Supplies,Appliances,1415.68,7,0.0,443.36
ORD-2024-12185,2025-01-07,CUST-1012,James Taylor 43,Corporate,Latin America,Brazil,Technology,Printers,5884.02,6,0.15,2197.21
ORD-2024-12186,2024-02-12,CUST-1102,Sophia Wilson 19,Corporate,Latin America,Brazil,Technology,Printers,1840.88,2,0.1,546.62
ORD-2024-12187,2024-10-09,CUST-1014,Liam Smith 46,Consumer,North America,Canada,Technology,Printers,2323.65,3,0.3,704.57
ORD-2024-12188,2024-07-22,CUST-1075,Noah Davis 39,Corporate,Latin America,Brazil,Furniture,Chairs,1278.6,3,0.05,254.17
ORD-2024-12189,2025-04-06,CUST-1064,Liam Smith 28,Corporate,North America,United States,Furniture,Chairs,1055.11,3,0.1,76.1
ORD-2024-12190,2024-06-18,CUST-1087,Olivia Brown 51,Home Office,North America,Canada,Office Supplies,Storage,342.72,5,0.2,163.97
ORD-2024-12191,2024-07-15,CUST-1044,Mia Martinez 73,Corporate,North America,United States,Furniture,Desks,310.36,1,0.05,77.39
ORD-2024-12192,2024-04-19,CUST-1056,Liam Smith 80,Corporate,Asia Pacific,Singapore,Technology,Laptops,5395.4,6,0.3,1534.75
ORD-2024-12193,2025-02-18,CUST-1035,Benjamin Anderson 50,Consumer,North America,Canada,Technology,Laptops,6245.95,7,0.05,2349.76
ORD-2024-12194,2024-12-19,CUST-1023,Mia Martinez 21,Consumer,Latin America,Mexico,Technology,Monitors,831.45,3,0.0,187.5
ORD-2024-12195,2024-07-27,CUST-1118,Benjamin Anderson 99,Consumer,North America,Canada,Office Supplies,Binders,902.5,7,0.15,344.07
ORD-2024-12196,2024-08-31,CUST-1001,James Taylor 29,Consumer,Asia Pacific,Japan,Technology,Smartphones,3051.31,3,0.2,492.14
ORD-2024-12197,2024-09-29,CUST-1091,Alex Rivera 24,Consumer,North America,Canada,Technology,Monitors,417.82,4,0.3,88.11
ORD-2024-12198,2024-07-10,CUST-1057,Mia Martinez 78,Corporate,North America,United States,Technology,Smartphones,2094.75,3,0.3,618.88
ORD-2024-12199,2024-06-23,CUST-1110,Emma Watson 49,Consumer,Europe,France,Furniture,Bookcases,920.02,2,0.2,182.16
ORD-2024-12200,2024-06-30,CUST-1079,Alex Rivera 94,Corporate,Europe,United Kingdom,Technology,Accessories,5070.95,6,0.3,1779.65
ORD-2024-12201,2024-04-21,CUST-1034,Olivia Brown 11,Corporate,Latin America,Mexico,Office Supplies,Paper,493.73,7,0.1,164.08
ORD-2024-12202,2024-05-27,CUST-1062,Mia Martinez 2,Home Office,North America,Canada,Furniture,Desks,1116.52,2,0.0,205.46
ORD-2024-12203,2025-05-13,CUST-1127,James Taylor 54,Home Office,Latin America,Mexico,Technology,Accessories,1853.88,8,0.3,693.5
ORD-2024-12204,2024-08-02,CUST-1017,Liam Smith 4,Home Office,Europe,Italy,Technology,Accessories,643.48,1,0.15,203.05
ORD-2024-12205,2025-02-12,CUST-1015,Liam Smith 17,Consumer,North America,United States,Furniture,Tables,4156.4,8,0.0,529.01
ORD-2024-12206,2025-02-26,CUST-1122,James Taylor 27,Corporate,Europe,United Kingdom,Technology,Laptops,1681.95,2,0.2,401.87
ORD-2024-12207,2024-03-20,CUST-1018,Liam Smith 49,Home Office,Asia Pacific,Singapore,Furniture,Desks,1467.42,2,0.0,157.33
ORD-2024-12208,2024-03-18,CUST-1079,Olivia Brown 3,Consumer,North America,United States,Furniture,Bookcases,2014.98,4,0.2,403.94
ORD-2024-12209,2024-10-16,CUST-1038,Olivia Brown 90,Home Office,North America,United States,Technology,Accessories,4171.19,7,0.15,1264.5
ORD-2024-12210,2024-03-05,CUST-1122,Benjamin Anderson 92,Corporate,North America,Canada,Office Supplies,Appliances,397.19,8,0.15,120.25
ORD-2024-12211,2024-02-06,CUST-1087,Olivia Brown 68,Consumer,North America,United States,Technology,Accessories,873.43,1,0.15,306.54
ORD-2024-12212,2024-03-24,CUST-1109,James Taylor 38,Consumer,Latin America,Mexico,Technology,Accessories,434.34,3,0.15,85.03
ORD-2024-12213,2024-05-23,CUST-1080,Sophia Wilson 29,Consumer,Latin America,Mexico,Office Supplies,Art,478.02,7,0.2,162.9
ORD-2024-12214,2024-07-29,CUST-1066,Benjamin Anderson 57,Home Office,Asia Pacific,India,Technology,Laptops,1665.06,5,0.3,402.78
ORD-2024-12215,2024-03-02,CUST-1005,Noah Davis 53,Home Office,Europe,France,Technology,Printers,4102.28,7,0.35,-205.11
ORD-2024-12216,2025-04-20,CUST-1085,Emma Watson 19,Home Office,North America,Canada,Technology,Printers,10059.82,8,0.05,3011.1
ORD-2024-12217,2024-04-28,CUST-1081,Alex Rivera 79,Corporate,Europe,France,Office Supplies,Storage,414.1,2,0.05,154.32
ORD-2024-12218,2024-06-03,CUST-1111,Sophia Wilson 1,Consumer,Europe,United Kingdom,Furniture,Tables,356.49,1,0.1,82.76
ORD-2024-12219,2025-05-12,CUST-1126,Charlotte Thomas 60,Consumer,Asia Pacific,Japan,Office Supplies,Storage,150.92,1,0.15,31.28
ORD-2024-12220,2024-04-27,CUST-1135,Liam Smith 12,Corporate,Latin America,Chile,Office Supplies,Binders,665.72,4,0.15,261.98
ORD-2024-12221,2025-03-26,CUST-1039,Alex Rivera 73,Home Office,Asia Pacific,Singapore,Technology,Printers,6186.4,8,0.0,1539.52
ORD-2024-12222,2024-07-27,CUST-1056,Liam Smith 67,Corporate,Europe,Germany,Technology,Smartphones,4450.74,3,0.0,1581.91
ORD-2024-12223,2025-03-06,CUST-1012,Benjamin Anderson 38,Home Office,Asia Pacific,Australia,Furniture,Bookcases,2393.73,4,0.05,595.01
ORD-2024-12224,2024-04-18,CUST-1108,Mia Martinez 87,Home Office,Latin America,Brazil,Office Supplies,Binders,1399.68,7,0.15,583.85
ORD-2024-12225,2024-11-22,CUST-1021,Olivia Brown 49,Consumer,Asia Pacific,Singapore,Office Supplies,Storage,671.28,3,0.0,247.49
ORD-2024-12226,2024-07-08,CUST-1107,Noah Davis 73,Home Office,North America,United States,Technology,Laptops,2708.4,6,0.0,1021.13
ORD-2024-12227,2025-04-21,CUST-1055,Sophia Wilson 7,Home Office,North America,United States,Technology,Accessories,840.34,2,0.15,198.53
ORD-2024-12228,2025-04-05,CUST-1135,Alex Rivera 70,Consumer,Europe,Italy,Office Supplies,Appliances,133.65,1,0.1,36.97
ORD-2024-12229,2024-02-04,CUST-1015,Noah Davis 8,Corporate,Europe,Germany,Furniture,Tables,2032.32,6,0.0,380.9
ORD-2024-12230,2025-03-02,CUST-1084,Olivia Brown 67,Home Office,North America,Canada,Office Supplies,Binders,896.76,8,0.1,274.12
ORD-2024-12231,2024-01-26,CUST-1050,Alex Rivera 80,Home Office,North America,United States,Furniture,Furnishings,4715.86,7,0.1,657.75
ORD-2024-12232,2024-09-06,CUST-1115,Benjamin Anderson 34,Consumer,North America,United States,Technology,Printers,2043.81,2,0.15,765.13
ORD-2024-12233,2024-09-26,CUST-1143,Olivia Brown 62,Home Office,North America,Canada,Technology,Smartphones,3566.79,7,0.15,1409.73
ORD-2024-12234,2024-09-21,CUST-1108,Emma Watson 11,Home Office,Latin America,Mexico,Furniture,Bookcases,1356.21,4,0.3,121.84
ORD-2024-12235,2024-07-30,CUST-1016,Mia Martinez 6,Home Office,Asia Pacific,Japan,Furniture,Furnishings,739.91,4,0.1,89.76
ORD-2024-12236,2024-10-03,CUST-1017,Charlotte Thomas 45,Corporate,Asia Pacific,India,Office Supplies,Binders,507.24,4,0.1,246.29
ORD-2024-12237,2024-05-06,CUST-1148,Charlotte Thomas 99,Home Office,Europe,France,Technology,Printers,1944.78,3,0.0,519.32
ORD-2024-12238,2025-02-01,CUST-1123,Sophia Wilson 72,Consumer,North America,Canada,Office Supplies,Storage,1304.63,7,0.2,450.7
ORD-2024-12239,2025-03-20,CUST-1053,Alex Rivera 26,Consumer,Europe,Italy,Furniture,Desks,874.59,8,0.35,-43.73
ORD-2024-12240,2024-07-15,CUST-1110,Charlotte Thomas 72,Home Office,Europe,France,Furniture,Chairs,502.06,1,0.05,57.23
ORD-2024-12241,2025-03-23,CUST-1132,Sophia Wilson 39,Corporate,North America,United States,Technology,Monitors,2973.2,4,0.0,843.77
ORD-2024-12242,2024-10-15,CUST-1120,Liam Smith 93,Consumer,Latin America,Brazil,Office Supplies,Binders,1618.6,8,0.15,545.09
ORD-2024-12243,2025-01-17,CUST-1029,Emma Watson 98,Home Office,Asia Pacific,Australia,Furniture,Desks,3191.83,8,0.3,481.3
ORD-2024-12244,2024-07-18,CUST-1050,Alex Rivera 78,Consumer,North America,Canada,Technology,Laptops,386.23,3,0.3,140.74
ORD-2024-12245,2024-03-13,CUST-1049,Noah Davis 87,Corporate,Latin America,Brazil,Office Supplies,Paper,524.78,8,0.3,209.21
ORD-2024-12246,2024-08-28,CUST-1024,Charlotte Thomas 92,Corporate,North America,Canada,Technology,Printers,3767.21,7,0.1,1292.04
ORD-2024-12247,2024-07-25,CUST-1116,James Taylor 38,Consumer,Latin America,Chile,Technology,Laptops,2441.75,5,0.0,376.92
ORD-2024-12248,2024-12-31,CUST-1093,Liam Smith 21,Corporate,Europe,Spain,Office Supplies,Storage,365.5,8,0.2,95.06
ORD-2024-12249,2024-12-21,CUST-1046,Liam Smith 12,Home Office,North America,Canada,Technology,Monitors,8630.88,8,0.0,2075.39
ORD-2024-12250,2024-05-25,CUST-1122,Olivia Brown 54,Consumer,North America,Canada,Furniture,Furnishings,814.32,6,0.0,162.09
ORD-2024-12251,2024-02-19,CUST-1011,Emma Watson 51,Home Office,Europe,Spain,Technology,Smartphones,2028.7,3,0.15,481.13
ORD-2024-12252,2024-10-19,CUST-1053,Noah Davis 60,Corporate,Latin America,Chile,Technology,Laptops,1916.93,4,0.1,523.32
ORD-2024-12253,2024-02-15,CUST-1047,Emma Watson 37,Home Office,Latin America,Mexico,Office Supplies,Paper,1372.36,7,0.05,673.95
ORD-2024-12254,2024-12-29,CUST-1129,James Taylor 82,Corporate,Asia Pacific,Australia,Technology,Smartphones,2252.11,2,0.15,727.81
ORD-2024-12255,2025-02-22,CUST-1104,James Taylor 47,Consumer,Europe,France,Furniture,Furnishings,629.58,3,0.3,94.19
ORD-2024-12256,2024-03-06,CUST-1074,Alex Rivera 6,Consumer,Europe,Germany,Office Supplies,Art,220.19,2,0.35,-11.01
ORD-2024-12257,2024-07-12,CUST-1004,Sophia Wilson 12,Home Office,North America,Canada,Furniture,Desks,5343.44,8,0.0,695.34
ORD-2024-12258,2024-11-29,CUST-1051,Alex Rivera 83,Home Office,Europe,United Kingdom,Furniture,Tables,2324.78,4,0.15,394.41
ORD-2024-12259,2025-01-25,CUST-1051,Alex Rivera 12,Consumer,North America,United States,Office Supplies,Paper,545.28,4,0.0,199.53
ORD-2024-12260,2024-09-23,CUST-1029,Alex Rivera 40,Home Office,North America,United States,Office Supplies,Binders,453.1,5,0.0,136.17
ORD-2024-12261,2025-03-26,CUST-1046,Charlotte Thomas 88,Consumer,Europe,Germany,Furniture,Desks,2388.84,7,0.35,-119.44
ORD-2024-12262,2025-01-29,CUST-1106,James Taylor 22,Home Office,North America,United States,Technology,Laptops,5810.67,7,0.2,968.61
ORD-2024-12263,2025-03-12,CUST-1146,Noah Davis 59,Home Office,Asia Pacific,India,Technology,Accessories,5496.52,4,0.0,2189.69
ORD-2024-12264,2025-03-17,CUST-1022,Alex Rivera 45,Home Office,Europe,United Kingdom,Technology,Monitors,1805.34,4,0.35,-90.27
ORD-2024-12265,2024-09-14,CUST-1074,Liam Smith 13,Home Office,North America,Canada,Technology,Printers,6399.41,8,0.15,2133.32
ORD-2024-12266,2024-07-01,CUST-1007,Emma Watson 52,Corporate,Latin America,Mexico,Office Supplies,Paper,898.82,8,0.15,414.28
ORD-2024-12267,2024-03-05,CUST-1135,Benjamin Anderson 28,Corporate,Europe,Spain,Office Supplies,Appliances,887.05,6,0.35,-44.35
ORD-2024-12268,2024-12-01,CUST-1101,Liam Smith 59,Corporate,Europe,Italy,Technology,Laptops,4067.78,7,0.15,1133.61
ORD-2024-12269,2024-12-19,CUST-1131,Alex Rivera 73,Home Office,Europe,Spain,Office Supplies,Art,192.47,7,0.1,48.25
ORD-2024-12270,2024-10-08,CUST-1137,Charlotte Thomas 1,Corporate,Asia Pacific,Australia,Furniture,Furnishings,1219.32,3,0.1,144.22
ORD-2024-12271,2024-09-01,CUST-1122,Mia Martinez 20,Corporate,Asia Pacific,India,Furniture,Bookcases,219.84,4,0.2,27.23
ORD-2024-12272,2025-01-14,CUST-1136,Alex Rivera 41,Consumer,North America,Canada,Technology,Printers,1482.33,7,0.1,401.28
ORD-2024-12273,2024-10-25,CUST-1048,Charlotte Thomas 9,Consumer,Asia Pacific,India,Furniture,Chairs,3606.32,8,0.0,647.9
ORD-2024-12274,2025-03-06,CUST-1078,Benjamin Anderson 55,Consumer,North America,Canada,Technology,Smartphones,2970.35,3,0.1,645.88
ORD-2024-12275,2024-12-26,CUST-1046,Benjamin Anderson 58,Home Office,Latin America,Mexico,Office Supplies,Art,694.9,4,0.3,142.45
ORD-2024-12276,2024-03-13,CUST-1050,Alex Rivera 16,Consumer,Europe,France,Office Supplies,Paper,115.16,7,0.35,-5.76
ORD-2024-12277,2024-05-20,CUST-1043,Charlotte Thomas 97,Consumer,Latin America,Chile,Office Supplies,Appliances,264.22,3,0.05,70.84
ORD-2024-12278,2024-04-06,CUST-1104,Charlotte Thomas 27,Consumer,North America,Canada,Technology,Smartphones,556.47,8,0.3,110.68
ORD-2024-12279,2025-04-26,CUST-1034,Noah Davis 23,Corporate,Latin America,Brazil,Furniture,Furnishings,1320.63,4,0.15,315.68
ORD-2024-12280,2025-01-11,CUST-1073,Alex Rivera 90,Corporate,Latin America,Chile,Technology,Accessories,2617.37,6,0.15,836.44
ORD-2024-12281,2025-04-10,CUST-1126,Noah Davis 7,Home Office,Latin America,Chile,Furniture,Desks,1446.39,5,0.1,344.17
ORD-2024-12282,2024-04-22,CUST-1065,Sophia Wilson 93,Consumer,Asia Pacific,India,Office Supplies,Art,1418.26,7,0.1,678.27
ORD-2024-12283,2024-09-20,CUST-1050,Noah Davis 65,Consumer,Asia Pacific,Australia,Office Supplies,Storage,819.18,7,0.3,203.16
ORD-2024-12284,2024-08-01,CUST-1126,Olivia Brown 56,Corporate,Asia Pacific,Singapore,Technology,Laptops,826.88,8,0.15,199.47
ORD-2024-12285,2024-08-29,CUST-1001,Benjamin Anderson 78,Corporate,Europe,United Kingdom,Office Supplies,Art,546.42,4,0.3,245.2
ORD-2024-12286,2024-05-08,CUST-1076,Olivia Brown 94,Corporate,Asia Pacific,Japan,Furniture,Chairs,2800.66,5,0.1,587.98
ORD-2024-12287,2024-07-03,CUST-1008,Charlotte Thomas 23,Home Office,Asia Pacific,India,Furniture,Desks,599.61,1,0.0,84.89
ORD-2024-12288,2024-05-23,CUST-1044,Charlotte Thomas 98,Consumer,North America,Canada,Furniture,Desks,5593.68,8,0.05,1224.5
ORD-2024-12289,2024-10-29,CUST-1080,Noah Davis 82,Corporate,North America,United States,Office Supplies,Paper,68.09,3,0.1,25.04
ORD-2024-12290,2024-06-28,CUST-1028,Sophia Wilson 5,Home Office,Europe,Germany,Furniture,Bookcases,161.69,3,0.2,11.13
ORD-2024-12291,2024-04-17,CUST-1087,Olivia Brown 9,Consumer,Latin America,Chile,Furniture,Desks,4276.93,8,0.2,948.17
ORD-2024-12292,2025-01-23,CUST-1084,Olivia Brown 11,Home Office,North America,United States,Technology,Laptops,911.41,1,0.1,363.14
ORD-2024-12293,2024-03-26,CUST-1102,Sophia Wilson 24,Corporate,Asia Pacific,Australia,Office Supplies,Art,1407.94,7,0.05,622.08
ORD-2024-12294,2024-06-25,CUST-1028,Alex Rivera 68,Corporate,Latin America,Brazil,Office Supplies,Binders,771.98,6,0.1,222.15
ORD-2024-12295,2025-05-03,CUST-1020,Noah Davis 81,Corporate,North America,United States,Office Supplies,Binders,149.26,2,0.15,59.65
ORD-2024-12296,2025-04-17,CUST-1077,Sophia Wilson 46,Corporate,Europe,Spain,Office Supplies,Paper,1540.87,7,0.05,527.24
ORD-2024-12297,2024-10-05,CUST-1027,James Taylor 59,Consumer,Europe,Spain,Furniture,Tables,364.8,3,0.0,66.96
ORD-2024-12298,2025-03-01,CUST-1121,Sophia Wilson 55,Home Office,Europe,Spain,Furniture,Chairs,820.59,7,0.35,-41.03
ORD-2024-12299,2024-09-26,CUST-1030,Benjamin Anderson 84,Corporate,Latin America,Brazil,Technology,Monitors,818.07,1,0.15,239.49
ORD-2024-12300,2024-02-12,CUST-1110,Olivia Brown 3,Consumer,Asia Pacific,Japan,Furniture,Tables,3400.97,5,0.1,192.15
ORD-2024-12301,2024-06-17,CUST-1138,Liam Smith 17,Home Office,Latin America,Mexico,Technology,Smartphones,5132.34,4,0.1,1772.77
ORD-2024-12302,2025-02-27,CUST-1135,Benjamin Anderson 68,Consumer,Asia Pacific,Singapore,Technology,Accessories,953.13,1,0.05,230.97
ORD-2024-12303,2025-02-21,CUST-1062,James Taylor 39,Corporate,North America,United States,Office Supplies,Binders,794.0,4,0.0,217.47
ORD-2024-12304,2024-03-08,CUST-1120,Sophia Wilson 99,Corporate,Latin America,Mexico,Furniture,Desks,1009.56,2,0.0,195.52
ORD-2024-12305,2024-05-29,CUST-1006,Noah Davis 81,Corporate,Europe,Germany,Office Supplies,Binders,561.88,4,0.15,261.21
ORD-2024-12306,2024-07-09,CUST-1057,Emma Watson 5,Home Office,Europe,Italy,Furniture,Tables,250.25,2,0.1,13.3
ORD-2024-12307,2024-03-16,CUST-1149,Emma Watson 87,Corporate,Europe,Spain,Furniture,Chairs,1903.93,4,0.35,-95.2
ORD-2024-12308,2025-03-07,CUST-1109,Liam Smith 88,Home Office,North America,United States,Office Supplies,Appliances,363.09,3,0.05,83.29
ORD-2024-12309,2024-10-08,CUST-1063,James Taylor 73,Consumer,Asia Pacific,India,Technology,Printers,5583.28,8,0.0,1916.29
ORD-2024-12310,2024-07-02,CUST-1035,Charlotte Thomas 66,Home Office,Latin America,Mexico,Technology,Printers,4769.9,6,0.2,1598.49
ORD-2024-12311,2025-03-06,CUST-1020,Sophia Wilson 26,Consumer,Asia Pacific,Singapore,Furniture,Chairs,173.28,3,0.0,13.2
ORD-2024-12312,2024-11-26,CUST-1096,Benjamin Anderson 32,Home Office,Latin America,Chile,Office Supplies,Paper,780.11,5,0.3,237.05
ORD-2024-12313,2024-01-29,CUST-1043,Charlotte Thomas 41,Home Office,Latin America,Mexico,Furniture,Chairs,205.47,1,0.1,10.62
ORD-2024-12314,2025-02-03,CUST-1052,Noah Davis 53,Home Office,Latin America,Chile,Furniture,Bookcases,1479.38,3,0.05,307.36
ORD-2024-12315,2024-10-04,CUST-1129,Emma Watson 6,Consumer,Europe,Italy,Office Supplies,Binders,234.28,2,0.0,108.1
ORD-2024-12316,2024-06-09,CUST-1025,Olivia Brown 32,Corporate,Latin America,Brazil,Technology,Monitors,1562.76,3,0.0,272.91
ORD-2024-12317,2024-10-01,CUST-1140,Liam Smith 47,Consumer,Europe,Germany,Office Supplies,Binders,244.2,2,0.3,77.17
ORD-2024-12318,2024-03-03,CUST-1105,Olivia Brown 54,Consumer,Europe,Italy,Office Supplies,Paper,861.33,8,0.35,-43.07
ORD-2024-12319,2024-11-03,CUST-1003,Mia Martinez 96,Home Office,Asia Pacific,India,Furniture,Tables,188.14,1,0.0,22.71
ORD-2024-12320,2024-02-11,CUST-1065,Emma Watson 7,Corporate,North America,Canada,Technology,Printers,2537.1,6,0.0,884.47
ORD-2024-12321,2024-12-09,CUST-1136,Charlotte Thomas 42,Consumer,Europe,United Kingdom,Furniture,Chairs,893.62,2,0.0,202.34
ORD-2024-12322,2024-10-26,CUST-1020,Charlotte Thomas 34,Home Office,Asia Pacific,Singapore,Furniture,Bookcases,2775.82,8,0.05,481.24
ORD-2024-12323,2024-06-25,CUST-1086,James Taylor 15,Home Office,Europe,Spain,Furniture,Tables,739.09,8,0.15,145.51
ORD-2024-12324,2025-02-19,CUST-1029,Benjamin Anderson 65,Corporate,Europe,Spain,Technology,Monitors,1108.1,2,0.05,371.82
ORD-2024-12325,2025-01-26,CUST-1097,Mia Martinez 70,Consumer,North America,Canada,Furniture,Tables,390.64,2,0.05,62.07
ORD-2024-12326,2025-03-12,CUST-1134,Mia Martinez 96,Corporate,North America,United States,Office Supplies,Binders,217.63,5,0.3,68.39
ORD-2024-12327,2024-02-05,CUST-1077,Noah Davis 51,Corporate,Europe,Spain,Furniture,Desks,536.08,1,0.1,128.81
ORD-2024-12328,2024-02-26,CUST-1018,Mia Martinez 54,Consumer,Asia Pacific,Australia,Office Supplies,Paper,399.6,5,0.2,107.1
ORD-2024-12329,2024-11-03,CUST-1101,Benjamin Anderson 95,Corporate,Europe,Spain,Furniture,Tables,299.24,5,0.15,33.71
ORD-2024-12330,2024-10-02,CUST-1144,James Taylor 76,Home Office,Latin America,Brazil,Technology,Printers,3450.84,4,0.0,542.05
ORD-2024-12331,2024-10-04,CUST-1056,Mia Martinez 88,Home Office,Europe,Spain,Office Supplies,Binders,316.12,2,0.1,117.91
ORD-2024-12332,2024-04-02,CUST-1037,Charlotte Thomas 15,Home Office,Europe,Spain,Technology,Printers,1974.1,4,0.1,327.9
ORD-2024-12333,2025-04-09,CUST-1067,Alex Rivera 49,Home Office,Europe,Italy,Technology,Smartphones,2426.4,3,0.05,675.49
ORD-2024-12334,2024-05-23,CUST-1122,Emma Watson 67,Consumer,North America,United States,Office Supplies,Paper,573.89,7,0.3,123.98
ORD-2024-12335,2025-02-27,CUST-1122,Sophia Wilson 87,Corporate,Asia Pacific,India,Furniture,Furnishings,459.66,1,0.1,37.81
ORD-2024-12336,2025-03-20,CUST-1034,Emma Watson 63,Consumer,North America,Canada,Office Supplies,Art,1258.3,7,0.1,446.74
ORD-2024-12337,2024-02-18,CUST-1141,Charlotte Thomas 69,Home Office,North America,United States,Furniture,Chairs,2138.89,6,0.15,475.51
ORD-2024-12338,2024-02-18,CUST-1104,Olivia Brown 13,Consumer,Latin America,Mexico,Furniture,Tables,4644.36,7,0.0,621.0
ORD-2024-12339,2024-06-05,CUST-1105,Olivia Brown 63,Home Office,North America,United States,Office Supplies,Binders,115.71,1,0.15,41.55
ORD-2024-12340,2025-04-30,CUST-1042,Alex Rivera 15,Consumer,North America,Canada,Technology,Printers,8478.01,6,0.05,2957.44
ORD-2024-12341,2024-12-22,CUST-1043,Emma Watson 50,Consumer,Europe,Spain,Technology,Laptops,1021.52,6,0.1,300.94
ORD-2024-12342,2025-01-21,CUST-1011,Noah Davis 89,Home Office,North America,United States,Furniture,Desks,2254.63,5,0.1,345.36
ORD-2024-12343,2024-06-19,CUST-1128,Olivia Brown 44,Home Office,Latin America,Brazil,Office Supplies,Appliances,437.19,2,0.05,150.63
ORD-2024-12344,2024-05-22,CUST-1055,Charlotte Thomas 81,Consumer,Europe,France,Furniture,Chairs,1892.3,5,0.0,410.11
ORD-2024-12345,2024-12-24,CUST-1047,Sophia Wilson 72,Consumer,Asia Pacific,India,Furniture,Desks,1019.83,2,0.3,253.22
ORD-2024-12346,2024-12-27,CUST-1048,James Taylor 5,Consumer,Latin America,Brazil,Office Supplies,Appliances,363.35,5,0.0,162.58
ORD-2024-12347,2025-01-05,CUST-1142,Noah Davis 41,Consumer,North America,Canada,Furniture,Desks,2527.96,4,0.0,578.78
ORD-2024-12348,2025-02-14,CUST-1120,Charlotte Thomas 52,Home Office,Asia Pacific,Japan,Office Supplies,Appliances,507.96,5,0.1,235.99
ORD-2024-12349,2024-10-23,CUST-1137,Mia Martinez 18,Home Office,Asia Pacific,Japan,Office Supplies,Appliances,326.09,3,0.3,75.75
ORD-2024-12350,2024-09-04,CUST-1048,Sophia Wilson 84,Consumer,Latin America,Mexico,Office Supplies,Paper,98.69,4,0.05,48.25
ORD-2024-12351,2024-08-28,CUST-1049,James Taylor 58,Consumer,Latin America,Chile,Technology,Smartphones,2127.8,4,0.3,475.42
ORD-2024-12352,2024-01-06,CUST-1046,Noah Davis 17,Home Office,Europe,United Kingdom,Office Supplies,Storage,130.28,4,0.0,42.15
ORD-2024-12353,2025-04-12,CUST-1062,Liam Smith 94,Consumer,Latin America,Mexico,Furniture,Chairs,168.85,2,0.3,35.15
ORD-2024-12354,2024-05-28,CUST-1068,Liam Smith 38,Home Office,Asia Pacific,Australia,Office Supplies,Paper,226.86,5,0.05,100.4
ORD-2024-12355,2025-01-21,CUST-1094,Alex Rivera 90,Home Office,Asia Pacific,India,Furniture,Bookcases,1152.32,2,0.0,211.64
ORD-2024-12356,2024-09-20,CUST-1109,Emma Watson 44,Corporate,Asia Pacific,Japan,Office Supplies,Appliances,333.2,5,0.15,101.78
ORD-2024-12357,2024-11-13,CUST-1138,Charlotte Thomas 91,Consumer,Europe,Spain,Technology,Accessories,1408.56,3,0.1,506.65
ORD-2024-12358,2024-02-17,CUST-1014,Benjamin Anderson 23,Corporate,North America,United States,Technology,Laptops,2553.55,6,0.2,553.59
ORD-2024-12359,2025-01-18,CUST-1147,Charlotte Thomas 23,Consumer,Europe,United Kingdom,Furniture,Tables,3266.7,7,0.2,597.13
ORD-2024-12360,2024-08-04,CUST-1044,Liam Smith 73,Corporate,Europe,United Kingdom,Office Supplies,Art,161.9,5,0.0,72.92
ORD-2024-12361,2024-11-16,CUST-1138,Olivia Brown 78,Home Office,North America,United States,Furniture,Desks,702.89,3,0.1,35.45
ORD-2024-12362,2024-08-05,CUST-1045,Benjamin Anderson 96,Consumer,Asia Pacific,India,Technology,Laptops,4652.91,4,0.05,997.3
ORD-2024-12363,2024-08-29,CUST-1094,Emma Watson 95,Home Office,Latin America,Mexico,Office Supplies,Storage,1169.28,7,0.1,518.67
ORD-2024-12364,2024-03-30,CUST-1072,Olivia Brown 94,Home Office,Europe,Spain,Office Supplies,Binders,558.01,6,0.35,-27.9
ORD-2024-12365,2024-04-14,CUST-1087,Alex Rivera 74,Corporate,Europe,Italy,Office Supplies,Appliances,977.62,6,0.2,275.29
ORD-2024-12366,2025-04-16,CUST-1122,Alex Rivera 32,Home Office,Latin America,Chile,Furniture,Bookcases,1416.34,6,0.2,98.05
ORD-2024-12367,2025-03-17,CUST-1120,James Taylor 43,Consumer,Asia Pacific,India,Technology,Monitors,822.71,1,0.0,280.14
ORD-2024-12368,2025-02-12,CUST-1087,Noah Davis 18,Home Office,Latin America,Brazil,Furniture,Bookcases,2962.93,7,0.3,371.72
ORD-2024-12369,2025-05-07,CUST-1111,James Taylor 58,Home Office,Asia Pacific,India,Technology,Printers,6020.73,8,0.3,2187.56
ORD-2024-12370,2024-11-24,CUST-1005,James Taylor 75,Consumer,North America,Canada,Office Supplies,Art,455.92,2,0.0,222.95
ORD-2024-12371,2024-04-20,CUST-1134,Noah Davis 92,Corporate,North America,Canada,Furniture,Tables,3998.1,7,0.15,781.94
ORD-2024-12372,2024-01-01,CUST-1086,Emma Watson 70,Home Office,Latin America,Brazil,Office Supplies,Paper,460.12,5,0.1,169.73
ORD-2024-12373,2025-01-05,CUST-1046,Olivia Brown 37,Home Office,Europe,France,Office Supplies,Art,888.72,6,0.0,413.15
ORD-2024-12374,2025-04-19,CUST-1071,Sophia Wilson 98,Consumer,Asia Pacific,India,Furniture,Furnishings,2187.02,4,0.15,259.45
ORD-2024-12375,2024-01-24,CUST-1034,Noah Davis 23,Home Office,Latin America,Brazil,Furniture,Furnishings,2503.44,6,0.15,187.44
ORD-2024-12376,2025-05-05,CUST-1008,Liam Smith 43,Consumer,Europe,Italy,Furniture,Tables,945.72,3,0.15,212.7
ORD-2024-12377,2024-06-03,CUST-1131,Emma Watson 81,Corporate,Europe,Italy,Office Supplies,Storage,826.06,7,0.2,380.36
ORD-2024-12378,2024-12-09,CUST-1098,Olivia Brown 42,Home Office,Asia Pacific,Australia,Technology,Smartphones,210.63,2,0.05,54.73
ORD-2024-12379,2024-10-22,CUST-1096,Charlotte Thomas 43,Consumer,Europe,Germany,Furniture,Furnishings,1458.95,3,0.3,215.84
ORD-2024-12380,2024-06-28,CUST-1134,James Taylor 98,Corporate,North America,United States,Furniture,Bookcases,343.16,1,0.05,68.45
ORD-2024-12381,2024-04-20,CUST-1064,Noah Davis 88,Corporate,Europe,Italy,Furniture,Tables,2114.35,7,0.3,418.11
ORD-2024-12382,2024-05-05,CUST-1059,Emma Watson 69,Consumer,Europe,United Kingdom,Technology,Accessories,4931.08,7,0.0,1327.42
ORD-2024-12383,2025-03-07,CUST-1012,Mia Martinez 29,Consumer,Latin America,Mexico,Furniture,Bookcases,2631.67,7,0.05,486.97
ORD-2024-12384,2025-03-31,CUST-1034,James Taylor 32,Corporate,Latin America,Chile,Furniture,Chairs,2938.14,8,0.15,302.61
ORD-2024-12385,2024-09-10,CUST-1095,Charlotte Thomas 35,Home Office,Asia Pacific,Australia,Furniture,Furnishings,1403.16,3,0.2,169.54
ORD-2024-12386,2024-04-07,CUST-1114,Mia Martinez 33,Consumer,Europe,Spain,Furniture,Tables,2627.42,8,0.1,144.52
ORD-2024-12387,2025-03-22,CUST-1038,Alex Rivera 62,Corporate,Latin America,Mexico,Technology,Accessories,5286.29,6,0.05,1186.83
ORD-2024-12388,2024-02-08,CUST-1081,Mia Martinez 99,Consumer,Europe,Germany,Office Supplies,Appliances,16.78,1,0.3,6.97
ORD-2024-12389,2024-10-19,CUST-1071,Alex Rivera 53,Corporate,Latin America,Mexico,Office Supplies,Appliances,161.0,5,0.3,44.92
ORD-2024-12390,2024-05-05,CUST-1134,Sophia Wilson 84,Home Office,Latin America,Mexico,Technology,Accessories,4016.43,4,0.3,733.13
ORD-2024-12391,2024-07-29,CUST-1110,Alex Rivera 81,Home Office,North America,United States,Furniture,Tables,143.36,2,0.0,8.89
ORD-2024-12392,2024-05-05,CUST-1078,Charlotte Thomas 97,Home Office,Asia Pacific,India,Technology,Smartphones,5871.66,7,0.1,2339.3
ORD-2024-12393,2024-02-14,CUST-1140,Emma Watson 88,Corporate,Europe,Spain,Furniture,Tables,1294.26,5,0.3,144.03
ORD-2024-12394,2024-08-17,CUST-1108,Emma Watson 66,Home Office,Latin America,Chile,Furniture,Chairs,1458.8,8,0.3,243.2
ORD-2024-12395,2024-07-23,CUST-1098,Benjamin Anderson 19,Home Office,North America,Canada,Office Supplies,Binders,472.94,6,0.2,177.75
ORD-2024-12396,2024-01-09,CUST-1134,Charlotte Thomas 9,Corporate,Europe,United Kingdom,Office Supplies,Binders,26.09,3,0.2,10.73
ORD-2024-12397,2024-09-11,CUST-1108,Noah Davis 3,Corporate,Asia Pacific,India,Office Supplies,Binders,1061.01,7,0.05,503.33
ORD-2024-12398,2024-02-04,CUST-1064,Alex Rivera 46,Consumer,Europe,Germany,Office Supplies,Art,426.11,5,0.15,124.53
ORD-2024-12399,2025-03-20,CUST-1062,Olivia Brown 71,Home Office,North America,Canada,Furniture,Furnishings,1294.93,5,0.15,142.24
ORD-2024-12400,2024-06-03,CUST-1032,Alex Rivera 25,Corporate,Asia Pacific,Singapore,Technology,Smartphones,2941.32,3,0.3,607.33
ORD-2024-12401,2024-09-15,CUST-1123,Olivia Brown 46,Consumer,Latin America,Mexico,Furniture,Tables,777.67,2,0.05,52.91
ORD-2024-12402,2024-04-14,CUST-1093,Emma Watson 65,Home Office,Europe,Germany,Technology,Accessories,2916.18,4,0.1,1094.08
ORD-2024-12403,2025-05-11,CUST-1107,Sophia Wilson 69,Consumer,Asia Pacific,Australia,Office Supplies,Appliances,824.04,6,0.3,206.29
ORD-2024-12404,2024-03-01,CUST-1125,Benjamin Anderson 78,Corporate,Asia Pacific,Japan,Office Supplies,Appliances,157.43,2,0.05,77.35
ORD-2024-12405,2024-10-10,CUST-1096,Sophia Wilson 47,Home Office,North America,Canada,Furniture,Bookcases,1762.5,3,0.05,277.78
ORD-2024-12406,2025-04-27,CUST-1024,Charlotte Thomas 29,Corporate,North America,United States,Office Supplies,Paper,446.87,2,0.1,205.49
ORD-2024-12407,2024-04-06,CUST-1066,Liam Smith 91,Home Office,Europe,France,Technology,Smartphones,5081.18,6,0.2,1350.72
ORD-2024-12408,2025-03-06,CUST-1061,Alex Rivera 76,Home Office,North America,United States,Technology,Monitors,4000.94,8,0.05,895.4
ORD-2024-12409,2024-02-14,CUST-1075,James Taylor 12,Consumer,Europe,Germany,Furniture,Bookcases,321.83,1,0.0,36.74
ORD-2024-12410,2024-01-20,CUST-1048,Alex Rivera 40,Corporate,North America,Canada,Furniture,Furnishings,231.92,2,0.0,40.2
ORD-2024-12411,2025-03-30,CUST-1104,Sophia Wilson 79,Home Office,Asia Pacific,Singapore,Furniture,Tables,2361.28,7,0.05,471.93
ORD-2024-12412,2024-06-05,CUST-1083,Noah Davis 16,Home Office,Europe,Italy,Office Supplies,Paper,197.69,5,0.1,48.59
ORD-2024-12413,2024-08-01,CUST-1078,Emma Watson 80,Home Office,North America,United States,Furniture,Chairs,3617.62,7,0.3,456.21
ORD-2024-12414,2024-11-11,CUST-1023,Alex Rivera 8,Home Office,Europe,United Kingdom,Office Supplies,Storage,71.67,2,0.15,25.85
ORD-2024-12415,2024-08-01,CUST-1128,Liam Smith 20,Home Office,North America,Canada,Furniture,Tables,996.07,7,0.2,163.05
ORD-2024-12416,2024-07-14,CUST-1037,Alex Rivera 68,Consumer,Asia Pacific,India,Office Supplies,Paper,170.08,1,0.1,63.03
ORD-2024-12417,2024-03-12,CUST-1090,Mia Martinez 17,Consumer,Latin America,Brazil,Office Supplies,Binders,47.9,1,0.0,23.38
ORD-2024-12418,2024-12-04,CUST-1118,Noah Davis 72,Corporate,Latin America,Chile,Technology,Accessories,9785.52,8,0.0,1821.94
ORD-2024-12419,2024-06-28,CUST-1022,Noah Davis 43,Consumer,North America,Canada,Office Supplies,Appliances,155.61,1,0.3,74.53
ORD-2024-12420,2025-04-12,CUST-1132,James Taylor 3,Corporate,North America,Canada,Office Supplies,Paper,139.43,3,0.1,28.42
ORD-2024-12421,2025-02-04,CUST-1091,Noah Davis 62,Corporate,Latin America,Mexico,Office Supplies,Appliances,169.29,1,0.3,63.29
ORD-2024-12422,2024-05-11,CUST-1021,Benjamin Anderson 94,Home Office,Asia Pacific,India,Furniture,Bookcases,345.41,2,0.15,40.01
ORD-2024-12423,2025-03-06,CUST-1090,James Taylor 18,Consumer,Latin America,Chile,Office Supplies,Appliances,732.5,7,0.1,240.02
ORD-2024-12424,2025-04-11,CUST-1060,Emma Watson 27,Corporate,North America,Canada,Office Supplies,Binders,533.78,3,0.2,110.44
ORD-2024-12425,2024-02-15,CUST-1025,Olivia Brown 72,Corporate,North America,Canada,Furniture,Furnishings,2062.56,8,0.0,414.02
ORD-2024-12426,2024-11-11,CUST-1003,Olivia Brown 66,Consumer,Europe,France,Technology,Accessories,5446.18,6,0.3,1151.72
ORD-2024-12427,2024-03-27,CUST-1145,Noah Davis 40,Consumer,North America,Canada,Furniture,Furnishings,3410.37,6,0.05,380.34
ORD-2024-12428,2024-03-06,CUST-1143,Olivia Brown 76,Corporate,North America,Canada,Furniture,Desks,2224.74,6,0.3,209.6
ORD-2024-12429,2024-12-02,CUST-1100,Mia Martinez 2,Home Office,Asia Pacific,India,Office Supplies,Appliances,1194.29,7,0.1,375.01
ORD-2024-12430,2024-12-04,CUST-1038,Charlotte Thomas 22,Corporate,Europe,United Kingdom,Office Supplies,Binders,182.06,1,0.0,65.19
ORD-2024-12431,2024-03-19,CUST-1062,Sophia Wilson 27,Consumer,Latin America,Chile,Office Supplies,Storage,393.75,5,0.3,190.04
ORD-2024-12432,2024-08-04,CUST-1124,James Taylor 82,Corporate,North America,Canada,Furniture,Bookcases,2214.35,4,0.15,541.88
ORD-2024-12433,2025-01-10,CUST-1071,Charlotte Thomas 42,Home Office,Latin America,Mexico,Technology,Smartphones,1632.36,4,0.0,627.49
ORD-2024-12434,2024-06-14,CUST-1088,Sophia Wilson 77,Home Office,Europe,Italy,Office Supplies,Appliances,916.2,8,0.1,207.15
ORD-2024-12435,2024-12-17,CUST-1016,Noah Davis 68,Corporate,Europe,Spain,Furniture,Bookcases,992.74,2,0.2,172.5
ORD-2024-12436,2024-08-05,CUST-1065,Sophia Wilson 29,Corporate,Latin America,Mexico,Furniture,Chairs,3941.47,7,0.1,896.07
ORD-2024-12437,2024-11-09,CUST-1103,Mia Martinez 68,Home Office,Latin America,Brazil,Office Supplies,Paper,183.39,1,0.2,89.24
ORD-2024-12438,2024-06-28,CUST-1129,Liam Smith 8,Consumer,Latin America,Brazil,Technology,Smartphones,5554.61,6,0.2,1493.36
ORD-2024-12439,2024-11-23,CUST-1039,Liam Smith 36,Consumer,Europe,Italy,Furniture,Furnishings,2318.08,4,0.1,473.95
ORD-2024-12440,2024-11-03,CUST-1042,Mia Martinez 49,Corporate,North America,Canada,Furniture,Chairs,689.57,1,0.1,35.6
ORD-2024-12441,2024-04-14,CUST-1050,Noah Davis 71,Consumer,North America,Canada,Technology,Printers,5480.69,6,0.2,1368.98
ORD-2024-12442,2025-01-17,CUST-1124,Emma Watson 45,Corporate,Asia Pacific,Singapore,Furniture,Chairs,787.41,3,0.15,45.81
ORD-2024-12443,2025-03-31,CUST-1111,Mia Martinez 35,Home Office,Latin America,Chile,Office Supplies,Binders,90.29,1,0.3,27.07
ORD-2024-12444,2024-04-15,CUST-1101,Noah Davis 80,Home Office,North America,United States,Office Supplies,Binders,920.75,6,0.15,306.92
ORD-2024-12445,2024-11-16,CUST-1039,Benjamin Anderson 47,Home Office,North America,United States,Technology,Accessories,4663.01,4,0.2,986.11
ORD-2024-12446,2024-01-11,CUST-1127,Mia Martinez 44,Corporate,Europe,Germany,Technology,Printers,1610.25,5,0.05,620.91
ORD-2024-12447,2024-07-08,CUST-1101,Mia Martinez 83,Home Office,Asia Pacific,Singapore,Office Supplies,Art,9.02,1,0.15,4.05
ORD-2024-12448,2024-02-12,CUST-1144,Charlotte Thomas 13,Home Office,North America,Canada,Furniture,Bookcases,786.58,3,0.2,145.92
ORD-2024-12449,2024-05-21,CUST-1076,Emma Watson 40,Home Office,Europe,France,Technology,Smartphones,2759.24,5,0.2,787.42
ORD-2024-12450,2024-09-23,CUST-1062,Benjamin Anderson 83,Corporate,Latin America,Mexico,Furniture,Tables,2367.41,7,0.1,394.1
ORD-2024-12451,2024-01-19,CUST-1123,Alex Rivera 47,Corporate,Asia Pacific,Singapore,Office Supplies,Binders,775.58,5,0.05,384.07
ORD-2024-12452,2024-08-09,CUST-1137,Mia Martinez 85,Corporate,North America,Canada,Furniture,Furnishings,380.18,3,0.3,19.21
ORD-2024-12453,2024-10-25,CUST-1068,Charlotte Thomas 7,Corporate,Latin America,Chile,Technology,Accessories,7458.34,6,0.05,1789.89
ORD-2024-12454,2024-08-25,CUST-1119,Emma Watson 7,Home Office,North America,United States,Technology,Accessories,6757.16,8,0.15,2464.35
ORD-2024-12455,2025-01-27,CUST-1073,Charlotte Thomas 34,Consumer,North America,Canada,Office Supplies,Appliances,340.47,3,0.1,164.37
ORD-2024-12456,2024-08-27,CUST-1128,Sophia Wilson 52,Corporate,North America,United States,Furniture,Bookcases,3860.06,8,0.1,266.52
ORD-2024-12457,2024-09-30,CUST-1084,Sophia Wilson 60,Consumer,Asia Pacific,Australia,Technology,Laptops,4545.18,6,0.1,1309.79
ORD-2024-12458,2025-03-03,CUST-1149,Sophia Wilson 63,Home Office,Asia Pacific,India,Furniture,Furnishings,733.58,7,0.15,43.18
ORD-2024-12459,2025-02-07,CUST-1135,Noah Davis 81,Home Office,North America,United States,Furniture,Desks,972.19,5,0.15,48.98
ORD-2024-12460,2024-01-10,CUST-1119,Emma Watson 33,Corporate,Latin America,Chile,Office Supplies,Paper,398.05,8,0.3,150.05
ORD-2024-12461,2025-01-03,CUST-1062,Noah Davis 16,Home Office,Asia Pacific,Singapore,Office Supplies,Storage,845.68,4,0.15,407.32
ORD-2024-12462,2024-07-09,CUST-1103,Alex Rivera 16,Corporate,North America,United States,Office Supplies,Art,58.12,2,0.15,17.69
ORD-2024-12463,2024-12-13,CUST-1007,Alex Rivera 98,Consumer,Latin America,Chile,Technology,Printers,2932.88,5,0.2,464.45
ORD-2024-12464,2024-10-05,CUST-1110,Charlotte Thomas 23,Home Office,Asia Pacific,Singapore,Office Supplies,Paper,316.47,3,0.0,134.43
ORD-2024-12465,2024-07-05,CUST-1148,Olivia Brown 86,Home Office,Latin America,Mexico,Furniture,Desks,1070.01,4,0.15,157.68
ORD-2024-12466,2024-05-02,CUST-1094,Sophia Wilson 91,Home Office,Latin America,Brazil,Furniture,Chairs,938.02,3,0.2,147.89
ORD-2024-12467,2024-05-18,CUST-1021,Olivia Brown 30,Corporate,North America,United States,Office Supplies,Paper,111.44,4,0.0,42.47
ORD-2024-12468,2025-04-11,CUST-1079,Liam Smith 64,Home Office,Asia Pacific,Australia,Furniture,Tables,2477.88,4,0.1,361.66
ORD-2024-12469,2025-01-30,CUST-1145,James Taylor 57,Consumer,Asia Pacific,Japan,Technology,Smartphones,5729.64,8,0.3,1892.09
ORD-2024-12470,2025-02-15,CUST-1093,James Taylor 47,Home Office,Europe,Spain,Technology,Monitors,1865.21,6,0.05,722.11
ORD-2024-12471,2024-12-08,CUST-1106,Olivia Brown 94,Corporate,Asia Pacific,Japan,Technology,Monitors,7775.82,7,0.15,2991.7
ORD-2024-12472,2024-02-23,CUST-1022,Liam Smith 87,Consumer,Europe,United Kingdom,Technology,Accessories,2618.46,3,0.1,960.15
ORD-2024-12473,2025-02-16,CUST-1096,Emma Watson 14,Home Office,Latin America,Chile,Office Supplies,Appliances,549.31,3,0.1,243.35
ORD-2024-12474,2025-03-18,CUST-1078,James Taylor 98,Corporate,Latin America,Mexico,Office Supplies,Storage,422.56,6,0.3,111.74
ORD-2024-12475,2024-07-10,CUST-1081,Noah Davis 37,Consumer,North America,United States,Office Supplies,Appliances,1018.68,6,0.0,269.08
ORD-2024-12476,2025-04-16,CUST-1115,Olivia Brown 66,Consumer,Asia Pacific,Australia,Technology,Laptops,1210.61,2,0.3,361.1
ORD-2024-12477,2024-08-15,CUST-1109,Benjamin Anderson 39,Consumer,Asia Pacific,India,Technology,Accessories,1773.95,3,0.05,278.47
ORD-2024-12478,2024-02-08,CUST-1066,Benjamin Anderson 32,Consumer,Europe,France,Furniture,Chairs,1376.64,2,0.05,190.78
ORD-2024-12479,2024-10-04,CUST-1053,James Taylor 2,Consumer,North America,Canada,Furniture,Bookcases,3212.24,8,0.0,631.09
ORD-2024-12480,2024-01-06,CUST-1107,Mia Martinez 56,Consumer,Europe,Spain,Furniture,Desks,3632.1,6,0.0,532.6
ORD-2024-12481,2024-11-30,CUST-1123,Emma Watson 82,Corporate,Europe,Germany,Furniture,Desks,455.56,7,0.2,27.27
ORD-2024-12482,2024-06-02,CUST-1026,Benjamin Anderson 50,Home Office,Europe,Germany,Technology,Laptops,2203.99,5,0.3,511.6
ORD-2024-12483,2024-07-24,CUST-1065,Charlotte Thomas 55,Corporate,Asia Pacific,Japan,Office Supplies,Appliances,27.0,1,0.1,11.22
ORD-2024-12484,2024-12-16,CUST-1059,Charlotte Thomas 88,Consumer,Latin America,Mexico,Office Supplies,Paper,1353.3,8,0.3,276.94
ORD-2024-12485,2024-06-01,CUST-1033,Sophia Wilson 85,Consumer,Latin America,Chile,Technology,Smartphones,4148.54,6,0.2,1217.46
ORD-2024-12486,2024-04-06,CUST-1101,Benjamin Anderson 19,Home Office,Latin America,Mexico,Technology,Printers,852.71,2,0.1,324.51
ORD-2024-12487,2024-02-04,CUST-1063,James Taylor 94,Consumer,Asia Pacific,Australia,Furniture,Chairs,264.26,2,0.15,43.41
ORD-2024-12488,2025-04-20,CUST-1006,Benjamin Anderson 91,Home Office,Latin America,Mexico,Furniture,Furnishings,219.83,4,0.05,44.96
ORD-2024-12489,2024-07-07,CUST-1139,Olivia Brown 97,Home Office,Asia Pacific,Australia,Office Supplies,Appliances,138.81,1,0.15,42.84
ORD-2024-12490,2024-05-02,CUST-1083,Emma Watson 62,Corporate,Asia Pacific,Singapore,Furniture,Furnishings,1279.5,6,0.0,70.63
ORD-2024-12491,2024-03-24,CUST-1020,Noah Davis 7,Consumer,Europe,Italy,Technology,Laptops,792.6,6,0.35,-39.63
ORD-2024-12492,2024-11-21,CUST-1149,Mia Martinez 73,Home Office,North America,United States,Furniture,Furnishings,2654.38,8,0.15,175.96
ORD-2024-12493,2024-09-05,CUST-1006,Olivia Brown 5,Corporate,Latin America,Chile,Furniture,Chairs,3599.7,5,0.0,273.27
ORD-2024-12494,2025-04-10,CUST-1097,Alex Rivera 43,Consumer,Latin America,Mexico,Office Supplies,Binders,1097.71,6,0.05,298.27
ORD-2024-12495,2024-07-16,CUST-1143,Noah Davis 15,Home Office,Latin America,Mexico,Furniture,Tables,4894.75,7,0.0,253.93
ORD-2024-12496,2024-05-23,CUST-1057,Noah Davis 42,Home Office,Latin America,Chile,Office Supplies,Binders,1613.18,8,0.05,344.22
ORD-2024-12497,2024-04-25,CUST-1045,Noah Davis 75,Corporate,Latin America,Mexico,Furniture,Bookcases,4775.46,6,0.0,983.25
ORD-2024-12498,2024-06-03,CUST-1138,Noah Davis 69,Consumer,Asia Pacific,India,Office Supplies,Binders,382.48,2,0.1,120.9
ORD-2024-12499,2025-03-14,CUST-1087,Noah Davis 21,Corporate,North America,Canada,Office Supplies,Appliances,1074.43,6,0.2,446.36
ORD-2024-12500,2024-06-02,CUST-1122,James Taylor 16,Consumer,North America,United States,Furniture,Furnishings,1719.08,5,0.15,210.44
ORD-2024-12501,2024-12-10,CUST-1089,James Taylor 44,Corporate,Europe,Italy,Office Supplies,Art,227.41,7,0.3,84.82
ORD-2024-12502,2024-05-31,CUST-1129,Sophia Wilson 35,Home Office,North America,United States,Office Supplies,Paper,546.45,5,0.3,171.62
ORD-2024-12503,2025-03-15,CUST-1089,James Taylor 2,Corporate,Latin America,Chile,Office Supplies,Appliances,375.76,7,0.0,99.78
ORD-2024-12504,2024-03-08,CUST-1104,Benjamin Anderson 61,Consumer,Latin America,Mexico,Furniture,Tables,3976.88,8,0.0,800.84
ORD-2024-12505,2024-04-15,CUST-1145,Charlotte Thomas 53,Consumer,Latin America,Brazil,Furniture,Tables,3935.52,8,0.0,724.2
ORD-2024-12506,2024-02-13,CUST-1014,Mia Martinez 98,Consumer,Asia Pacific,Japan,Technology,Monitors,2644.34,3,0.05,833.42
ORD-2024-12507,2024-01-17,CUST-1104,Benjamin Anderson 84,Consumer,Asia Pacific,Australia,Technology,Laptops,1413.92,4,0.0,490.56
ORD-2024-12508,2024-04-20,CUST-1058,Noah Davis 36,Corporate,North America,Canada,Office Supplies,Paper,1177.57,7,0.2,583.45
ORD-2024-12509,2024-05-12,CUST-1058,Alex Rivera 52,Home Office,Asia Pacific,Australia,Technology,Accessories,4419.2,7,0.1,1523.0
ORD-2024-12510,2024-11-02,CUST-1078,Emma Watson 18,Home Office,Asia Pacific,Australia,Furniture,Chairs,470.93,7,0.1,47.45
ORD-2024-12511,2025-03-29,CUST-1142,Sophia Wilson 37,Home Office,Latin America,Mexico,Technology,Smartphones,220.82,1,0.1,42.33
ORD-2024-12512,2024-06-28,CUST-1079,Liam Smith 68,Consumer,Asia Pacific,Australia,Furniture,Tables,2945.47,5,0.05,362.39
ORD-2024-12513,2025-02-13,CUST-1007,Mia Martinez 72,Corporate,Latin America,Chile,Furniture,Chairs,531.1,1,0.05,103.26
ORD-2024-12514,2025-05-01,CUST-1033,Liam Smith 16,Consumer,North America,Canada,Technology,Smartphones,4619.66,6,0.2,1156.4
ORD-2024-12515,2024-07-31,CUST-1053,Charlotte Thomas 74,Home Office,Europe,Italy,Furniture,Furnishings,3369.54,8,0.05,788.26
ORD-2024-12516,2024-09-22,CUST-1127,Olivia Brown 90,Consumer,Asia Pacific,Australia,Furniture,Furnishings,2139.44,7,0.05,353.55
ORD-2024-12517,2024-02-27,CUST-1121,Charlotte Thomas 51,Corporate,Asia Pacific,Japan,Furniture,Chairs,542.02,3,0.2,87.45
ORD-2024-12518,2024-01-04,CUST-1120,Alex Rivera 3,Corporate,North America,United States,Technology,Monitors,3244.46,6,0.3,550.98
ORD-2024-12519,2025-04-25,CUST-1005,Liam Smith 88,Consumer,North America,United States,Office Supplies,Art,521.64,6,0.1,114.79
ORD-2024-12520,2024-05-21,CUST-1135,Mia Martinez 80,Consumer,North America,United States,Furniture,Tables,2601.29,8,0.1,468.35
ORD-2024-12521,2024-01-10,CUST-1025,Sophia Wilson 22,Corporate,Latin America,Mexico,Furniture,Desks,1873.0,4,0.3,242.83
ORD-2024-12522,2024-09-03,CUST-1136,Sophia Wilson 38,Home Office,Europe,United Kingdom,Technology,Monitors,11050.32,8,0.05,4149.64
ORD-2024-12523,2024-12-18,CUST-1142,Olivia Brown 51,Home Office,North America,Canada,Technology,Smartphones,6668.2,6,0.15,2630.31
ORD-2024-12524,2024-03-19,CUST-1058,Liam Smith 52,Corporate,North America,Canada,Office Supplies,Appliances,147.42,2,0.2,57.54
ORD-2024-12525,2024-01-04,CUST-1024,Sophia Wilson 6,Home Office,North America,Canada,Furniture,Furnishings,4401.1,8,0.3,336.45
ORD-2024-12526,2024-11-12,CUST-1033,Sophia Wilson 10,Home Office,Europe,Germany,Technology,Monitors,1708.46,6,0.05,358.04
ORD-2024-12527,2024-12-26,CUST-1038,Charlotte Thomas 58,Consumer,Asia Pacific,Australia,Furniture,Furnishings,732.84,3,0.2,169.94
ORD-2024-12528,2024-06-24,CUST-1137,Sophia Wilson 42,Consumer,North America,Canada,Technology,Monitors,1794.98,2,0.1,539.19
ORD-2024-12529,2025-05-13,CUST-1004,Mia Martinez 43,Corporate,Asia Pacific,Japan,Furniture,Desks,2084.45,8,0.05,347.2
ORD-2024-12530,2024-03-22,CUST-1098,Liam Smith 45,Home Office,North America,United States,Office Supplies,Paper,295.01,8,0.3,98.79
ORD-2024-12531,2025-01-23,CUST-1111,Mia Martinez 62,Consumer,Asia Pacific,Singapore,Technology,Accessories,1946.86,6,0.1,595.08
ORD-2024-12532,2024-08-24,CUST-1132,Mia Martinez 22,Home Office,Latin America,Mexico,Furniture,Chairs,1485.53,7,0.3,327.24
ORD-2024-12533,2024-04-24,CUST-1132,Alex Rivera 21,Home Office,North America,United States,Furniture,Furnishings,2543.43,5,0.05,276.22
ORD-2024-12534,2024-10-24,CUST-1107,Alex Rivera 81,Consumer,North America,Canada,Technology,Monitors,884.65,6,0.15,183.13
ORD-2024-12535,2024-07-31,CUST-1032,Noah Davis 22,Corporate,Latin America,Chile,Office Supplies,Binders,160.84,5,0.2,39.59
ORD-2024-12536,2024-01-17,CUST-1056,James Taylor 77,Consumer,North America,United States,Office Supplies,Storage,231.51,1,0.0,93.44
ORD-2024-12537,2024-03-16,CUST-1119,Olivia Brown 14,Home Office,North America,Canada,Technology,Laptops,1156.18,2,0.1,315.45
ORD-2024-12538,2025-03-19,CUST-1084,James Taylor 74,Consumer,North America,United States,Office Supplies,Storage,152.8,4,0.05,75.43
ORD-2024-12539,2024-11-08,CUST-1135,Noah Davis 58,Corporate,Europe,United Kingdom,Office Supplies,Appliances,782.26,6,0.2,254.37
ORD-2024-12540,2024-07-31,CUST-1123,Mia Martinez 11,Corporate,Europe,Italy,Technology,Laptops,663.49,3,0.3,149.48
ORD-2024-12541,2025-01-08,CUST-1060,James Taylor 42,Consumer,North America,United States,Technology,Monitors,615.39,1,0.3,241.75
ORD-2024-12542,2024-01-29,CUST-1110,Noah Davis 59,Corporate,North America,Canada,Furniture,Desks,2954.2,8,0.05,645.22
ORD-2024-12543,2024-12-27,CUST-1083,Sophia Wilson 34,Home Office,North America,Canada,Technology,Laptops,1647.49,8,0.2,306.27
ORD-2024-12544,2024-12-27,CUST-1015,James Taylor 57,Corporate,Asia Pacific,Australia,Office Supplies,Binders,233.49,4,0.3,86.94
ORD-2024-12545,2024-10-27,CUST-1004,Noah Davis 41,Consumer,Europe,France,Technology,Monitors,2684.56,4,0.1,709.18
ORD-2024-12546,2024-05-07,CUST-1130,Emma Watson 29,Consumer,North America,Canada,Technology,Accessories,2253.4,4,0.0,439.86
ORD-2024-12547,2024-04-27,CUST-1108,Noah Davis 13,Consumer,Europe,France,Furniture,Bookcases,377.51,6,0.05,72.83
ORD-2024-12548,2024-08-22,CUST-1040,Alex Rivera 31,Consumer,Asia Pacific,Japan,Furniture,Chairs,996.99,3,0.05,213.65
ORD-2024-12549,2024-06-16,CUST-1024,Alex Rivera 63,Home Office,North America,Canada,Furniture,Bookcases,3605.92,8,0.0,760.11
ORD-2024-12550,2025-05-04,CUST-1068,Alex Rivera 35,Consumer,Europe,France,Furniture,Tables,446.66,2,0.2,77.78
ORD-2024-12551,2024-07-09,CUST-1095,Emma Watson 17,Corporate,Europe,Italy,Technology,Printers,1879.02,2,0.2,324.66
ORD-2024-12552,2024-05-07,CUST-1088,Alex Rivera 45,Home Office,Europe,France,Office Supplies,Storage,373.73,2,0.2,154.68
ORD-2024-12553,2024-08-28,CUST-1028,Sophia Wilson 89,Corporate,Asia Pacific,Singapore,Furniture,Chairs,4287.57,7,0.15,898.28
ORD-2024-12554,2024-03-29,CUST-1131,Liam Smith 36,Corporate,Europe,Germany,Furniture,Chairs,1187.04,3,0.35,-59.35
ORD-2024-12555,2025-03-22,CUST-1137,Sophia Wilson 92,Corporate,Europe,France,Technology,Smartphones,858.7,1,0.35,-42.94
ORD-2024-12556,2024-02-07,CUST-1080,Alex Rivera 38,Consumer,North America,Canada,Office Supplies,Appliances,706.82,6,0.3,279.65
ORD-2024-12557,2024-10-31,CUST-1114,Mia Martinez 10,Corporate,Europe,United Kingdom,Office Supplies,Art,11.02,1,0.3,4.73
ORD-2024-12558,2024-01-20,CUST-1027,Alex Rivera 11,Corporate,Latin America,Chile,Technology,Smartphones,2857.02,3,0.15,1022.14
ORD-2024-12559,2024-09-25,CUST-1128,Benjamin Anderson 13,Home Office,Europe,Germany,Furniture,Tables,3606.49,7,0.05,580.55
ORD-2024-12560,2024-02-28,CUST-1104,Benjamin Anderson 61,Home Office,Asia Pacific,Japan,Office Supplies,Storage,210.44,1,0.1,81.72
ORD-2024-12561,2024-12-04,CUST-1097,Sophia Wilson 52,Home Office,Europe,Spain,Furniture,Desks,376.55,1,0.15,90.32
ORD-2024-12562,2024-12-31,CUST-1124,Liam Smith 1,Home Office,North America,Canada,Furniture,Desks,3984.0,8,0.05,479.44
ORD-2024-12563,2024-05-24,CUST-1004,Mia Martinez 67,Consumer,North America,United States,Technology,Printers,5623.2,6,0.0,1745.36
ORD-2024-12564,2024-06-26,CUST-1072,Charlotte Thomas 71,Consumer,Latin America,Mexico,Technology,Accessories,2521.16,5,0.2,400.43
ORD-2024-12565,2024-08-10,CUST-1097,Benjamin Anderson 66,Home Office,Latin America,Mexico,Furniture,Chairs,3576.63,6,0.15,817.77
ORD-2024-12566,2024-02-13,CUST-1108,Noah Davis 46,Corporate,North America,Canada,Office Supplies,Appliances,1336.32,7,0.05,666.92
ORD-2024-12567,2024-05-07,CUST-1022,Benjamin Anderson 7,Home Office,Latin America,Brazil,Office Supplies,Binders,13.21,1,0.05,4.03
ORD-2024-12568,2025-03-03,CUST-1088,James Taylor 43,Consumer,Europe,Spain,Office Supplies,Art,326.85,4,0.35,-16.34
ORD-2024-12569,2024-02-20,CUST-1096,Mia Martinez 89,Home Office,Latin America,Brazil,Office Supplies,Binders,380.74,2,0.1,108.49
ORD-2024-12570,2024-09-03,CUST-1039,Alex Rivera 14,Consumer,Asia Pacific,Japan,Technology,Accessories,6464.39,5,0.1,1488.83
ORD-2024-12571,2024-12-02,CUST-1014,Sophia Wilson 38,Home Office,North America,United States,Office Supplies,Appliances,482.18,4,0.2,218.91
ORD-2024-12572,2024-07-24,CUST-1117,Olivia Brown 67,Home Office,Latin America,Brazil,Furniture,Tables,492.2,4,0.0,44.51
ORD-2024-12573,2025-02-10,CUST-1072,Olivia Brown 68,Consumer,North America,United States,Technology,Monitors,694.22,4,0.1,131.45
ORD-2024-12574,2024-06-06,CUST-1057,Alex Rivera 63,Home Office,Asia Pacific,Japan,Furniture,Furnishings,2991.24,7,0.1,742.05
ORD-2024-12575,2024-07-30,CUST-1099,Liam Smith 66,Home Office,Latin America,Chile,Technology,Accessories,1474.17,7,0.05,274.66
ORD-2024-12576,2024-03-20,CUST-1115,Sophia Wilson 81,Corporate,North America,United States,Technology,Laptops,1238.98,3,0.05,463.58
ORD-2024-12577,2024-05-26,CUST-1009,Sophia Wilson 49,Home Office,Latin America,Mexico,Technology,Laptops,2833.82,6,0.2,824.54
ORD-2024-12578,2024-01-23,CUST-1067,Emma Watson 67,Home Office,Europe,Italy,Technology,Accessories,1062.79,7,0.15,170.96
ORD-2024-12579,2024-10-04,CUST-1029,Liam Smith 28,Home Office,Europe,Spain,Office Supplies,Appliances,342.3,5,0.15,133.66
ORD-2024-12580,2024-01-18,CUST-1149,Benjamin Anderson 49,Consumer,Latin America,Brazil,Furniture,Desks,1945.1,6,0.2,412.48
ORD-2024-12581,2025-03-14,CUST-1072,Noah Davis 39,Consumer,North America,United States,Technology,Accessories,2877.09,3,0.1,817.59
ORD-2024-12582,2025-03-04,CUST-1100,Olivia Brown 93,Consumer,Europe,Spain,Technology,Printers,737.37,6,0.35,-36.87
ORD-2024-12583,2024-02-07,CUST-1028,Benjamin Anderson 5,Home Office,Europe,Spain,Office Supplies,Art,290.72,2,0.1,126.87
ORD-2024-12584,2024-11-05,CUST-1063,Charlotte Thomas 53,Consumer,Latin America,Brazil,Technology,Accessories,1159.94,2,0.2,338.66
ORD-2024-12585,2025-01-16,CUST-1031,Emma Watson 75,Home Office,Europe,France,Furniture,Furnishings,550.41,5,0.3,81.04
ORD-2024-12586,2024-10-13,CUST-1141,Olivia Brown 38,Consumer,North America,United States,Furniture,Chairs,1042.72,4,0.0,159.68
ORD-2024-12587,2024-02-26,CUST-1143,Emma Watson 40,Consumer,Asia Pacific,Japan,Office Supplies,Binders,80.89,2,0.15,37.38
ORD-2024-12588,2024-12-08,CUST-1000,Noah Davis 40,Corporate,North America,Canada,Furniture,Chairs,2396.95,5,0.0,506.56
ORD-2024-12589,2025-04-07,CUST-1098,Mia Martinez 13,Corporate,Latin America,Chile,Technology,Smartphones,199.67,2,0.1,70.35
ORD-2024-12590,2024-06-30,CUST-1099,Noah Davis 41,Corporate,Europe,United Kingdom,Furniture,Bookcases,3494.66,8,0.2,362.6
ORD-2024-12591,2024-01-28,CUST-1116,Noah Davis 4,Consumer,Europe,Spain,Furniture,Bookcases,4109.44,8,0.0,702.11
ORD-2024-12592,2024-04-27,CUST-1063,Charlotte Thomas 14,Home Office,Europe,Spain,Office Supplies,Appliances,166.61,3,0.3,53.54
ORD-2024-12593,2024-06-02,CUST-1018,Alex Rivera 50,Consumer,Europe,United Kingdom,Furniture,Tables,438.12,2,0.3,78.5
ORD-2024-12594,2024-01-24,CUST-1089,Mia Martinez 51,Consumer,North America,United States,Technology,Smartphones,7325.3,7,0.3,1707.32
ORD-2024-12595,2024-07-27,CUST-1024,Liam Smith 42,Consumer,Latin America,Brazil,Furniture,Bookcases,280.46,5,0.15,30.32
ORD-2024-12596,2024-09-23,CUST-1102,Mia Martinez 77,Corporate,Latin America,Chile,Office Supplies,Appliances,823.64,5,0.2,227.08
ORD-2024-12597,2024-02-05,CUST-1119,Alex Rivera 84,Consumer,Latin America,Brazil,Technology,Smartphones,9440.58,8,0.15,1425.36
ORD-2024-12598,2024-02-06,CUST-1113,Mia Martinez 98,Consumer,Latin America,Mexico,Office Supplies,Storage,611.68,4,0.0,203.84
ORD-2024-12599,2024-02-22,CUST-1028,Emma Watson 57,Consumer,Latin America,Brazil,Technology,Accessories,2864.52,3,0.0,621.64
ORD-2024-12600,2024-05-30,CUST-1022,Sophia Wilson 43,Home Office,Latin America,Mexico,Furniture,Desks,784.95,5,0.3,127.89
ORD-2024-12601,2024-07-27,CUST-1087,Sophia Wilson 21,Consumer,North America,Canada,Office Supplies,Paper,743.22,4,0.1,203.0
ORD-2024-12602,2024-01-01,CUST-1014,Noah Davis 80,Home Office,Europe,Spain,Office Supplies,Art,686.53,4,0.3,216.79
ORD-2024-12603,2024-02-27,CUST-1122,Mia Martinez 31,Consumer,Latin America,Brazil,Office Supplies,Storage,521.64,3,0.1,183.6
ORD-2024-12604,2025-01-02,CUST-1038,Olivia Brown 96,Home Office,Asia Pacific,India,Furniture,Desks,1725.59,3,0.15,313.66
ORD-2024-12605,2024-07-17,CUST-1141,Mia Martinez 85,Consumer,Asia Pacific,Japan,Technology,Accessories,1527.69,2,0.15,579.53
ORD-2024-12606,2024-07-18,CUST-1112,Alex Rivera 56,Consumer,Asia Pacific,Singapore,Office Supplies,Paper,448.74,4,0.1,152.01
ORD-2024-12607,2024-03-05,CUST-1030,Emma Watson 50,Consumer,Asia Pacific,Japan,Furniture,Furnishings,1684.69,4,0.1,336.98
ORD-2024-12608,2024-07-20,CUST-1077,James Taylor 27,Home Office,Latin America,Brazil,Technology,Accessories,5512.97,6,0.1,1496.77
ORD-2024-12609,2025-03-09,CUST-1059,Charlotte Thomas 92,Consumer,Asia Pacific,Australia,Furniture,Chairs,3529.66,7,0.15,849.78
ORD-2024-12610,2024-10-25,CUST-1038,Sophia Wilson 42,Consumer,North America,Canada,Technology,Monitors,9743.72,7,0.0,1478.82
ORD-2024-12611,2024-12-07,CUST-1020,Emma Watson 86,Home Office,North America,United States,Furniture,Tables,168.56,2,0.2,23.92
ORD-2024-12612,2024-10-14,CUST-1066,Noah Davis 99,Home Office,North America,United States,Technology,Laptops,171.59,3,0.3,58.5
ORD-2024-12613,2024-09-28,CUST-1077,James Taylor 74,Home Office,North America,Canada,Furniture,Desks,789.92,4,0.0,49.19
ORD-2024-12614,2024-12-06,CUST-1067,Benjamin Anderson 16,Corporate,Latin America,Chile,Technology,Printers,6996.4,6,0.1,2316.93
ORD-2024-12615,2024-02-05,CUST-1035,Liam Smith 10,Home Office,Europe,United Kingdom,Technology,Printers,612.67,2,0.2,203.29
ORD-2024-12616,2024-07-22,CUST-1073,Emma Watson 62,Corporate,North America,United States,Technology,Laptops,1746.05,5,0.0,563.22
ORD-2024-12617,2024-08-11,CUST-1061,James Taylor 65,Consumer,Asia Pacific,Japan,Furniture,Tables,357.11,1,0.05,28.38
ORD-2024-12618,2025-02-04,CUST-1147,Emma Watson 92,Home Office,Europe,United Kingdom,Furniture,Desks,1346.73,3,0.3,284.17
ORD-2024-12619,2025-02-16,CUST-1116,Emma Watson 23,Corporate,Europe,Spain,Office Supplies,Storage,884.64,6,0.05,425.41
ORD-2024-12620,2024-06-09,CUST-1047,Charlotte Thomas 54,Corporate,Asia Pacific,Singapore,Office Supplies,Appliances,215.1,4,0.3,83.66
ORD-2024-12621,2025-01-27,CUST-1138,James Taylor 65,Consumer,North America,United States,Furniture,Desks,1358.22,7,0.1,74.51
ORD-2024-12622,2024-12-28,CUST-1133,Alex Rivera 42,Home Office,Latin America,Mexico,Technology,Accessories,2546.45,6,0.2,811.56
ORD-2024-12623,2025-02-04,CUST-1014,James Taylor 90,Consumer,Latin America,Chile,Furniture,Furnishings,427.68,6,0.2,29.76
ORD-2024-12624,2024-03-18,CUST-1004,Noah Davis 50,Consumer,Latin America,Brazil,Technology,Printers,1984.8,7,0.15,657.39
ORD-2024-12625,2024-04-20,CUST-1037,Olivia Brown 42,Home Office,Asia Pacific,Japan,Office Supplies,Paper,281.07,6,0.1,111.69
ORD-2024-12626,2024-10-28,CUST-1145,Mia Martinez 60,Consumer,Latin America,Chile,Technology,Monitors,8060.29,8,0.2,1845.5
ORD-2024-12627,2024-06-26,CUST-1017,Charlotte Thomas 83,Consumer,Asia Pacific,India,Furniture,Chairs,588.67,8,0.3,54.93
ORD-2024-12628,2024-07-19,CUST-1116,Alex Rivera 28,Home Office,Latin America,Brazil,Furniture,Tables,5224.98,8,0.15,370.0
ORD-2024-12629,2024-03-23,CUST-1093,Benjamin Anderson 38,Home Office,Europe,United Kingdom,Technology,Smartphones,787.16,1,0.35,-39.36
ORD-2024-12630,2024-05-07,CUST-1008,Benjamin Anderson 90,Consumer,Europe,France,Office Supplies,Appliances,330.14,8,0.05,161.26
ORD-2024-12631,2025-03-05,CUST-1043,Emma Watson 6,Corporate,Europe,Germany,Technology,Printers,1846.98,7,0.35,-92.35
ORD-2024-12632,2024-05-28,CUST-1139,Sophia Wilson 20,Consumer,North America,Canada,Technology,Smartphones,1367.68,8,0.0,393.35
ORD-2024-12633,2024-03-11,CUST-1139,Mia Martinez 33,Home Office,North America,Canada,Office Supplies,Binders,848.61,7,0.05,329.91
ORD-2024-12634,2024-06-16,CUST-1016,Liam Smith 80,Home Office,Asia Pacific,Singapore,Furniture,Chairs,563.32,1,0.0,135.98
ORD-2024-12635,2025-03-29,CUST-1020,Alex Rivera 66,Consumer,Asia Pacific,Singapore,Office Supplies,Binders,116.62,3,0.05,47.47
ORD-2024-12636,2024-01-07,CUST-1053,James Taylor 2,Corporate,Europe,United Kingdom,Technology,Accessories,537.48,4,0.0,175.41
ORD-2024-12637,2024-04-07,CUST-1069,Liam Smith 82,Corporate,Europe,Spain,Furniture,Desks,2692.14,7,0.2,210.82
ORD-2024-12638,2025-05-04,CUST-1143,Alex Rivera 78,Consumer,Latin America,Chile,Furniture,Desks,800.69,7,0.2,101.77
ORD-2024-12639,2024-10-12,CUST-1120,Noah Davis 2,Consumer,Europe,Germany,Furniture,Bookcases,1294.2,5,0.0,308.76
ORD-2024-12640,2024-07-18,CUST-1025,James Taylor 51,Corporate,Latin America,Brazil,Technology,Monitors,2342.88,6,0.2,367.52
ORD-2024-12641,2024-06-17,CUST-1024,Mia Martinez 53,Corporate,Europe,Italy,Furniture,Desks,1179.33,3,0.1,81.58
ORD-2024-12642,2024-07-02,CUST-1001,Sophia Wilson 3,Home Office,Latin America,Chile,Office Supplies,Art,134.76,4,0.0,40.29
ORD-2024-12643,2024-03-24,CUST-1084,Sophia Wilson 21,Home Office,Europe,United Kingdom,Technology,Monitors,5492.53,6,0.35,-274.63
ORD-2024-12644,2024-04-08,CUST-1116,Mia Martinez 82,Corporate,Europe,France,Furniture,Chairs,3255.46,5,0.15,810.65
ORD-2024-12645,2024-03-30,CUST-1087,Olivia Brown 77,Corporate,North America,United States,Technology,Smartphones,3722.71,3,0.1,855.61
ORD-2024-12646,2024-12-17,CUST-1111,Liam Smith 60,Corporate,Europe,Spain,Technology,Laptops,1419.05,8,0.1,401.42
ORD-2024-12647,2024-01-10,CUST-1060,Alex Rivera 33,Corporate,North America,Canada,Technology,Monitors,3292.27,5,0.05,640.42
ORD-2024-12648,2025-04-02,CUST-1056,Sophia Wilson 90,Corporate,Asia Pacific,Singapore,Office Supplies,Binders,100.08,6,0.2,32.23
ORD-2024-12649,2024-06-13,CUST-1113,Mia Martinez 77,Home Office,North America,United States,Office Supplies,Binders,793.84,4,0.0,327.53
ORD-2024-12650,2025-01-23,CUST-1084,Mia Martinez 53,Consumer,Latin America,Mexico,Furniture,Chairs,810.74,7,0.0,129.64
ORD-2024-12651,2025-04-01,CUST-1091,Benjamin Anderson 74,Corporate,North America,United States,Furniture,Desks,707.37,4,0.05,88.98
ORD-2024-12652,2024-09-24,CUST-1096,Alex Rivera 1,Home Office,Europe,France,Furniture,Tables,1065.08,2,0.05,196.32
ORD-2024-12653,2024-11-21,CUST-1147,Benjamin Anderson 76,Home Office,Europe,Germany,Office Supplies,Art,108.33,2,0.3,25.46
ORD-2024-12654,2024-05-06,CUST-1146,Charlotte Thomas 97,Home Office,Latin America,Chile,Office Supplies,Binders,512.27,6,0.3,163.0
ORD-2024-12655,2024-01-25,CUST-1056,Olivia Brown 67,Home Office,Latin America,Chile,Office Supplies,Appliances,413.74,3,0.2,128.11
ORD-2024-12656,2024-11-25,CUST-1143,Charlotte Thomas 66,Corporate,North America,Canada,Technology,Monitors,2974.88,4,0.0,975.59
ORD-2024-12657,2025-04-04,CUST-1145,Alex Rivera 83,Consumer,Latin America,Brazil,Furniture,Furnishings,1185.44,5,0.1,133.39
ORD-2024-12658,2024-12-16,CUST-1064,Noah Davis 36,Consumer,North America,Canada,Furniture,Furnishings,1531.36,3,0.3,207.05
ORD-2024-12659,2024-07-16,CUST-1087,Noah Davis 84,Consumer,Asia Pacific,India,Furniture,Furnishings,922.88,7,0.0,219.03
ORD-2024-12660,2025-01-10,CUST-1066,Olivia Brown 44,Home Office,Europe,Italy,Office Supplies,Storage,203.28,1,0.15,90.2
ORD-2024-12661,2024-12-26,CUST-1146,James Taylor 47,Home Office,Asia Pacific,India,Office Supplies,Binders,1665.07,8,0.1,541.13
ORD-2024-12662,2025-02-12,CUST-1141,Emma Watson 49,Corporate,Asia Pacific,Australia,Furniture,Chairs,1666.4,4,0.0,415.29
ORD-2024-12663,2024-11-29,CUST-1025,Mia Martinez 60,Corporate,North America,United States,Furniture,Chairs,451.72,1,0.15,68.47
ORD-2024-12664,2024-04-21,CUST-1099,Charlotte Thomas 21,Consumer,Europe,United Kingdom,Office Supplies,Appliances,82.81,1,0.05,39.02
ORD-2024-12665,2024-07-28,CUST-1148,Charlotte Thomas 78,Corporate,Europe,Italy,Furniture,Chairs,2384.12,4,0.0,483.97
ORD-2024-12666,2025-05-07,CUST-1035,James Taylor 41,Consumer,Europe,Spain,Technology,Accessories,6395.94,6,0.0,1414.69
ORD-2024-12667,2024-08-18,CUST-1039,Noah Davis 77,Home Office,North America,United States,Technology,Laptops,2916.18,8,0.15,491.99
ORD-2024-12668,2024-08-05,CUST-1084,Alex Rivera 75,Consumer,Asia Pacific,Singapore,Furniture,Bookcases,542.59,1,0.05,31.12
ORD-2024-12669,2024-07-29,CUST-1029,Mia Martinez 33,Consumer,Europe,Spain,Furniture,Bookcases,3613.25,6,0.2,378.74
ORD-2024-12670,2024-08-28,CUST-1100,Emma Watson 99,Consumer,North America,United States,Office Supplies,Appliances,82.57,3,0.15,33.28
ORD-2024-12671,2025-01-21,CUST-1003,James Taylor 42,Consumer,Latin America,Chile,Furniture,Chairs,2079.36,3,0.05,480.89
ORD-2024-12672,2024-10-04,CUST-1060,Alex Rivera 47,Corporate,Asia Pacific,Singapore,Furniture,Furnishings,1599.44,4,0.3,81.37
ORD-2024-12673,2024-05-11,CUST-1094,Sophia Wilson 42,Corporate,Asia Pacific,Japan,Technology,Printers,1945.09,6,0.15,294.98
ORD-2024-12674,2024-09-12,CUST-1124,Benjamin Anderson 78,Home Office,Asia Pacific,Australia,Technology,Laptops,2474.21,4,0.2,818.45
ORD-2024-12675,2024-02-01,CUST-1067,James Taylor 5,Consumer,Europe,United Kingdom,Furniture,Furnishings,848.56,3,0.15,193.44
ORD-2024-12676,2024-10-15,CUST-1004,Liam Smith 88,Consumer,Europe,Germany,Office Supplies,Art,419.54,6,0.3,86.85
ORD-2024-12677,2024-02-23,CUST-1117,Charlotte Thomas 5,Corporate,Latin America,Brazil,Office Supplies,Paper,455.01,2,0.05,96.28
ORD-2024-12678,2024-04-16,CUST-1149,Olivia Brown 33,Corporate,North America,Canada,Furniture,Furnishings,1220.16,3,0.0,154.32
ORD-2024-12679,2025-01-07,CUST-1018,Benjamin Anderson 84,Consumer,Europe,United Kingdom,Office Supplies,Paper,450.6,3,0.2,214.47
ORD-2024-12680,2025-02-04,CUST-1037,Emma Watson 1,Corporate,Europe,Germany,Furniture,Chairs,1187.97,7,0.0,265.13
ORD-2024-12681,2025-04-04,CUST-1143,Liam Smith 19,Home Office,Europe,Spain,Furniture,Bookcases,167.73,1,0.1,17.98
ORD-2024-12682,2024-10-13,CUST-1082,Mia Martinez 95,Home Office,Latin America,Brazil,Office Supplies,Binders,94.66,4,0.05,23.44
ORD-2024-12683,2024-12-04,CUST-1132,Alex Rivera 11,Consumer,Latin America,Chile,Office Supplies,Paper,962.07,5,0.15,395.51
ORD-2024-12684,2024-07-06,CUST-1128,Charlotte Thomas 42,Consumer,Asia Pacific,India,Furniture,Chairs,3349.05,7,0.3,717.98
ORD-2024-12685,2024-11-27,CUST-1109,Noah Davis 57,Consumer,Asia Pacific,Singapore,Technology,Accessories,4701.89,8,0.2,1252.79
ORD-2024-12686,2024-05-08,CUST-1120,Mia Martinez 71,Home Office,Asia Pacific,Japan,Furniture,Chairs,2795.86,5,0.15,317.65
ORD-2024-12687,2024-08-27,CUST-1117,Alex Rivera 56,Consumer,Europe,Italy,Office Supplies,Appliances,373.44,3,0.2,109.01
ORD-2024-12688,2024-07-23,CUST-1133,Alex Rivera 77,Consumer,Europe,Spain,Office Supplies,Paper,1132.68,7,0.1,267.15
ORD-2024-12689,2024-01-14,CUST-1000,Sophia Wilson 26,Corporate,North America,Canada,Technology,Accessories,3526.94,7,0.2,983.41
ORD-2024-12690,2025-02-10,CUST-1051,Emma Watson 89,Home Office,Latin America,Mexico,Furniture,Tables,3263.65,6,0.3,205.03
ORD-2024-12691,2024-08-26,CUST-1149,Benjamin Anderson 25,Consumer,Europe,France,Technology,Monitors,3788.24,4,0.1,1204.9
ORD-2024-12692,2024-05-18,CUST-1021,James Taylor 3,Consumer,North America,Canada,Office Supplies,Paper,94.74,1,0.3,22.32
ORD-2024-12693,2024-01-01,CUST-1131,James Taylor 63,Consumer,Asia Pacific,Australia,Technology,Printers,1041.07,2,0.3,403.17
ORD-2024-12694,2024-08-29,CUST-1073,Alex Rivera 37,Consumer,Europe,Spain,Office Supplies,Appliances,636.93,8,0.2,199.86
ORD-2024-12695,2024-12-24,CUST-1038,Noah Davis 53,Consumer,North America,Canada,Technology,Smartphones,129.68,1,0.0,41.38
ORD-2024-12696,2024-01-27,CUST-1027,Mia Martinez 72,Home Office,Asia Pacific,Japan,Office Supplies,Binders,12.2,1,0.05,3.71
ORD-2024-12697,2024-05-27,CUST-1144,Mia Martinez 21,Home Office,Europe,Italy,Technology,Smartphones,471.14,3,0.2,176.82
ORD-2024-12698,2024-08-28,CUST-1093,Charlotte Thomas 78,Corporate,Asia Pacific,India,Office Supplies,Storage,1030.68,7,0.1,390.11
ORD-2024-12699,2025-01-18,CUST-1115,Noah Davis 33,Consumer,Asia Pacific,Australia,Furniture,Furnishings,2179.31,5,0.3,391.6
ORD-2024-12700,2024-01-29,CUST-1072,Emma Watson 52,Corporate,North America,Canada,Office Supplies,Binders,81.05,1,0.3,36.9
ORD-2024-12701,2024-02-17,CUST-1048,Olivia Brown 59,Home Office,Europe,Spain,Furniture,Tables,4121.96,8,0.15,645.97
ORD-2024-12702,2025-01-15,CUST-1096,Alex Rivera 68,Corporate,Asia Pacific,India,Technology,Printers,456.9,1,0.1,128.04
ORD-2024-12703,2024-11-11,CUST-1100,Benjamin Anderson 66,Consumer,Asia Pacific,Singapore,Office Supplies,Appliances,17.45,1,0.05,8.49
ORD-2024-12704,2025-02-12,CUST-1086,Benjamin Anderson 52,Consumer,Asia Pacific,Japan,Office Supplies,Storage,524.75,5,0.1,109.17
ORD-2024-12705,2024-11-12,CUST-1147,Benjamin Anderson 56,Consumer,Europe,France,Furniture,Desks,1612.8,8,0.3,271.33
ORD-2024-12706,2024-02-19,CUST-1029,Emma Watson 89,Consumer,Asia Pacific,Japan,Office Supplies,Storage,607.54,7,0.2,232.63
ORD-2024-12707,2024-12-08,CUST-1082,Charlotte Thomas 29,Consumer,North America,United States,Furniture,Furnishings,1436.16,4,0.0,306.97
ORD-2024-12708,2024-08-20,CUST-1050,Noah Davis 89,Home Office,North America,United States,Technology,Laptops,6378.31,7,0.1,1203.69
ORD-2024-12709,2024-11-11,CUST-1126,Liam Smith 2,Corporate,Asia Pacific,Singapore,Office Supplies,Binders,1327.55,8,0.2,609.8
ORD-2024-12710,2025-01-02,CUST-1036,Emma Watson 98,Corporate,Latin America,Chile,Furniture,Furnishings,2535.68,5,0.15,281.48
ORD-2024-12711,2024-01-03,CUST-1075,Liam Smith 75,Consumer,Latin America,Brazil,Furniture,Furnishings,5617.46,8,0.05,371.43
ORD-2024-12712,2024-08-08,CUST-1020,Mia Martinez 24,Corporate,Asia Pacific,Japan,Furniture,Bookcases,1658.67,3,0.15,230.89
ORD-2024-12713,2025-04-27,CUST-1109,Charlotte Thomas 65,Home Office,Latin America,Chile,Office Supplies,Appliances,868.68,8,0.1,250.14
ORD-2024-12714,2024-06-17,CUST-1131,Noah Davis 58,Corporate,North America,United States,Furniture,Chairs,286.99,3,0.3,68.05
ORD-2024-12715,2024-12-20,CUST-1054,James Taylor 1,Home Office,Asia Pacific,India,Technology,Printers,773.75,2,0.3,228.53
ORD-2024-12716,2024-05-08,CUST-1096,Olivia Brown 67,Home Office,North America,United States,Technology,Accessories,5737.1,5,0.1,1546.89
ORD-2024-12717,2024-05-04,CUST-1108,Sophia Wilson 53,Consumer,North America,Canada,Furniture,Furnishings,1370.23,3,0.3,104.77
ORD-2024-12718,2025-04-16,CUST-1061,Alex Rivera 60,Consumer,Latin America,Mexico,Office Supplies,Storage,766.25,6,0.05,176.73
ORD-2024-12719,2024-01-18,CUST-1033,Liam Smith 58,Home Office,Asia Pacific,Australia,Technology,Smartphones,2143.23,8,0.3,415.93
ORD-2024-12720,2025-03-29,CUST-1125,Emma Watson 69,Corporate,Europe,France,Furniture,Tables,2746.18,6,0.35,-137.31
ORD-2024-12721,2024-02-02,CUST-1026,Liam Smith 81,Consumer,Europe,Italy,Office Supplies,Paper,307.13,3,0.2,144.73
ORD-2024-12722,2024-10-03,CUST-1012,James Taylor 54,Consumer,Asia Pacific,Singapore,Furniture,Furnishings,3342.34,6,0.2,435.4
ORD-2024-12723,2024-04-28,CUST-1090,James Taylor 42,Home Office,Asia Pacific,Japan,Office Supplies,Paper,134.08,3,0.1,32.43
ORD-2024-12724,2025-04-25,CUST-1043,Benjamin Anderson 91,Home Office,Latin America,Mexico,Office Supplies,Paper,1097.86,6,0.2,309.32
ORD-2024-12725,2024-10-28,CUST-1134,Noah Davis 23,Home Office,Europe,Italy,Furniture,Tables,4061.65,6,0.05,239.2
ORD-2024-12726,2024-02-10,CUST-1056,Liam Smith 79,Home Office,Latin America,Brazil,Office Supplies,Binders,180.93,3,0.0,47.48
ORD-2024-12727,2024-08-09,CUST-1097,Benjamin Anderson 56,Corporate,Europe,Spain,Office Supplies,Art,359.12,3,0.15,173.61
ORD-2024-12728,2024-12-25,CUST-1086,Liam Smith 61,Consumer,Latin America,Chile,Furniture,Chairs,1775.34,3,0.0,268.37
ORD-2024-12729,2025-04-12,CUST-1123,Mia Martinez 72,Consumer,Asia Pacific,India,Technology,Smartphones,2498.54,4,0.05,540.91
ORD-2024-12730,2024-11-20,CUST-1088,Sophia Wilson 62,Consumer,Asia Pacific,India,Technology,Laptops,3658.59,3,0.15,1005.84
ORD-2024-12731,2024-12-31,CUST-1009,Alex Rivera 33,Corporate,Europe,France,Office Supplies,Storage,1363.21,8,0.05,297.55
ORD-2024-12732,2024-03-05,CUST-1118,Olivia Brown 96,Home Office,Europe,United Kingdom,Office Supplies,Storage,1070.16,8,0.35,-53.51
ORD-2024-12733,2024-03-24,CUST-1065,Alex Rivera 98,Home Office,Europe,France,Furniture,Bookcases,1218.35,7,0.35,-60.92
ORD-2024-12734,2025-02-08,CUST-1057,Charlotte Thomas 58,Corporate,North America,Canada,Technology,Smartphones,1206.2,2,0.1,418.77
ORD-2024-12735,2024-08-03,CUST-1073,James Taylor 83,Corporate,Europe,Italy,Furniture,Bookcases,301.58,1,0.1,73.22
ORD-2024-12736,2024-05-22,CUST-1131,Noah Davis 96,Home Office,Latin America,Mexico,Office Supplies,Binders,143.35,3,0.2,65.14
ORD-2024-12737,2025-05-08,CUST-1041,Noah Davis 70,Home Office,Asia Pacific,Singapore,Office Supplies,Art,1842.56,8,0.0,374.35
ORD-2024-12738,2025-03-10,CUST-1108,Liam Smith 31,Home Office,Asia Pacific,Singapore,Office Supplies,Appliances,819.85,5,0.05,267.7
ORD-2024-12739,2024-01-17,CUST-1124,James Taylor 4,Home Office,Asia Pacific,Australia,Technology,Smartphones,249.72,1,0.05,91.11
ORD-2024-12740,2024-05-05,CUST-1147,Benjamin Anderson 4,Home Office,North America,United States,Office Supplies,Appliances,862.57,7,0.05,313.36
ORD-2024-12741,2024-05-06,CUST-1091,James Taylor 71,Home Office,North America,Canada,Office Supplies,Paper,19.17,1,0.0,5.94
ORD-2024-12742,2024-04-21,CUST-1052,Mia Martinez 36,Consumer,Asia Pacific,India,Furniture,Chairs,999.46,8,0.15,83.1
ORD-2024-12743,2025-01-27,CUST-1117,Emma Watson 41,Corporate,Asia Pacific,India,Office Supplies,Appliances,442.53,5,0.1,216.05
ORD-2024-12744,2024-06-23,CUST-1145,Sophia Wilson 79,Home Office,Asia Pacific,Singapore,Technology,Accessories,1513.06,4,0.3,464.96
ORD-2024-12745,2024-03-09,CUST-1144,Emma Watson 57,Consumer,Asia Pacific,Singapore,Furniture,Chairs,2675.35,6,0.05,502.79
ORD-2024-12746,2024-03-08,CUST-1093,Liam Smith 8,Corporate,Europe,Germany,Furniture,Bookcases,158.87,2,0.35,-7.94
ORD-2024-12747,2024-04-04,CUST-1023,Noah Davis 48,Corporate,Asia Pacific,Singapore,Furniture,Desks,380.12,4,0.0,79.03
ORD-2024-12748,2024-12-06,CUST-1034,Mia Martinez 81,Corporate,Asia Pacific,India,Technology,Smartphones,2182.44,3,0.1,846.28
ORD-2024-12749,2024-04-06,CUST-1092,Olivia Brown 23,Home Office,North America,United States,Office Supplies,Storage,1103.65,5,0.0,464.68
ORD-2024-12750,2024-03-29,CUST-1149,Olivia Brown 99,Corporate,Europe,France,Office Supplies,Paper,192.67,2,0.35,-9.63
ORD-2024-12751,2024-02-15,CUST-1141,Alex Rivera 47,Home Office,Europe,France,Furniture,Furnishings,201.42,1,0.3,11.16
ORD-2024-12752,2025-04-18,CUST-1122,Charlotte Thomas 33,Consumer,Europe,United Kingdom,Technology,Accessories,509.53,1,0.0,146.96
ORD-2024-12753,2024-10-31,CUST-1022,Emma Watson 27,Corporate,Europe,France,Office Supplies,Storage,469.38,4,0.05,178.48
ORD-2024-12754,2024-12-17,CUST-1110,Liam Smith 60,Corporate,Latin America,Brazil,Technology,Printers,1259.07,3,0.0,430.6
ORD-2024-12755,2024-03-18,CUST-1006,Liam Smith 80,Consumer,Europe,Italy,Technology,Laptops,442.0,5,0.35,-22.1
ORD-2024-12756,2024-10-13,CUST-1008,Liam Smith 80,Home Office,North America,United States,Office Supplies,Art,776.61,5,0.1,192.08
ORD-2024-12757,2024-02-29,CUST-1146,Emma Watson 87,Home Office,North America,United States,Technology,Laptops,1976.3,7,0.2,655.67
ORD-2024-12758,2024-12-22,CUST-1052,Emma Watson 57,Consumer,Europe,Spain,Office Supplies,Art,445.8,5,0.3,206.85
ORD-2024-12759,2024-02-05,CUST-1123,Emma Watson 2,Home Office,Europe,Italy,Office Supplies,Paper,1140.55,8,0.1,240.35
ORD-2024-12760,2025-02-20,CUST-1007,Emma Watson 31,Home Office,Europe,United Kingdom,Technology,Laptops,1867.4,5,0.2,451.85
ORD-2024-12761,2024-01-15,CUST-1126,Emma Watson 33,Home Office,Latin America,Mexico,Furniture,Chairs,4554.5,8,0.15,543.58
ORD-2024-12762,2024-12-26,CUST-1039,Sophia Wilson 91,Home Office,Latin America,Brazil,Technology,Smartphones,5008.88,4,0.0,1245.17
ORD-2024-12763,2025-03-03,CUST-1050,Mia Martinez 83,Home Office,North America,United States,Office Supplies,Paper,685.68,8,0.0,333.4
ORD-2024-12764,2025-01-23,CUST-1146,Charlotte Thomas 49,Consumer,North America,Canada,Furniture,Tables,321.74,6,0.2,55.18
ORD-2024-12765,2024-07-25,CUST-1101,James Taylor 88,Home Office,Europe,United Kingdom,Technology,Laptops,1059.83,1,0.0,289.64
ORD-2024-12766,2025-01-15,CUST-1081,Benjamin Anderson 2,Consumer,Latin America,Brazil,Furniture,Chairs,1784.37,4,0.05,154.39
ORD-2024-12767,2024-06-01,CUST-1055,Alex Rivera 97,Corporate,Asia Pacific,India,Furniture,Bookcases,2276.03,4,0.2,512.23
ORD-2024-12768,2024-03-28,CUST-1062,Mia Martinez 43,Home Office,North America,Canada,Technology,Laptops,3959.66,6,0.2,1423.96
ORD-2024-12769,2024-03-13,CUST-1095,Benjamin Anderson 44,Home Office,Asia Pacific,Singapore,Furniture,Chairs,333.89,2,0.2,80.46
ORD-2024-12770,2025-02-04,CUST-1006,Olivia Brown 40,Home Office,Europe,United Kingdom,Furniture,Tables,1462.4,4,0.2,280.91
ORD-2024-12771,2024-04-10,CUST-1101,Charlotte Thomas 82,Consumer,Europe,United Kingdom,Office Supplies,Paper,60.55,4,0.15,16.75
ORD-2024-12772,2024-07-05,CUST-1132,Noah Davis 53,Corporate,Asia Pacific,India,Office Supplies,Art,1182.5,5,0.0,375.88
ORD-2024-12773,2024-09-08,CUST-1022,Liam Smith 5,Corporate,Europe,Germany,Furniture,Bookcases,741.38,3,0.2,102.65
ORD-2024-12774,2024-07-23,CUST-1009,Emma Watson 34,Corporate,Asia Pacific,Japan,Office Supplies,Paper,164.79,5,0.1,72.47
ORD-2024-12775,2024-07-08,CUST-1112,Liam Smith 70,Consumer,Asia Pacific,Australia,Office Supplies,Art,380.78,2,0.15,137.73
ORD-2024-12776,2024-03-01,CUST-1026,Noah Davis 50,Consumer,Europe,Spain,Technology,Smartphones,1585.9,3,0.35,-79.3
ORD-2024-12777,2024-01-12,CUST-1085,Sophia Wilson 44,Home Office,Asia Pacific,India,Furniture,Bookcases,1016.9,7,0.2,248.08
ORD-2024-12778,2024-07-13,CUST-1129,Noah Davis 30,Corporate,Latin America,Brazil,Furniture,Chairs,695.8,5,0.3,130.25
ORD-2024-12779,2024-05-23,CUST-1086,Charlotte Thomas 46,Home Office,Latin America,Mexico,Technology,Smartphones,407.83,1,0.0,70.63
ORD-2024-12780,2025-05-04,CUST-1105,Liam Smith 20,Corporate,Europe,United Kingdom,Office Supplies,Art,1454.18,8,0.1,590.54
ORD-2024-12781,2024-12-19,CUST-1025,Mia Martinez 96,Consumer,Latin America,Chile,Technology,Monitors,481.65,1,0.2,111.36
ORD-2024-12782,2024-12-13,CUST-1115,Alex Rivera 75,Consumer,Asia Pacific,Japan,Office Supplies,Appliances,723.53,7,0.3,344.12
ORD-2024-12783,2024-07-03,CUST-1008,Benjamin Anderson 15,Consumer,Europe,Spain,Office Supplies,Storage,204.7,1,0.05,57.83
ORD-2024-12784,2024-09-27,CUST-1064,Benjamin Anderson 35,Consumer,Latin America,Mexico,Technology,Smartphones,2706.21,3,0.15,1033.74
ORD-2024-12785,2024-06-18,CUST-1147,Sophia Wilson 91,Consumer,Asia Pacific,Australia,Office Supplies,Storage,423.76,7,0.15,157.99
ORD-2024-12786,2024-05-30,CUST-1035,Emma Watson 95,Home Office,Latin America,Chile,Office Supplies,Storage,542.49,3,0.15,164.29
ORD-2024-12787,2024-09-13,CUST-1001,Alex Rivera 15,Corporate,North America,Canada,Technology,Accessories,1801.0,5,0.3,608.41
ORD-2024-12788,2024-10-26,CUST-1047,Olivia Brown 41,Home Office,North America,Canada,Office Supplies,Binders,362.58,3,0.15,102.81
ORD-2024-12789,2025-01-09,CUST-1131,Charlotte Thomas 63,Home Office,North America,United States,Technology,Smartphones,4555.78,8,0.2,1783.54
ORD-2024-12790,2024-02-22,CUST-1032,Charlotte Thomas 37,Home Office,Asia Pacific,India,Furniture,Chairs,2413.0,4,0.0,533.97
ORD-2024-12791,2025-03-23,CUST-1144,Noah Davis 72,Corporate,North America,Canada,Technology,Laptops,2992.5,6,0.05,1037.78
ORD-2024-12792,2025-03-30,CUST-1138,Olivia Brown 82,Consumer,Latin America,Brazil,Office Supplies,Appliances,1042.03,6,0.15,414.24
ORD-2024-12793,2024-10-20,CUST-1142,Emma Watson 85,Consumer,North America,United States,Furniture,Bookcases,1869.11,8,0.3,270.03
ORD-2024-12794,2025-02-27,CUST-1021,Sophia Wilson 67,Home Office,Europe,Germany,Office Supplies,Art,1201.75,5,0.0,576.49
ORD-2024-12795,2025-04-24,CUST-1000,Mia Martinez 94,Home Office,North America,United States,Furniture,Chairs,674.42,7,0.1,68.06
ORD-2024-12796,2024-12-30,CUST-1020,Emma Watson 75,Home Office,Europe,Germany,Office Supplies,Art,461.61,5,0.05,193.62
ORD-2024-12797,2024-06-03,CUST-1125,Olivia Brown 94,Home Office,Asia Pacific,Australia,Technology,Printers,10799.86,8,0.1,3130.79
ORD-2024-12798,2025-03-05,CUST-1126,Mia Martinez 1,Consumer,Latin America,Chile,Office Supplies,Paper,922.32,6,0.05,232.22
ORD-2024-12799,2025-04-21,CUST-1024,Liam Smith 12,Home Office,North America,United States,Technology,Printers,612.77,1,0.2,154.59
ORD-2024-12800,2024-07-26,CUST-1105,Alex Rivera 19,Home Office,Latin America,Mexico,Office Supplies,Binders,453.89,4,0.2,178.82
ORD-2024-12801,2024-07-03,CUST-1117,Emma Watson 53,Corporate,Latin America,Chile,Office Supplies,Binders,244.02,1,0.0,62.63
ORD-2024-12802,2025-01-16,CUST-1120,Alex Rivera 97,Home Office,North America,Canada,Technology,Laptops,617.7,1,0.2,190.18
ORD-2024-12803,2025-01-19,CUST-1106,James Taylor 97,Home Office,Europe,United Kingdom,Technology,Printers,973.42,1,0.2,380.58
ORD-2024-12804,2025-03-31,CUST-1131,Olivia Brown 35,Home Office,Asia Pacific,Australia,Office Supplies,Art,512.04,5,0.2,170.04
ORD-2024-12805,2024-07-28,CUST-1045,Charlotte Thomas 53,Corporate,North America,Canada,Furniture,Bookcases,4152.08,7,0.1,574.35
ORD-2024-12806,2024-08-06,CUST-1120,James Taylor 47,Home Office,Asia Pacific,Japan,Office Supplies,Appliances,82.35,2,0.15,41.12
ORD-2024-12807,2024-05-18,CUST-1127,Mia Martinez 74,Corporate,North America,United States,Technology,Accessories,1579.07,3,0.05,260.95
ORD-2024-12808,2024-08-11,CUST-1045,James Taylor 79,Consumer,North America,United States,Technology,Printers,4598.51,5,0.1,887.32
ORD-2024-12809,2025-04-19,CUST-1095,Mia Martinez 29,Consumer,North America,United States,Furniture,Bookcases,442.17,1,0.3,55.81
ORD-2024-12810,2024-06-20,CUST-1022,James Taylor 66,Corporate,Europe,United Kingdom,Furniture,Tables,2518.42,8,0.1,187.46
ORD-2024-12811,2024-06-24,CUST-1142,Olivia Brown 62,Home Office,North America,United States,Office Supplies,Storage,719.88,4,0.15,300.19
ORD-2024-12812,2025-01-27,CUST-1104,Charlotte Thomas 27,Consumer,Europe,Spain,Furniture,Desks,1010.89,5,0.05,80.76
ORD-2024-12813,2025-04-28,CUST-1090,James Taylor 21,Home Office,Europe,Spain,Technology,Laptops,2240.56,3,0.05,524.86
ORD-2024-12814,2024-10-23,CUST-1053,Emma Watson 5,Consumer,Europe,Spain,Office Supplies,Paper,55.38,5,0.05,21.96
ORD-2024-12815,2024-05-08,CUST-1008,Olivia Brown 96,Corporate,North America,Canada,Technology,Laptops,1151.28,4,0.3,208.32
ORD-2024-12816,2024-11-16,CUST-1137,Benjamin Anderson 27,Home Office,Asia Pacific,Singapore,Furniture,Chairs,933.82,8,0.2,163.59
ORD-2024-12817,2024-01-07,CUST-1068,Mia Martinez 29,Corporate,North America,Canada,Office Supplies,Paper,697.76,7,0.2,277.44
ORD-2024-12818,2024-10-03,CUST-1004,James Taylor 38,Corporate,Asia Pacific,Singapore,Furniture,Desks,682.58,8,0.3,129.24
ORD-2024-12819,2025-02-09,CUST-1056,Mia Martinez 80,Home Office,Europe,Spain,Furniture,Chairs,614.06,3,0.3,131.89
ORD-2024-12820,2024-04-11,CUST-1109,Benjamin Anderson 68,Corporate,Europe,France,Office Supplies,Binders,381.58,4,0.3,168.21
ORD-2024-12821,2024-01-20,CUST-1056,Charlotte Thomas 59,Home Office,Latin America,Chile,Office Supplies,Appliances,868.0,4,0.0,354.16
ORD-2024-12822,2024-01-12,CUST-1060,Liam Smith 13,Home Office,Asia Pacific,India,Furniture,Bookcases,602.8,1,0.05,70.12
ORD-2024-12823,2024-07-21,CUST-1111,James Taylor 95,Home Office,Latin America,Chile,Office Supplies,Paper,811.6,8,0.05,403.48
ORD-2024-12824,2024-09-10,CUST-1106,Mia Martinez 12,Corporate,Latin America,Brazil,Technology,Monitors,1272.15,2,0.3,191.13
ORD-2024-12825,2024-09-27,CUST-1085,Liam Smith 40,Consumer,Latin America,Mexico,Technology,Laptops,1087.15,6,0.2,369.46
ORD-2024-12826,2024-05-03,CUST-1113,Noah Davis 27,Home Office,Latin America,Brazil,Office Supplies,Appliances,344.26,6,0.2,98.7
ORD-2024-12827,2024-04-12,CUST-1142,Charlotte Thomas 45,Corporate,Asia Pacific,India,Furniture,Tables,3613.91,6,0.05,234.53
ORD-2024-12828,2024-01-30,CUST-1131,Mia Martinez 28,Consumer,North America,United States,Office Supplies,Paper,28.92,3,0.3,12.78
ORD-2024-12829,2024-08-27,CUST-1052,James Taylor 86,Corporate,Europe,United Kingdom,Furniture,Tables,4123.84,8,0.05,799.87
ORD-2024-12830,2025-02-27,CUST-1047,Liam Smith 94,Consumer,Asia Pacific,India,Furniture,Furnishings,357.63,2,0.15,65.63
ORD-2024-12831,2024-01-03,CUST-1024,Charlotte Thomas 16,Consumer,North America,Canada,Office Supplies,Appliances,79.37,1,0.3,26.41
ORD-2024-12832,2025-05-14,CUST-1039,James Taylor 40,Corporate,Latin America,Chile,Office Supplies,Binders,813.46,6,0.2,251.29
ORD-2024-12833,2025-04-25,CUST-1071,Emma Watson 62,Corporate,North America,United States,Office Supplies,Binders,812.45,7,0.1,385.58
ORD-2024-12834,2025-01-29,CUST-1093,Benjamin Anderson 14,Consumer,Asia Pacific,Singapore,Furniture,Desks,3491.64,7,0.15,845.93
ORD-2024-12835,2025-03-03,CUST-1076,Noah Davis 64,Consumer,Europe,Italy,Furniture,Furnishings,2775.4,6,0.35,-138.77
ORD-2024-12836,2024-10-20,CUST-1007,Sophia Wilson 50,Corporate,Asia Pacific,Japan,Office Supplies,Binders,406.7,5,0.3,136.17
ORD-2024-12837,2024-02-16,CUST-1135,Benjamin Anderson 65,Consumer,Latin America,Mexico,Technology,Accessories,3269.06,7,0.2,750.99
ORD-2024-12838,2024-04-19,CUST-1128,Alex Rivera 51,Consumer,Asia Pacific,Japan,Technology,Laptops,907.26,7,0.1,225.29
ORD-2024-12839,2024-11-07,CUST-1042,Noah Davis 29,Corporate,Europe,France,Furniture,Furnishings,2019.4,6,0.05,503.54
ORD-2024-12840,2024-04-05,CUST-1026,Sophia Wilson 50,Consumer,Europe,Italy,Furniture,Chairs,51.14,1,0.05,5.93
ORD-2024-12841,2024-06-07,CUST-1107,Charlotte Thomas 38,Corporate,Latin America,Brazil,Furniture,Furnishings,2216.09,4,0.15,289.14
ORD-2024-12842,2024-08-13,CUST-1070,Mia Martinez 56,Home Office,North America,United States,Furniture,Chairs,341.46,2,0.1,20.1
ORD-2024-12843,2025-01-21,CUST-1060,Charlotte Thomas 88,Corporate,Asia Pacific,Singapore,Office Supplies,Art,252.62,2,0.3,93.19
ORD-2024-12844,2024-11-23,CUST-1011,Alex Rivera 39,Consumer,Asia Pacific,Australia,Technology,Laptops,2986.01,7,0.3,981.74
ORD-2024-12845,2024-07-24,CUST-1000,Emma Watson 29,Home Office,Asia Pacific,Singapore,Office Supplies,Paper,184.24,1,0.05,69.24
ORD-2024-12846,2025-02-06,CUST-1123,Olivia Brown 67,Consumer,North America,United States,Technology,Laptops,6604.04,6,0.15,1146.92
ORD-2024-12847,2024-10-04,CUST-1023,Sophia Wilson 72,Consumer,Latin America,Chile,Office Supplies,Paper,291.57,2,0.05,138.21
ORD-2024-12848,2024-11-16,CUST-1095,Alex Rivera 46,Corporate,North America,United States,Office Supplies,Appliances,355.21,7,0.2,117.72
ORD-2024-12849,2024-09-13,CUST-1110,Mia Martinez 10,Corporate,North America,United States,Office Supplies,Storage,375.55,3,0.2,170.95
ORD-2024-12850,2024-12-28,CUST-1041,Benjamin Anderson 92,Corporate,North America,Canada,Office Supplies,Paper,292.68,2,0.05,143.08
ORD-2024-12851,2024-04-22,CUST-1053,Liam Smith 10,Consumer,Asia Pacific,Singapore,Technology,Laptops,698.85,5,0.0,221.14
ORD-2024-12852,2025-04-28,CUST-1054,Mia Martinez 87,Consumer,Latin America,Mexico,Furniture,Furnishings,3103.89,7,0.05,599.89
ORD-2024-12853,2024-05-10,CUST-1138,Alex Rivera 50,Corporate,North America,United States,Office Supplies,Binders,477.18,3,0.3,100.14
ORD-2024-12854,2024-04-27,CUST-1015,James Taylor 76,Corporate,North America,Canada,Furniture,Tables,1665.99,3,0.0,122.58
ORD-2024-12855,2024-08-08,CUST-1012,Emma Watson 70,Consumer,North America,United States,Office Supplies,Binders,835.81,4,0.05,182.03
ORD-2024-12856,2024-06-15,CUST-1091,Charlotte Thomas 96,Home Office,Latin America,Chile,Office Supplies,Binders,69.25,3,0.05,16.24
ORD-2024-12857,2024-05-25,CUST-1087,Charlotte Thomas 56,Home Office,North America,United States,Office Supplies,Art,907.09,7,0.2,194.59
ORD-2024-12858,2024-05-27,CUST-1091,Alex Rivera 45,Consumer,North America,United States,Technology,Smartphones,8934.94,7,0.0,2499.25
ORD-2024-12859,2024-07-26,CUST-1070,Emma Watson 89,Home Office,North America,Canada,Furniture,Tables,951.83,2,0.3,163.94
ORD-2024-12860,2025-04-09,CUST-1026,Noah Davis 5,Home Office,Europe,France,Furniture,Furnishings,1177.04,5,0.2,264.9
ORD-2024-12861,2024-01-16,CUST-1103,Alex Rivera 76,Home Office,Asia Pacific,Japan,Furniture,Desks,4098.46,8,0.1,484.01
ORD-2024-12862,2024-08-09,CUST-1142,Olivia Brown 88,Home Office,Asia Pacific,Japan,Furniture,Bookcases,781.2,5,0.0,86.72
ORD-2024-12863,2024-12-06,CUST-1004,Noah Davis 80,Corporate,Latin America,Chile,Furniture,Tables,516.21,4,0.3,104.39
ORD-2024-12864,2024-09-30,CUST-1073,Mia Martinez 52,Corporate,North America,Canada,Technology,Smartphones,917.7,5,0.15,169.54
ORD-2024-12865,2024-11-18,CUST-1102,Emma Watson 61,Corporate,Latin America,Chile,Furniture,Furnishings,1532.96,3,0.3,195.43
ORD-2024-12866,2024-11-07,CUST-1114,James Taylor 11,Consumer,Latin America,Mexico,Technology,Monitors,614.27,1,0.05,139.51
ORD-2024-12867,2024-09-24,CUST-1032,Noah Davis 52,Home Office,Latin America,Mexico,Office Supplies,Paper,203.9,6,0.15,50.41
ORD-2024-12868,2024-09-11,CUST-1125,Noah Davis 6,Consumer,North America,Canada,Furniture,Desks,552.72,3,0.1,43.99
ORD-2024-12869,2024-04-01,CUST-1051,Sophia Wilson 20,Corporate,Latin America,Brazil,Technology,Monitors,2143.44,5,0.2,530.76
ORD-2024-12870,2024-02-02,CUST-1115,Liam Smith 14,Corporate,North America,Canada,Technology,Smartphones,3487.79,4,0.1,696.88
ORD-2024-12871,2024-02-14,CUST-1048,Emma Watson 66,Corporate,Asia Pacific,India,Technology,Accessories,3419.71,4,0.1,1080.53
ORD-2024-12872,2024-05-04,CUST-1038,Liam Smith 93,Home Office,North America,United States,Office Supplies,Paper,998.86,5,0.1,466.2
ORD-2024-12873,2024-04-25,CUST-1027,Noah Davis 90,Home Office,North America,Canada,Technology,Monitors,8929.66,8,0.2,1836.04
ORD-2024-12874,2024-12-21,CUST-1050,Mia Martinez 62,Home Office,Europe,France,Technology,Laptops,369.36,2,0.15,141.33
ORD-2024-12875,2024-03-16,CUST-1058,Emma Watson 28,Corporate,North America,United States,Office Supplies,Paper,1598.86,7,0.05,733.0
ORD-2024-12876,2024-03-24,CUST-1104,Sophia Wilson 60,Home Office,Latin America,Brazil,Office Supplies,Storage,658.17,8,0.15,323.64
ORD-2024-12877,2025-02-01,CUST-1088,Liam Smith 54,Consumer,Asia Pacific,Australia,Technology,Printers,3375.08,3,0.1,768.52
ORD-2024-12878,2025-01-17,CUST-1047,Liam Smith 82,Corporate,Europe,France,Technology,Smartphones,3255.91,3,0.2,508.93
ORD-2024-12879,2024-01-24,CUST-1063,Noah Davis 44,Corporate,Europe,Italy,Office Supplies,Appliances,416.56,8,0.05,84.2
ORD-2024-12880,2024-05-14,CUST-1112,James Taylor 61,Corporate,Latin America,Mexico,Office Supplies,Paper,991.8,8,0.1,293.86
ORD-2024-12881,2024-12-22,CUST-1128,Mia Martinez 11,Home Office,Europe,Germany,Office Supplies,Art,119.31,2,0.3,54.0
ORD-2024-12882,2024-04-20,CUST-1099,Benjamin Anderson 47,Home Office,Europe,Germany,Furniture,Desks,485.94,2,0.3,87.94
ORD-2024-12883,2024-09-03,CUST-1075,Emma Watson 33,Corporate,Europe,Germany,Office Supplies,Paper,95.55,7,0.0,27.06
ORD-2024-12884,2024-05-26,CUST-1091,Liam Smith 76,Home Office,Latin America,Mexico,Furniture,Tables,1078.9,4,0.05,68.86
ORD-2024-12885,2025-02-11,CUST-1122,Emma Watson 16,Home Office,Asia Pacific,Australia,Technology,Laptops,10182.25,8,0.05,3111.24
ORD-2024-12886,2025-03-07,CUST-1119,Alex Rivera 12,Consumer,North America,United States,Office Supplies,Storage,257.24,5,0.2,97.72
ORD-2024-12887,2024-07-05,CUST-1138,Sophia Wilson 71,Home Office,Latin America,Chile,Technology,Monitors,1399.71,2,0.15,389.03
ORD-2024-12888,2024-01-28,CUST-1033,Emma Watson 47,Home Office,Europe,Spain,Office Supplies,Storage,413.36,7,0.05,146.53
ORD-2024-12889,2024-09-08,CUST-1073,Charlotte Thomas 6,Consumer,Europe,Germany,Technology,Laptops,1859.92,6,0.1,537.86
ORD-2024-12890,2025-04-20,CUST-1112,Alex Rivera 38,Corporate,Europe,Germany,Furniture,Furnishings,1197.06,7,0.2,170.78
ORD-2024-12891,2024-08-23,CUST-1120,Mia Martinez 33,Consumer,Latin America,Brazil,Technology,Printers,3196.12,6,0.15,489.42
ORD-2024-12892,2024-12-10,CUST-1115,James Taylor 92,Consumer,Europe,Italy,Technology,Smartphones,2748.8,3,0.3,855.58
ORD-2024-12893,2024-03-06,CUST-1030,Charlotte Thomas 28,Home Office,Latin America,Chile,Technology,Printers,3693.04,5,0.15,677.36
ORD-2024-12894,2024-05-13,CUST-1055,Charlotte Thomas 27,Consumer,North America,Canada,Office Supplies,Storage,921.31,7,0.2,230.17
ORD-2024-12895,2025-01-24,CUST-1009,James Taylor 52,Home Office,Latin America,Brazil,Furniture,Furnishings,1256.96,4,0.0,108.53
ORD-2024-12896,2024-05-09,CUST-1067,Olivia Brown 44,Home Office,Asia Pacific,Japan,Technology,Monitors,6388.89,7,0.1,1114.99
ORD-2024-12897,2025-05-10,CUST-1066,Liam Smith 16,Consumer,Latin America,Chile,Technology,Printers,1481.4,2,0.15,502.62
ORD-2024-12898,2024-01-10,CUST-1078,Benjamin Anderson 91,Home Office,Europe,Spain,Furniture,Furnishings,593.59,7,0.3,69.81
ORD-2024-12899,2024-06-28,CUST-1092,Benjamin Anderson 81,Home Office,Asia Pacific,Singapore,Technology,Smartphones,6170.75,8,0.2,2089.89
ORD-2024-12900,2025-04-16,CUST-1026,Olivia Brown 98,Corporate,Europe,Spain,Furniture,Furnishings,2872.39,8,0.15,408.58
ORD-2024-12901,2024-09-23,CUST-1126,Mia Martinez 63,Corporate,Europe,France,Office Supplies,Art,136.3,5,0.0,47.11
ORD-2024-12902,2024-10-31,CUST-1018,Charlotte Thomas 45,Consumer,North America,Canada,Technology,Printers,3411.45,3,0.05,682.7
ORD-2024-12903,2024-11-06,CUST-1003,Mia Martinez 52,Consumer,Asia Pacific,Japan,Technology,Smartphones,596.77,4,0.2,105.37
ORD-2024-12904,2024-06-06,CUST-1134,Alex Rivera 40,Corporate,Europe,United Kingdom,Furniture,Bookcases,1273.62,3,0.0,130.3
ORD-2024-12905,2024-10-26,CUST-1003,Emma Watson 1,Home Office,Latin America,Brazil,Furniture,Bookcases,602.23,1,0.1,131.2
ORD-2024-12906,2025-02-13,CUST-1146,Emma Watson 44,Corporate,Europe,Italy,Office Supplies,Paper,604.16,7,0.15,241.6
ORD-2024-12907,2024-07-17,CUST-1115,Liam Smith 5,Home Office,Latin America,Brazil,Technology,Laptops,8828.01,8,0.05,2278.4
ORD-2024-12908,2024-04-24,CUST-1044,Alex Rivera 47,Home Office,Latin America,Chile,Office Supplies,Art,1104.39,5,0.1,426.44
ORD-2024-12909,2024-08-28,CUST-1026,Sophia Wilson 47,Home Office,Latin America,Chile,Technology,Laptops,7961.92,8,0.15,1208.45
ORD-2024-12910,2024-02-29,CUST-1085,Noah Davis 87,Home Office,North America,Canada,Office Supplies,Art,124.61,3,0.3,56.2
ORD-2024-12911,2024-07-30,CUST-1001,Charlotte Thomas 55,Home Office,Asia Pacific,India,Office Supplies,Appliances,1225.63,7,0.0,257.97
ORD-2024-12912,2025-01-22,CUST-1134,Sophia Wilson 87,Home Office,Latin America,Brazil,Furniture,Furnishings,2136.83,8,0.2,232.21
ORD-2024-12913,2024-04-18,CUST-1049,James Taylor 36,Corporate,Latin America,Brazil,Technology,Printers,2482.61,8,0.15,893.53
ORD-2024-12914,2024-12-02,CUST-1108,Sophia Wilson 77,Corporate,Asia Pacific,Singapore,Office Supplies,Art,996.03,7,0.15,384.17
ORD-2024-12915,2025-02-23,CUST-1149,Noah Davis 57,Home Office,North America,Canada,Furniture,Desks,1845.43,8,0.1,410.99
ORD-2024-12916,2024-11-27,CUST-1009,Liam Smith 33,Consumer,Asia Pacific,Australia,Furniture,Tables,141.79,1,0.2,27.65
ORD-2024-12917,2024-12-13,CUST-1134,Charlotte Thomas 51,Corporate,Europe,Italy,Furniture,Bookcases,2407.71,4,0.15,507.9
ORD-2024-12918,2024-06-27,CUST-1071,Benjamin Anderson 5,Corporate,North America,Canada,Technology,Monitors,1971.66,6,0.15,581.81
ORD-2024-12919,2024-04-05,CUST-1030,Olivia Brown 53,Home Office,Latin America,Mexico,Office Supplies,Appliances,101.5,5,0.0,34.76
ORD-2024-12920,2024-08-22,CUST-1053,Alex Rivera 36,Consumer,Asia Pacific,Japan,Office Supplies,Art,312.1,5,0.0,91.84
ORD-2024-12921,2024-01-24,CUST-1036,James Taylor 47,Home Office,Europe,Italy,Furniture,Furnishings,1346.08,4,0.1,316.2
ORD-2024-12922,2024-08-27,CUST-1071,James Taylor 35,Home Office,Latin America,Mexico,Office Supplies,Paper,177.05,3,0.15,45.85
ORD-2024-12923,2025-02-05,CUST-1146,Charlotte Thomas 61,Corporate,North America,Canada,Office Supplies,Binders,989.05,5,0.0,213.65
ORD-2024-12924,2024-02-15,CUST-1005,Liam Smith 81,Corporate,Latin America,Brazil,Furniture,Furnishings,795.78,6,0.0,102.14
ORD-2024-12925,2025-05-15,CUST-1132,Noah Davis 76,Corporate,Latin America,Chile,Office Supplies,Art,222.38,4,0.05,102.05
ORD-2024-12926,2024-01-12,CUST-1109,Emma Watson 34,Corporate,Europe,France,Furniture,Bookcases,1614.02,8,0.2,271.17
ORD-2024-12927,2025-03-13,CUST-1087,Alex Rivera 45,Home Office,Europe,Spain,Technology,Laptops,753.97,1,0.35,-37.7
ORD-2024-12928,2024-09-27,CUST-1120,Sophia Wilson 56,Corporate,North America,Canada,Technology,Monitors,1987.17,2,0.05,596.01
ORD-2024-12929,2024-05-02,CUST-1102,Emma Watson 28,Home Office,North America,United States,Technology,Printers,3531.07,6,0.2,1098.7
ORD-2024-12930,2024-09-23,CUST-1076,Emma Watson 90,Home Office,Europe,United Kingdom,Furniture,Tables,6011.04,8,0.0,702.65
ORD-2024-12931,2024-12-21,CUST-1129,Alex Rivera 63,Home Office,North America,United States,Office Supplies,Art,1276.86,6,0.0,594.93
ORD-2024-12932,2025-02-23,CUST-1109,Noah Davis 6,Corporate,North America,Canada,Office Supplies,Binders,819.06,5,0.15,294.27
ORD-2024-12933,2024-05-17,CUST-1131,Olivia Brown 2,Consumer,Asia Pacific,Singapore,Furniture,Desks,1573.49,6,0.3,168.28
ORD-2024-12934,2024-12-13,CUST-1001,Noah Davis 34,Home Office,Europe,Spain,Technology,Monitors,153.91,1,0.05,27.61
ORD-2024-12935,2024-08-19,CUST-1141,Benjamin Anderson 32,Home Office,Latin America,Mexico,Technology,Smartphones,2888.72,6,0.3,884.07
ORD-2024-12936,2025-02-28,CUST-1068,Noah Davis 35,Consumer,Asia Pacific,Australia,Technology,Laptops,1269.98,1,0.15,389.35
ORD-2024-12937,2024-07-09,CUST-1111,Alex Rivera 92,Corporate,Europe,Spain,Office Supplies,Appliances,276.5,2,0.3,85.29
ORD-2024-12938,2024-04-15,CUST-1009,Liam Smith 78,Home Office,Latin America,Mexico,Technology,Laptops,314.33,3,0.05,75.3
ORD-2024-12939,2025-05-08,CUST-1102,Sophia Wilson 34,Consumer,Europe,Germany,Furniture,Furnishings,957.6,2,0.1,100.58
ORD-2024-12940,2025-02-10,CUST-1015,Liam Smith 88,Corporate,Europe,United Kingdom,Technology,Smartphones,1637.5,6,0.05,283.87
ORD-2024-12941,2025-05-14,CUST-1083,Alex Rivera 3,Corporate,Europe,United Kingdom,Technology,Monitors,195.19,1,0.3,70.97
ORD-2024-12942,2025-04-22,CUST-1132,Liam Smith 8,Corporate,North America,United States,Office Supplies,Binders,205.57,1,0.1,59.45
ORD-2024-12943,2024-05-27,CUST-1114,Olivia Brown 67,Corporate,Latin America,Mexico,Office Supplies,Art,600.45,3,0.1,269.79
ORD-2024-12944,2024-06-17,CUST-1083,Olivia Brown 68,Consumer,Asia Pacific,Japan,Office Supplies,Binders,405.25,4,0.2,186.86
ORD-2024-12945,2024-08-11,CUST-1070,Liam Smith 76,Corporate,North America,Canada,Technology,Accessories,3351.49,8,0.3,853.63
ORD-2024-12946,2024-09-27,CUST-1134,Emma Watson 44,Corporate,North America,United States,Technology,Monitors,1254.35,7,0.3,416.04
ORD-2024-12947,2025-03-01,CUST-1084,Noah Davis 34,Home Office,Latin America,Mexico,Technology,Accessories,404.6,5,0.2,116.77
ORD-2024-12948,2024-10-26,CUST-1029,Sophia Wilson 95,Consumer,Europe,France,Furniture,Tables,554.69,1,0.05,129.51
ORD-2024-12949,2024-01-14,CUST-1113,James Taylor 77,Corporate,Asia Pacific,Singapore,Office Supplies,Binders,472.22,6,0.2,166.8
ORD-2024-12950,2025-03-15,CUST-1015,Benjamin Anderson 97,Home Office,Europe,United Kingdom,Furniture,Tables,2053.9,5,0.35,-102.7
ORD-2024-12951,2024-08-19,CUST-1127,Mia Martinez 35,Corporate,Europe,France,Furniture,Chairs,1099.26,8,0.05,242.17
ORD-2024-12952,2025-01-12,CUST-1063,Mia Martinez 77,Corporate,North America,United States,Furniture,Chairs,3148.31,6,0.1,535.12
ORD-2024-12953,2024-05-25,CUST-1140,Noah Davis 73,Home Office,Latin America,Mexico,Furniture,Chairs,1075.25,3,0.05,199.51
ORD-2024-12954,2024-06-23,CUST-1107,Mia Martinez 16,Consumer,Asia Pacific,Singapore,Office Supplies,Binders,87.82,1,0.05,38.02
ORD-2024-12955,2024-08-08,CUST-1114,Noah Davis 80,Home Office,North America,Canada,Furniture,Chairs,1623.53,3,0.15,129.08
ORD-2024-12956,2024-09-04,CUST-1101,Sophia Wilson 26,Consumer,Asia Pacific,Singapore,Technology,Laptops,2645.16,8,0.3,938.45
ORD-2024-12957,2024-01-29,CUST-1086,Noah Davis 47,Corporate,Europe,France,Furniture,Bookcases,2791.1,6,0.1,655.14
ORD-2024-12958,2025-02-14,CUST-1047,Emma Watson 55,Home Office,Europe,United Kingdom,Furniture,Tables,3418.39,7,0.15,518.89
ORD-2024-12959,2024-10-13,CUST-1091,Alex Rivera 39,Home Office,North America,United States,Office Supplies,Art,172.97,1,0.1,45.02
ORD-2024-12960,2024-08-30,CUST-1022,Sophia Wilson 43,Home Office,Latin America,Chile,Furniture,Desks,768.77,8,0.2,74.03
ORD-2024-12961,2024-07-19,CUST-1142,James Taylor 6,Home Office,Europe,Germany,Office Supplies,Art,78.33,6,0.3,31.63
ORD-2024-12962,2024-02-15,CUST-1008,Sophia Wilson 48,Home Office,Europe,Italy,Technology,Smartphones,886.92,4,0.05,142.73
ORD-2024-12963,2024-07-26,CUST-1072,Alex Rivera 5,Home Office,Europe,United Kingdom,Office Supplies,Binders,1567.4,7,0.05,548.48
ORD-2024-12964,2024-01-22,CUST-1047,Alex Rivera 86,Home Office,Europe,Italy,Office Supplies,Art,215.2,2,0.2,77.41
ORD-2024-12965,2024-04-18,CUST-1135,Noah Davis 37,Corporate,North America,Canada,Furniture,Tables,1677.41,5,0.05,331.84
ORD-2024-12966,2024-10-05,CUST-1059,Noah Davis 66,Home Office,North America,United States,Furniture,Desks,3612.48,7,0.15,391.67
ORD-2024-12967,2024-05-22,CUST-1038,James Taylor 40,Corporate,North America,Canada,Furniture,Furnishings,498.75,3,0.15,84.71
ORD-2024-12968,2024-08-10,CUST-1104,Olivia Brown 57,Home Office,Asia Pacific,Japan,Office Supplies,Appliances,557.33,5,0.1,213.35
ORD-2024-12969,2024-03-27,CUST-1079,James Taylor 68,Corporate,North America,Canada,Furniture,Tables,2117.09,4,0.2,366.94
ORD-2024-12970,2024-06-20,CUST-1063,Emma Watson 42,Corporate,Latin America,Mexico,Furniture,Desks,984.95,5,0.0,234.72
ORD-2024-12971,2024-11-16,CUST-1096,Charlotte Thomas 98,Consumer,Latin America,Mexico,Office Supplies,Art,207.42,2,0.0,82.63
ORD-2024-12972,2024-10-02,CUST-1046,Liam Smith 74,Consumer,Europe,United Kingdom,Furniture,Tables,1339.9,3,0.05,309.07
ORD-2024-12973,2024-04-25,CUST-1119,Olivia Brown 30,Corporate,Asia Pacific,Japan,Furniture,Chairs,1206.72,7,0.15,282.35
ORD-2024-12974,2024-12-27,CUST-1133,Sophia Wilson 64,Home Office,Europe,Germany,Furniture,Bookcases,1449.86,7,0.3,304.49
ORD-2024-12975,2025-03-31,CUST-1083,Mia Martinez 85,Corporate,Asia Pacific,India,Office Supplies,Art,144.79,1,0.0,67.47
ORD-2024-12976,2024-06-21,CUST-1017,Liam Smith 51,Home Office,Latin America,Chile,Furniture,Bookcases,2514.46,5,0.05,612.58
ORD-2024-12977,2025-04-13,CUST-1057,Liam Smith 60,Consumer,Asia Pacific,India,Technology,Accessories,8243.45,6,0.05,3055.87
ORD-2024-12978,2025-02-13,CUST-1064,Liam Smith 6,Consumer,Asia Pacific,Australia,Technology,Monitors,2942.87,5,0.15,967.73
ORD-2024-12979,2025-03-19,CUST-1094,Liam Smith 7,Consumer,Asia Pacific,Japan,Office Supplies,Appliances,135.45,6,0.3,65.45
ORD-2024-12980,2024-01-12,CUST-1087,James Taylor 48,Home Office,North America,United States,Technology,Accessories,7970.16,6,0.0,2278.32
ORD-2024-12981,2024-11-16,CUST-1067,Olivia Brown 24,Consumer,Latin America,Mexico,Furniture,Desks,1061.93,8,0.3,178.63
ORD-2024-12982,2025-01-01,CUST-1012,Noah Davis 17,Consumer,Europe,Italy,Technology,Smartphones,911.6,2,0.3,324.41
ORD-2024-12983,2024-01-23,CUST-1009,Sophia Wilson 20,Consumer,North America,Canada,Furniture,Tables,2900.56,5,0.2,627.61
ORD-2024-12984,2024-07-27,CUST-1092,Charlotte Thomas 77,Consumer,Asia Pacific,Australia,Furniture,Chairs,2771.86,6,0.2,482.55
ORD-2024-12985,2024-02-18,CUST-1028,Noah Davis 28,Corporate,Europe,Germany,Furniture,Chairs,2915.53,8,0.3,668.74
ORD-2024-12986,2025-01-03,CUST-1093,Emma Watson 29,Consumer,Latin America,Brazil,Technology,Monitors,3439.98,3,0.0,861.24
ORD-2024-12987,2024-10-27,CUST-1116,Noah Davis 44,Consumer,Latin America,Brazil,Furniture,Tables,688.23,3,0.0,73.42
ORD-2024-12988,2024-02-12,CUST-1032,Mia Martinez 37,Consumer,North America,United States,Furniture,Tables,2509.01,7,0.0,213.53
ORD-2024-12989,2024-04-13,CUST-1102,Emma Watson 53,Corporate,Asia Pacific,Japan,Furniture,Desks,1284.71,6,0.1,151.18
ORD-2024-12990,2024-08-03,CUST-1116,Liam Smith 7,Home Office,Europe,Spain,Office Supplies,Art,482.89,3,0.15,201.47
ORD-2024-12991,2024-02-27,CUST-1001,Alex Rivera 46,Home Office,Latin America,Chile,Furniture,Chairs,332.73,1,0.1,47.4
ORD-2024-12992,2024-02-08,CUST-1018,Liam Smith 11,Home Office,North America,Canada,Furniture,Furnishings,575.59,3,0.05,70.79
ORD-2024-12993,2025-02-11,CUST-1048,Charlotte Thomas 30,Home Office,Europe,Germany,Office Supplies,Storage,264.0,5,0.3,98.95
ORD-2024-12994,2024-06-12,CUST-1020,James Taylor 43,Corporate,North America,Canada,Office Supplies,Storage,77.28,2,0.3,27.7
ORD-2024-12995,2024-01-17,CUST-1037,Noah Davis 23,Corporate,Asia Pacific,India,Office Supplies,Appliances,832.4,6,0.3,194.04
ORD-2024-12996,2024-01-13,CUST-1036,Alex Rivera 39,Consumer,North America,Canada,Office Supplies,Storage,126.59,1,0.1,29.06
ORD-2024-12997,2024-11-06,CUST-1056,Olivia Brown 37,Corporate,Asia Pacific,Australia,Technology,Printers,1473.52,4,0.0,337.33
ORD-2024-12998,2024-12-28,CUST-1094,Noah Davis 25,Corporate,North America,United States,Office Supplies,Appliances,384.08,2,0.15,165.66
ORD-2024-12999,2024-05-14,CUST-1059,Mia Martinez 58,Consumer,Europe,Germany,Furniture,Chairs,2853.2,5,0.15,177.75
ORD-2024-13000,2025-02-23,CUST-1047,Sophia Wilson 91,Home Office,Europe,Italy,Office Supplies,Binders,1736.24,8,0.0,581.16
ORD-2024-13001,2025-03-06,CUST-1138,Sophia Wilson 49,Home Office,North America,Canada,Furniture,Furnishings,345.01,1,0.1,58.95
ORD-2024-13002,2024-09-09,CUST-1060,Charlotte Thomas 31,Consumer,North America,United States,Office Supplies,Storage,311.22,2,0.15,118.88
ORD-2024-13003,2024-10-07,CUST-1048,Olivia Brown 92,Home Office,North America,Canada,Office Supplies,Binders,1567.5,7,0.1,616.14
ORD-2024-13004,2024-01-15,CUST-1132,Charlotte Thomas 92,Corporate,Asia Pacific,Japan,Furniture,Bookcases,2601.72,5,0.1,560.95
ORD-2024-13005,2025-01-13,CUST-1085,Charlotte Thomas 26,Corporate,Latin America,Brazil,Office Supplies,Art,1351.98,7,0.1,273.12
ORD-2024-13006,2024-05-13,CUST-1100,Liam Smith 2,Corporate,Asia Pacific,India,Technology,Laptops,1834.06,3,0.15,287.06
ORD-2024-13007,2024-03-06,CUST-1098,Emma Watson 16,Home Office,Latin America,Chile,Technology,Smartphones,399.4,4,0.15,143.63
ORD-2024-13008,2024-10-27,CUST-1017,Charlotte Thomas 36,Home Office,North America,United States,Office Supplies,Art,82.65,4,0.05,28.92
ORD-2024-13009,2024-07-26,CUST-1043,Benjamin Anderson 4,Corporate,Latin America,Mexico,Furniture,Tables,1149.61,2,0.1,211.76
ORD-2024-13010,2024-08-25,CUST-1034,James Taylor 65,Consumer,North America,United States,Office Supplies,Storage,708.31,7,0.1,233.89
ORD-2024-13011,2025-05-08,CUST-1125,Mia Martinez 26,Home Office,Asia Pacific,Singapore,Furniture,Furnishings,1608.51,3,0.05,92.3
ORD-2024-13012,2025-03-19,CUST-1030,Olivia Brown 48,Corporate,Europe,Italy,Office Supplies,Art,392.54,3,0.35,-19.63
ORD-2024-13013,2024-09-10,CUST-1091,Emma Watson 55,Corporate,Asia Pacific,India,Office Supplies,Art,88.62,2,0.2,21.2
ORD-2024-13014,2024-02-27,CUST-1125,Mia Martinez 34,Home Office,Latin America,Mexico,Furniture,Tables,2425.97,6,0.2,571.8
ORD-2024-13015,2024-12-07,CUST-1085,Benjamin Anderson 40,Consumer,Europe,France,Furniture,Furnishings,3872.16,8,0.0,331.03
ORD-2024-13016,2024-03-15,CUST-1009,Emma Watson 79,Consumer,North America,Canada,Furniture,Tables,1007.59,2,0.05,127.26
ORD-2024-13017,2024-09-08,CUST-1028,Charlotte Thomas 12,Home Office,Latin America,Chile,Office Supplies,Binders,169.68,4,0.3,35.85
ORD-2024-13018,2024-11-17,CUST-1019,Olivia Brown 98,Home Office,Latin America,Chile,Technology,Smartphones,3000.09,7,0.2,549.47
ORD-2024-13019,2025-02-12,CUST-1122,Sophia Wilson 30,Consumer,Asia Pacific,Singapore,Technology,Printers,1006.2,1,0.05,301.41
ORD-2024-13020,2024-05-21,CUST-1140,Mia Martinez 33,Corporate,North America,United States,Technology,Monitors,1093.86,4,0.1,368.09
ORD-2024-13021,2024-03-03,CUST-1115,Olivia Brown 74,Consumer,Europe,United Kingdom,Office Supplies,Binders,155.22,8,0.35,-7.76
ORD-2024-13022,2025-04-08,CUST-1002,Olivia Brown 73,Home Office,Asia Pacific,India,Furniture,Chairs,1608.32,8,0.3,292.77
ORD-2024-13023,2025-01-06,CUST-1123,Charlotte Thomas 11,Corporate,Asia Pacific,Australia,Technology,Laptops,3709.55,4,0.1,1150.65
ORD-2024-13024,2024-04-15,CUST-1089,Olivia Brown 65,Home Office,North America,United States,Office Supplies,Storage,103.03,1,0.2,24.96
ORD-2024-13025,2025-05-10,CUST-1117,Liam Smith 7,Home Office,Asia Pacific,Japan,Office Supplies,Binders,516.78,6,0.15,203.14
ORD-2024-13026,2024-08-01,CUST-1047,Charlotte Thomas 33,Consumer,Europe,Italy,Technology,Printers,6727.12,8,0.0,2365.57
ORD-2024-13027,2024-10-01,CUST-1080,Sophia Wilson 3,Corporate,Asia Pacific,Australia,Office Supplies,Storage,147.7,2,0.0,64.36
ORD-2024-13028,2024-02-04,CUST-1004,Noah Davis 19,Corporate,Latin America,Mexico,Office Supplies,Binders,281.13,3,0.0,133.89
ORD-2024-13029,2024-01-01,CUST-1027,Benjamin Anderson 10,Home Office,Latin America,Chile,Office Supplies,Paper,128.92,3,0.3,48.46
ORD-2024-13030,2024-07-08,CUST-1114,Sophia Wilson 27,Home Office,Asia Pacific,Japan,Technology,Smartphones,4331.44,8,0.0,1575.66
ORD-2024-13031,2024-06-02,CUST-1117,Sophia Wilson 51,Consumer,North America,Canada,Furniture,Desks,1522.17,5,0.1,352.71
ORD-2024-13032,2024-05-25,CUST-1106,Liam Smith 1,Consumer,North America,United States,Furniture,Bookcases,1837.65,3,0.05,335.78
ORD-2024-13033,2024-10-18,CUST-1072,Alex Rivera 63,Consumer,Latin America,Brazil,Office Supplies,Storage,386.63,7,0.15,183.23
ORD-2024-13034,2025-04-15,CUST-1087,Noah Davis 61,Home Office,North America,United States,Furniture,Chairs,2070.66,4,0.2,321.16
ORD-2024-13035,2024-02-09,CUST-1013,Mia Martinez 74,Corporate,North America,Canada,Technology,Accessories,943.32,5,0.3,321.33
ORD-2024-13036,2024-02-13,CUST-1045,Alex Rivera 22,Consumer,Asia Pacific,Japan,Furniture,Bookcases,1957.31,7,0.2,114.15
ORD-2024-13037,2024-11-06,CUST-1086,James Taylor 33,Home Office,North America,Canada,Furniture,Chairs,658.95,4,0.15,84.62
ORD-2024-13038,2025-01-09,CUST-1003,Liam Smith 67,Corporate,North America,Canada,Furniture,Bookcases,2598.06,8,0.3,448.23
ORD-2024-13039,2024-12-07,CUST-1095,Mia Martinez 71,Consumer,North America,Canada,Technology,Accessories,2764.68,3,0.0,977.62
ORD-2024-13040,2025-03-17,CUST-1029,Emma Watson 84,Corporate,Europe,Italy,Office Supplies,Appliances,97.34,2,0.35,-4.87
ORD-2024-13041,2024-01-04,CUST-1021,Olivia Brown 66,Corporate,Latin America,Chile,Office Supplies,Binders,709.27,5,0.05,229.56
ORD-2024-13042,2024-03-19,CUST-1001,Emma Watson 21,Home Office,North America,United States,Furniture,Bookcases,2152.56,3,0.0,374.24
ORD-2024-13043,2024-09-16,CUST-1077,Noah Davis 56,Home Office,Latin America,Mexico,Furniture,Furnishings,382.16,2,0.3,60.57
ORD-2024-13044,2024-08-25,CUST-1047,Charlotte Thomas 16,Consumer,Latin America,Mexico,Office Supplies,Storage,404.36,2,0.15,118.74
ORD-2024-13045,2024-05-19,CUST-1147,Emma Watson 41,Consumer,Europe,Germany,Office Supplies,Paper,425.94,2,0.05,93.06
ORD-2024-13046,2024-06-10,CUST-1035,Olivia Brown 14,Corporate,Latin America,Chile,Technology,Laptops,1720.39,5,0.3,676.48
ORD-2024-13047,2025-01-07,CUST-1032,Liam Smith 93,Home Office,Asia Pacific,India,Technology,Printers,1059.51,2,0.3,223.21
ORD-2024-13048,2025-02-03,CUST-1040,Alex Rivera 18,Corporate,Europe,France,Technology,Laptops,6739.12,8,0.0,2381.51
ORD-2024-13049,2024-08-30,CUST-1098,Alex Rivera 40,Consumer,Europe,Italy,Office Supplies,Art,801.4,7,0.3,255.28
ORD-2024-13050,2024-08-28,CUST-1077,Alex Rivera 70,Home Office,Latin America,Mexico,Technology,Smartphones,777.48,6,0.05,270.85
ORD-2024-13051,2025-03-07,CUST-1013,Alex Rivera 31,Consumer,North America,Canada,Technology,Smartphones,8032.06,8,0.05,1774.4
ORD-2024-13052,2024-08-24,CUST-1035,Sophia Wilson 36,Consumer,Latin America,Mexico,Furniture,Chairs,1208.48,4,0.2,103.42
ORD-2024-13053,2025-03-08,CUST-1111,Olivia Brown 75,Home Office,Asia Pacific,Australia,Technology,Monitors,2432.98,3,0.2,715.64
ORD-2024-13054,2025-04-09,CUST-1097,Olivia Brown 86,Home Office,Europe,Spain,Office Supplies,Art,749.45,8,0.3,356.43
ORD-2024-13055,2024-05-20,CUST-1046,Olivia Brown 46,Corporate,Europe,Germany,Office Supplies,Appliances,618.0,4,0.0,275.74
ORD-2024-13056,2025-01-06,CUST-1109,Charlotte Thomas 76,Consumer,North America,United States,Furniture,Desks,1592.36,8,0.3,97.78
ORD-2024-13057,2024-01-04,CUST-1120,Alex Rivera 64,Corporate,Asia Pacific,Japan,Office Supplies,Appliances,569.52,5,0.2,162.18
ORD-2024-13058,2024-10-22,CUST-1102,Olivia Brown 45,Corporate,Latin America,Chile,Furniture,Tables,273.47,2,0.05,43.58
ORD-2024-13059,2024-01-06,CUST-1083,Charlotte Thomas 46,Consumer,Asia Pacific,Singapore,Office Supplies,Storage,218.59,3,0.05,102.75
ORD-2024-13060,2024-10-25,CUST-1085,Sophia Wilson 13,Consumer,Europe,Germany,Office Supplies,Storage,847.58,6,0.1,193.99
ORD-2024-13061,2024-07-30,CUST-1053,Sophia Wilson 15,Home Office,North America,United States,Office Supplies,Art,776.94,6,0.0,312.14
ORD-2024-13062,2025-05-15,CUST-1109,Olivia Brown 52,Corporate,North America,Canada,Office Supplies,Paper,535.27,8,0.05,186.8
ORD-2024-13063,2025-04-16,CUST-1036,Liam Smith 31,Corporate,Europe,Spain,Office Supplies,Art,1699.12,8,0.0,846.02
ORD-2024-13064,2024-04-11,CUST-1044,Olivia Brown 82,Home Office,North America,United States,Office Supplies,Paper,417.31,4,0.1,201.71
ORD-2024-13065,2024-06-06,CUST-1113,Sophia Wilson 18,Consumer,North America,United States,Furniture,Bookcases,5060.58,7,0.05,1019.63
ORD-2024-13066,2024-09-11,CUST-1055,Emma Watson 12,Corporate,Europe,United Kingdom,Technology,Smartphones,9940.15,7,0.05,3911.42
ORD-2024-13067,2024-01-28,CUST-1110,Sophia Wilson 75,Corporate,North America,United States,Technology,Monitors,204.87,1,0.05,66.84
ORD-2024-13068,2024-06-01,CUST-1140,Sophia Wilson 92,Consumer,North America,United States,Technology,Smartphones,3955.7,5,0.0,1291.95
ORD-2024-13069,2024-01-13,CUST-1139,Emma Watson 58,Consumer,Europe,Italy,Furniture,Tables,620.86,8,0.2,86.38
ORD-2024-13070,2025-02-09,CUST-1049,Liam Smith 98,Consumer,Asia Pacific,India,Technology,Laptops,921.54,1,0.1,181.48
ORD-2024-13071,2024-06-08,CUST-1126,Noah Davis 28,Home Office,Europe,France,Furniture,Desks,808.67,7,0.1,51.16
ORD-2024-13072,2024-01-24,CUST-1005,Noah Davis 51,Consumer,North America,United States,Office Supplies,Storage,69.41,2,0.05,20.88
ORD-2024-13073,2024-06-19,CUST-1116,Charlotte Thomas 39,Consumer,North America,Canada,Technology,Laptops,5325.42,6,0.15,1804.01
ORD-2024-13074,2024-12-20,CUST-1118,Liam Smith 85,Consumer,Latin America,Mexico,Technology,Monitors,6815.48,8,0.3,1965.8
ORD-2024-13075,2025-03-10,CUST-1116,Mia Martinez 55,Corporate,Latin America,Mexico,Technology,Laptops,4424.78,8,0.3,748.29
ORD-2024-13076,2025-02-08,CUST-1054,Charlotte Thomas 69,Consumer,Europe,Italy,Furniture,Desks,617.8,8,0.05,35.69
ORD-2024-13077,2024-07-03,CUST-1029,Charlotte Thomas 33,Corporate,Asia Pacific,India,Office Supplies,Paper,923.16,8,0.3,246.49
ORD-2024-13078,2024-02-28,CUST-1137,Benjamin Anderson 88,Consumer,Latin America,Chile,Office Supplies,Art,187.08,1,0.05,72.57
ORD-2024-13079,2025-02-11,CUST-1027,Sophia Wilson 63,Corporate,Asia Pacific,Australia,Office Supplies,Paper,1106.6,6,0.05,440.98
ORD-2024-13080,2025-01-03,CUST-1035,Alex Rivera 47,Corporate,Asia Pacific,Australia,Technology,Monitors,475.2,2,0.3,138.23
ORD-2024-13081,2024-05-08,CUST-1007,James Taylor 30,Home Office,Asia Pacific,India,Furniture,Chairs,108.64,1,0.3,15.61
ORD-2024-13082,2024-11-21,CUST-1019,Sophia Wilson 26,Corporate,Asia Pacific,Australia,Technology,Accessories,2477.33,6,0.3,580.05
ORD-2024-13083,2024-04-22,CUST-1081,Noah Davis 37,Consumer,Latin America,Chile,Office Supplies,Appliances,1173.75,8,0.15,480.72
ORD-2024-13084,2024-09-14,CUST-1134,Benjamin Anderson 76,Consumer,Europe,Germany,Technology,Smartphones,1526.41,3,0.3,483.14
ORD-2024-13085,2025-04-18,CUST-1070,Alex Rivera 99,Home Office,Asia Pacific,India,Technology,Smartphones,5061.11,5,0.15,892.84
ORD-2024-13086,2024-08-15,CUST-1093,Mia Martinez 69,Home Office,North America,Canada,Technology,Smartphones,5730.56,5,0.2,1472.07
ORD-2024-13087,2024-09-04,CUST-1020,Benjamin Anderson 54,Corporate,Asia Pacific,Australia,Furniture,Desks,2665.56,5,0.15,164.89
ORD-2024-13088,2024-05-12,CUST-1144,Benjamin Anderson 54,Corporate,North America,United States,Technology,Smartphones,6343.6,8,0.0,1317.77
ORD-2024-13089,2024-03-21,CUST-1083,Mia Martinez 7,Home Office,Asia Pacific,Singapore,Technology,Smartphones,1993.36,3,0.1,717.66
ORD-2024-13090,2024-12-03,CUST-1108,Benjamin Anderson 73,Home Office,Latin America,Chile,Furniture,Furnishings,625.54,1,0.05,111.23
ORD-2024-13091,2024-01-30,CUST-1066,Olivia Brown 66,Consumer,Latin America,Mexico,Office Supplies,Appliances,596.16,3,0.1,191.48
ORD-2024-13092,2024-10-20,CUST-1041,Noah Davis 60,Consumer,Asia Pacific,Japan,Technology,Laptops,1033.52,7,0.1,218.35
ORD-2024-13093,2024-05-06,CUST-1021,Noah Davis 46,Home Office,Latin America,Mexico,Technology,Monitors,3054.24,3,0.15,738.52
ORD-2024-13094,2024-02-11,CUST-1121,Alex Rivera 3,Consumer,Asia Pacific,Australia,Furniture,Bookcases,535.57,3,0.1,121.93
ORD-2024-13095,2025-02-16,CUST-1120,Noah Davis 4,Home Office,Asia Pacific,Australia,Furniture,Desks,816.24,3,0.05,60.97
ORD-2024-13096,2025-02-24,CUST-1086,Noah Davis 14,Home Office,North America,United States,Office Supplies,Paper,139.08,1,0.15,28.3
ORD-2024-13097,2024-02-22,CUST-1063,James Taylor 84,Home Office,Europe,Germany,Technology,Accessories,3951.06,3,0.0,1558.47
ORD-2024-13098,2024-06-07,CUST-1067,Liam Smith 83,Corporate,Latin America,Chile,Technology,Accessories,4337.02,5,0.3,798.11
ORD-2024-13099,2025-01-31,CUST-1108,Emma Watson 16,Corporate,North America,Canada,Office Supplies,Appliances,661.54,5,0.1,278.09
ORD-2024-13100,2024-07-30,CUST-1021,Benjamin Anderson 36,Corporate,Asia Pacific,Australia,Furniture,Bookcases,1151.3,3,0.15,179.6
ORD-2024-13101,2025-01-03,CUST-1094,Alex Rivera 69,Consumer,Asia Pacific,Singapore,Technology,Laptops,3461.84,3,0.05,819.88
ORD-2024-13102,2024-07-08,CUST-1058,Sophia Wilson 66,Consumer,Europe,France,Office Supplies,Binders,118.73,1,0.1,24.74
ORD-2024-13103,2025-02-16,CUST-1126,Sophia Wilson 6,Corporate,North America,Canada,Technology,Accessories,2128.62,5,0.05,509.87
ORD-2024-13104,2024-05-23,CUST-1121,Mia Martinez 63,Corporate,Asia Pacific,Singapore,Furniture,Furnishings,1371.56,4,0.0,152.55
ORD-2024-13105,2024-05-24,CUST-1013,Alex Rivera 56,Consumer,Latin America,Chile,Office Supplies,Appliances,1459.96,7,0.1,531.28
ORD-2024-13106,2024-03-05,CUST-1117,Sophia Wilson 47,Consumer,Latin America,Mexico,Office Supplies,Binders,833.45,6,0.3,383.06
ORD-2024-13107,2024-11-30,CUST-1097,Alex Rivera 75,Consumer,Europe,Germany,Technology,Accessories,309.39,3,0.1,66.0
ORD-2024-13108,2025-05-15,CUST-1090,Olivia Brown 78,Corporate,North America,United States,Furniture,Chairs,1824.49,4,0.05,398.62
ORD-2024-13109,2025-01-15,CUST-1064,Mia Martinez 4,Corporate,Europe,Spain,Technology,Accessories,1440.84,2,0.3,387.92
ORD-2024-13110,2024-04-13,CUST-1031,James Taylor 8,Consumer,Europe,France,Technology,Laptops,5435.52,5,0.05,1731.19
ORD-2024-13111,2024-11-01,CUST-1130,Benjamin Anderson 34,Corporate,Europe,Spain,Office Supplies,Appliances,325.72,4,0.15,74.02
ORD-2024-13112,2025-03-11,CUST-1127,Charlotte Thomas 34,Home Office,Latin America,Chile,Furniture,Bookcases,2979.36,5,0.2,565.27
ORD-2024-13113,2025-04-03,CUST-1090,Charlotte Thomas 46,Corporate,North America,United States,Furniture,Desks,3327.74,8,0.3,748.13
ORD-2024-13114,2024-12-14,CUST-1036,Mia Martinez 94,Consumer,Europe,United Kingdom,Technology,Accessories,3879.33,3,0.05,1163.51
ORD-2024-13115,2024-04-16,CUST-1100,Liam Smith 61,Corporate,North America,Canada,Furniture,Bookcases,2914.35,5,0.0,307.85
ORD-2024-13116,2025-04-17,CUST-1099,Sophia Wilson 85,Corporate,North America,United States,Technology,Monitors,1232.88,2,0.0,482.31
ORD-2024-13117,2024-06-28,CUST-1001,Liam Smith 91,Consumer,Europe,Germany,Furniture,Bookcases,2685.02,6,0.2,325.7
ORD-2024-13118,2025-02-10,CUST-1134,Liam Smith 57,Corporate,Latin America,Mexico,Furniture,Desks,736.96,4,0.1,139.91
ORD-2024-13119,2024-04-21,CUST-1058,Mia Martinez 25,Home Office,Europe,Spain,Office Supplies,Binders,467.7,3,0.0,209.28
ORD-2024-13120,2024-06-25,CUST-1030,Alex Rivera 2,Consumer,Latin America,Brazil,Furniture,Tables,1111.39,2,0.1,98.63
ORD-2024-13121,2024-11-17,CUST-1064,Benjamin Anderson 50,Home Office,Latin America,Mexico,Technology,Printers,902.5,6,0.15,191.47
ORD-2024-13122,2025-05-11,CUST-1006,Sophia Wilson 24,Consumer,Europe,Germany,Office Supplies,Art,379.68,6,0.0,130.19
ORD-2024-13123,2024-04-17,CUST-1059,Mia Martinez 58,Consumer,North America,United States,Office Supplies,Art,1236.7,5,0.0,522.66
ORD-2024-13124,2024-09-21,CUST-1087,Alex Rivera 99,Consumer,Latin America,Chile,Furniture,Furnishings,423.34,1,0.2,33.81
ORD-2024-13125,2024-10-05,CUST-1004,Alex Rivera 78,Consumer,Latin America,Brazil,Technology,Smartphones,7010.4,8,0.0,2578.79
ORD-2024-13126,2025-04-28,CUST-1031,Benjamin Anderson 75,Corporate,Asia Pacific,Australia,Technology,Monitors,7172.5,6,0.2,1817.38
ORD-2024-13127,2024-01-20,CUST-1033,Olivia Brown 27,Consumer,Asia Pacific,India,Furniture,Chairs,2529.15,8,0.2,141.41
ORD-2024-13128,2024-03-26,CUST-1050,Alex Rivera 71,Home Office,North America,Canada,Technology,Monitors,819.18,2,0.15,191.73
ORD-2024-13129,2024-03-27,CUST-1071,Emma Watson 29,Consumer,North America,Canada,Office Supplies,Appliances,535.54,6,0.2,219.68
ORD-2024-13130,2024-09-05,CUST-1083,Sophia Wilson 88,Home Office,Asia Pacific,Japan,Office Supplies,Storage,266.42,2,0.1,80.08
ORD-2024-13131,2024-05-31,CUST-1112,Liam Smith 32,Corporate,Latin America,Chile,Furniture,Tables,350.28,3,0.2,47.59
ORD-2024-13132,2024-06-22,CUST-1026,Benjamin Anderson 16,Corporate,Europe,Germany,Furniture,Desks,1884.68,5,0.3,216.34
ORD-2024-13133,2024-01-24,CUST-1066,James Taylor 19,Consumer,Latin America,Mexico,Furniture,Desks,2389.76,4,0.2,551.68
ORD-2024-13134,2024-02-24,CUST-1108,James Taylor 58,Corporate,North America,Canada,Office Supplies,Appliances,959.17,7,0.2,338.8
ORD-2024-13135,2025-03-02,CUST-1092,Benjamin Anderson 41,Corporate,Asia Pacific,Japan,Technology,Smartphones,3815.79,7,0.15,1183.95
ORD-2024-13136,2025-05-15,CUST-1109,Noah Davis 12,Home Office,Latin America,Chile,Technology,Monitors,4098.41,6,0.05,1080.46
ORD-2024-13137,2024-01-27,CUST-1018,Liam Smith 36,Home Office,Europe,Germany,Furniture,Bookcases,856.66,3,0.1,211.11
ORD-2024-13138,2025-04-24,CUST-1112,Benjamin Anderson 2,Corporate,Latin America,Brazil,Furniture,Chairs,1400.29,4,0.15,166.51
ORD-2024-13139,2025-02-14,CUST-1130,Mia Martinez 48,Corporate,Europe,Spain,Office Supplies,Appliances,41.32,1,0.05,16.55
ORD-2024-13140,2025-04-30,CUST-1040,Mia Martinez 27,Corporate,Latin America,Brazil,Technology,Accessories,4810.34,8,0.05,1910.92
ORD-2024-13141,2024-03-20,CUST-1063,Alex Rivera 4,Home Office,Asia Pacific,India,Office Supplies,Appliances,1041.65,6,0.2,244.31
ORD-2024-13142,2024-04-29,CUST-1036,Noah Davis 24,Corporate,Latin America,Mexico,Technology,Smartphones,813.66,1,0.1,308.55
ORD-2024-13143,2025-02-19,CUST-1137,Olivia Brown 53,Home Office,North America,United States,Technology,Laptops,6803.3,5,0.0,2417.13
ORD-2024-13144,2025-05-14,CUST-1062,James Taylor 44,Home Office,Europe,United Kingdom,Office Supplies,Appliances,350.24,5,0.2,163.56
ORD-2024-13145,2024-11-04,CUST-1113,Mia Martinez 4,Home Office,Latin America,Brazil,Furniture,Chairs,291.85,5,0.15,20.39
ORD-2024-13146,2024-05-22,CUST-1061,Olivia Brown 57,Consumer,North America,Canada,Office Supplies,Appliances,209.09,8,0.1,97.75
ORD-2024-13147,2024-05-25,CUST-1050,James Taylor 72,Corporate,North America,Canada,Technology,Monitors,9335.04,8,0.15,1835.41
ORD-2024-13148,2024-02-10,CUST-1091,Mia Martinez 91,Corporate,Asia Pacific,Japan,Office Supplies,Storage,341.71,6,0.2,113.15
ORD-2024-13149,2024-03-03,CUST-1134,Liam Smith 38,Home Office,Latin America,Mexico,Technology,Accessories,1834.72,6,0.05,563.15
ORD-2024-13150,2024-05-08,CUST-1027,Charlotte Thomas 65,Home Office,Latin America,Brazil,Furniture,Desks,1744.8,3,0.0,308.13
ORD-2024-13151,2024-03-10,CUST-1052,Olivia Brown 74,Home Office,Europe,Germany,Furniture,Furnishings,415.42,1,0.35,-20.77
ORD-2024-13152,2024-03-03,CUST-1054,Liam Smith 85,Home Office,North America,Canada,Office Supplies,Storage,1068.93,5,0.1,348.44
ORD-2024-13153,2025-04-17,CUST-1123,Emma Watson 47,Home Office,Asia Pacific,Japan,Office Supplies,Art,987.58,7,0.15,199.61
ORD-2024-13154,2024-06-10,CUST-1106,Benjamin Anderson 76,Consumer,North America,United States,Furniture,Bookcases,1951.24,7,0.15,456.83
ORD-2024-13155,2025-02-23,CUST-1115,James Taylor 48,Corporate,Latin America,Mexico,Furniture,Bookcases,2873.43,7,0.0,466.72
ORD-2024-13156,2024-03-05,CUST-1002,Benjamin Anderson 86,Home Office,Asia Pacific,Australia,Office Supplies,Art,482.22,6,0.05,106.66
ORD-2024-13157,2024-07-05,CUST-1015,Noah Davis 74,Home Office,Latin America,Chile,Technology,Monitors,6633.28,8,0.05,1771.12
ORD-2024-13158,2024-06-02,CUST-1070,Liam Smith 22,Consumer,Latin America,Brazil,Office Supplies,Appliances,82.31,1,0.15,38.45
ORD-2024-13159,2024-03-28,CUST-1137,Mia Martinez 87,Consumer,Latin America,Chile,Furniture,Chairs,731.73,8,0.05,81.26
ORD-2024-13160,2025-03-16,CUST-1110,Olivia Brown 75,Consumer,Europe,United Kingdom,Technology,Accessories,1120.55,4,0.35,-56.03
ORD-2024-13161,2024-04-07,CUST-1145,Olivia Brown 31,Consumer,North America,United States,Technology,Monitors,385.25,1,0.15,91.85
ORD-2024-13162,2024-09-13,CUST-1136,Sophia Wilson 44,Home Office,Latin America,Mexico,Furniture,Desks,3262.68,6,0.05,534.76
ORD-2024-13163,2024-02-23,CUST-1087,Emma Watson 36,Consumer,Latin America,Chile,Furniture,Bookcases,1115.39,4,0.1,72.02
ORD-2024-13164,2024-08-19,CUST-1146,Benjamin Anderson 26,Home Office,Latin America,Chile,Technology,Laptops,3248.76,7,0.15,1229.55
ORD-2024-13165,2024-08-09,CUST-1063,Olivia Brown 70,Home Office,Asia Pacific,India,Office Supplies,Storage,71.25,3,0.1,34.44
ORD-2024-13166,2024-07-17,CUST-1011,Emma Watson 77,Home Office,North America,Canada,Technology,Accessories,4557.73,5,0.3,1219.79
ORD-2024-13167,2024-12-26,CUST-1043,Charlotte Thomas 26,Corporate,Asia Pacific,Australia,Furniture,Furnishings,1181.5,2,0.15,287.36
ORD-2024-13168,2024-08-22,CUST-1048,James Taylor 62,Home Office,North America,United States,Technology,Laptops,8080.56,8,0.0,2437.74
ORD-2024-13169,2024-01-30,CUST-1080,Liam Smith 2,Consumer,Latin America,Brazil,Technology,Laptops,1076.71,6,0.3,181.76
ORD-2024-13170,2024-01-22,CUST-1070,Sophia Wilson 94,Corporate,Europe,France,Office Supplies,Storage,313.78,3,0.05,66.11
ORD-2024-13171,2024-07-19,CUST-1086,James Taylor 53,Consumer,Europe,Italy,Technology,Accessories,355.83,3,0.1,70.15
ORD-2024-13172,2024-03-08,CUST-1098,Liam Smith 42,Consumer,North America,Canada,Technology,Laptops,1124.57,8,0.1,256.79
ORD-2024-13173,2025-03-13,CUST-1134,Noah Davis 9,Home Office,Asia Pacific,Australia,Technology,Laptops,6343.58,5,0.05,2145.75
ORD-2024-13174,2024-06-26,CUST-1012,Mia Martinez 36,Corporate,North America,United States,Office Supplies,Binders,188.8,1,0.2,73.99
ORD-2024-13175,2025-03-27,CUST-1144,Charlotte Thomas 60,Consumer,Europe,France,Furniture,Chairs,719.45,4,0.35,-35.97
ORD-2024-13176,2024-11-13,CUST-1003,Mia Martinez 62,Consumer,Europe,United Kingdom,Office Supplies,Storage,678.79,4,0.05,289.81
ORD-2024-13177,2024-09-07,CUST-1121,Olivia Brown 63,Corporate,Asia Pacific,Singapore,Furniture,Tables,2647.69,8,0.05,367.4
ORD-2024-13178,2024-08-31,CUST-1057,Sophia Wilson 42,Corporate,North America,Canada,Furniture,Chairs,1099.5,7,0.15,149.09
ORD-2024-13179,2024-06-22,CUST-1063,Charlotte Thomas 28,Home Office,Europe,Italy,Furniture,Desks,377.15,1,0.05,91.4
ORD-2024-13180,2024-06-26,CUST-1015,Emma Watson 27,Corporate,Europe,United Kingdom,Office Supplies,Paper,734.72,8,0.2,335.33
ORD-2024-13181,2024-10-03,CUST-1084,Benjamin Anderson 24,Corporate,Latin America,Mexico,Technology,Laptops,2053.71,2,0.05,617.66
ORD-2024-13182,2024-11-05,CUST-1011,Olivia Brown 58,Consumer,North America,United States,Furniture,Bookcases,2697.79,6,0.1,384.14
ORD-2024-13183,2025-04-16,CUST-1022,Noah Davis 24,Consumer,North America,Canada,Office Supplies,Binders,172.15,1,0.3,54.65
ORD-2024-13184,2024-11-30,CUST-1083,Charlotte Thomas 12,Consumer,North America,Canada,Furniture,Desks,1174.39,4,0.15,121.44
ORD-2024-13185,2024-05-08,CUST-1053,Liam Smith 96,Home Office,Latin America,Chile,Technology,Accessories,202.47,1,0.3,33.22
ORD-2024-13186,2024-11-18,CUST-1038,Liam Smith 57,Corporate,Europe,France,Technology,Printers,5134.27,8,0.2,1180.38
ORD-2024-13187,2024-09-03,CUST-1027,Alex Rivera 78,Consumer,Europe,Italy,Furniture,Desks,63.7,1,0.2,3.74
ORD-2024-13188,2024-01-31,CUST-1108,Olivia Brown 82,Consumer,Asia Pacific,India,Office Supplies,Art,1261.66,6,0.1,404.67
ORD-2024-13189,2024-10-09,CUST-1105,Emma Watson 62,Consumer,Asia Pacific,India,Office Supplies,Paper,288.66,5,0.15,112.96
ORD-2024-13190,2024-04-22,CUST-1047,Noah Davis 49,Corporate,Latin America,Chile,Furniture,Chairs,1473.14,7,0.3,132.79
ORD-2024-13191,2024-03-02,CUST-1119,Sophia Wilson 64,Consumer,Asia Pacific,Japan,Office Supplies,Storage,244.6,8,0.15,90.66
ORD-2024-13192,2024-07-16,CUST-1091,Charlotte Thomas 47,Home Office,Latin America,Mexico,Furniture,Chairs,227.72,4,0.3,21.36
ORD-2024-13193,2025-01-15,CUST-1080,Liam Smith 24,Home Office,Latin America,Chile,Furniture,Furnishings,726.66,3,0.0,37.6
ORD-2024-13194,2024-03-22,CUST-1047,Liam Smith 42,Consumer,Asia Pacific,Singapore,Furniture,Tables,3101.11,6,0.3,277.83
ORD-2024-13195,2024-11-24,CUST-1033,Olivia Brown 63,Corporate,Latin America,Brazil,Furniture,Chairs,1660.43,7,0.1,154.09
ORD-2024-13196,2024-04-04,CUST-1120,Alex Rivera 70,Consumer,Europe,Spain,Technology,Laptops,2754.84,3,0.0,424.34
ORD-2024-13197,2025-02-02,CUST-1051,Sophia Wilson 82,Consumer,Asia Pacific,Australia,Office Supplies,Binders,299.34,6,0.0,67.68
ORD-2024-13198,2024-12-10,CUST-1078,Charlotte Thomas 51,Consumer,Asia Pacific,Japan,Furniture,Tables,3178.6,6,0.05,542.56
ORD-2024-13199,2025-04-16,CUST-1139,Mia Martinez 69,Consumer,Asia Pacific,India,Furniture,Tables,565.28,1,0.0,135.77
ORD-2024-13200,2024-08-12,CUST-1129,Liam Smith 40,Corporate,Latin America,Mexico,Furniture,Tables,1719.28,4,0.15,405.5
ORD-2024-13201,2025-02-23,CUST-1001,Charlotte Thomas 82,Corporate,Europe,Italy,Furniture,Furnishings,710.14,6,0.3,37.84
ORD-2024-13202,2024-06-16,CUST-1085,Charlotte Thomas 24,Corporate,Latin America,Brazil,Office Supplies,Art,1191.55,7,0.15,440.48
ORD-2024-13203,2025-03-11,CUST-1037,Olivia Brown 19,Corporate,Latin America,Chile,Technology,Printers,1497.9,5,0.3,534.72
ORD-2024-13204,2024-07-30,CUST-1138,Charlotte Thomas 92,Consumer,Latin America,Brazil,Office Supplies,Storage,342.19,4,0.3,138.24
ORD-2024-13205,2024-05-09,CUST-1064,James Taylor 54,Corporate,North America,United States,Furniture,Chairs,3012.04,5,0.2,589.68
ORD-2024-13206,2024-07-16,CUST-1022,Benjamin Anderson 7,Corporate,Latin America,Brazil,Office Supplies,Appliances,657.09,8,0.2,322.03
ORD-2024-13207,2024-05-19,CUST-1064,Charlotte Thomas 33,Consumer,Europe,Italy,Furniture,Chairs,2464.62,7,0.2,471.86
ORD-2024-13208,2024-08-01,CUST-1022,Olivia Brown 86,Corporate,Asia Pacific,Japan,Office Supplies,Appliances,258.76,4,0.0,94.02
ORD-2024-13209,2024-10-05,CUST-1007,Emma Watson 51,Home Office,Europe,France,Furniture,Tables,1027.34,3,0.3,222.44
ORD-2024-13210,2025-04-15,CUST-1052,Mia Martinez 64,Home Office,Europe,Italy,Office Supplies,Paper,90.77,3,0.05,43.49
ORD-2024-13211,2024-01-15,CUST-1019,James Taylor 28,Consumer,Asia Pacific,Australia,Technology,Smartphones,3105.92,4,0.2,543.07
ORD-2024-13212,2024-03-18,CUST-1055,Emma Watson 25,Consumer,Latin America,Chile,Office Supplies,Binders,864.65,5,0.0,326.92
ORD-2024-13213,2024-03-31,CUST-1020,Liam Smith 63,Consumer,Europe,United Kingdom,Technology,Monitors,4207.02,7,0.35,-210.35
ORD-2024-13214,2025-03-02,CUST-1028,Liam Smith 80,Corporate,North America,United States,Technology,Printers,3927.31,6,0.15,1476.72
ORD-2024-13215,2024-12-23,CUST-1003,Alex Rivera 90,Consumer,North America,United States,Furniture,Tables,2666.12,4,0.05,634.01
ORD-2024-13216,2025-03-11,CUST-1079,Benjamin Anderson 31,Corporate,Europe,Italy,Furniture,Chairs,428.4,2,0.35,-21.42
ORD-2024-13217,2024-09-09,CUST-1077,James Taylor 80,Consumer,North America,Canada,Office Supplies,Paper,1804.0,8,0.0,432.98
ORD-2024-13218,2024-03-13,CUST-1136,Liam Smith 5,Corporate,North America,United States,Office Supplies,Binders,134.1,1,0.2,64.36
ORD-2024-13219,2024-04-13,CUST-1072,Charlotte Thomas 83,Consumer,Europe,United Kingdom,Technology,Smartphones,620.22,1,0.0,151.13
ORD-2024-13220,2024-11-03,CUST-1054,Liam Smith 34,Home Office,North America,United States,Technology,Accessories,2348.72,8,0.15,446.36
ORD-2024-13221,2024-03-16,CUST-1010,Liam Smith 12,Consumer,North America,United States,Furniture,Tables,2246.75,5,0.05,350.1
ORD-2024-13222,2025-04-08,CUST-1055,Liam Smith 50,Corporate,North America,United States,Office Supplies,Paper,212.42,2,0.0,93.67
ORD-2024-13223,2025-04-17,CUST-1119,Benjamin Anderson 53,Home Office,Europe,Italy,Technology,Laptops,3044.94,6,0.05,842.84
ORD-2024-13224,2025-03-23,CUST-1065,Liam Smith 56,Corporate,Europe,Germany,Technology,Laptops,448.27,5,0.35,-22.41
ORD-2024-13225,2025-02-17,CUST-1086,Olivia Brown 83,Consumer,Asia Pacific,Japan,Furniture,Desks,541.0,5,0.0,33.61
ORD-2024-13226,2024-06-24,CUST-1007,Mia Martinez 42,Corporate,North America,Canada,Office Supplies,Storage,209.61,5,0.15,100.35
ORD-2024-13227,2024-08-16,CUST-1015,Olivia Brown 64,Home Office,Asia Pacific,India,Furniture,Furnishings,335.28,1,0.2,60.69
ORD-2024-13228,2024-04-26,CUST-1006,Mia Martinez 51,Corporate,Asia Pacific,Japan,Furniture,Furnishings,941.72,6,0.3,215.8
ORD-2024-13229,2024-02-13,CUST-1127,Liam Smith 57,Consumer,Latin America,Chile,Office Supplies,Art,163.61,3,0.2,41.92
ORD-2024-13230,2024-01-14,CUST-1030,Benjamin Anderson 31,Consumer,North America,Canada,Technology,Smartphones,2179.3,2,0.05,466.16
ORD-2024-13231,2024-08-06,CUST-1050,James Taylor 69,Consumer,North America,United States,Furniture,Chairs,156.47,1,0.15,17.67
ORD-2024-13232,2024-02-03,CUST-1120,Noah Davis 61,Consumer,North America,Canada,Technology,Printers,2374.31,6,0.15,692.55
ORD-2024-13233,2025-04-12,CUST-1130,Benjamin Anderson 52,Consumer,North America,United States,Furniture,Chairs,347.28,1,0.1,61.45
ORD-2024-13234,2024-10-05,CUST-1020,Olivia Brown 70,Home Office,North America,United States,Technology,Smartphones,6729.53,5,0.1,2184.91
ORD-2024-13235,2024-09-12,CUST-1102,Mia Martinez 57,Corporate,North America,Canada,Technology,Accessories,881.58,1,0.0,238.89
ORD-2024-13236,2024-10-17,CUST-1039,Emma Watson 58,Corporate,Asia Pacific,Singapore,Technology,Printers,10523.2,8,0.0,1917.69
ORD-2024-13237,2024-03-19,CUST-1052,Benjamin Anderson 1,Corporate,Asia Pacific,Australia,Furniture,Tables,1092.93,3,0.15,155.29
ORD-2024-13238,2024-03-10,CUST-1082,Olivia Brown 94,Consumer,North America,Canada,Office Supplies,Appliances,395.14,3,0.2,110.77
ORD-2024-13239,2024-10-15,CUST-1142,Mia Martinez 31,Corporate,Latin America,Brazil,Furniture,Desks,1955.29,4,0.05,343.59
ORD-2024-13240,2024-06-22,CUST-1120,Alex Rivera 21,Home Office,Asia Pacific,Japan,Office Supplies,Binders,725.59,7,0.3,237.35
ORD-2024-13241,2024-12-31,CUST-1135,Noah Davis 99,Corporate,Asia Pacific,Singapore,Furniture,Desks,1785.6,4,0.2,288.28
ORD-2024-13242,2024-06-12,CUST-1100,Sophia Wilson 17,Home Office,Europe,Italy,Technology,Monitors,5492.51,7,0.3,1447.24
ORD-2024-13243,2024-03-26,CUST-1039,Mia Martinez 32,Corporate,Europe,United Kingdom,Furniture,Chairs,1470.9,3,0.35,-73.55
ORD-2024-13244,2024-07-29,CUST-1108,Olivia Brown 32,Corporate,North America,United States,Furniture,Desks,582.61,7,0.3,52.0
ORD-2024-13245,2025-03-27,CUST-1087,Liam Smith 54,Consumer,Latin America,Brazil,Office Supplies,Appliances,420.66,4,0.05,130.12
ORD-2024-13246,2024-01-17,CUST-1072,Noah Davis 35,Corporate,Asia Pacific,Japan,Office Supplies,Storage,279.35,5,0.05,62.91
ORD-2024-13247,2024-02-23,CUST-1119,Sophia Wilson 34,Home Office,Asia Pacific,Singapore,Office Supplies,Storage,592.47,5,0.05,254.52
ORD-2024-13248,2024-02-11,CUST-1141,Benjamin Anderson 92,Corporate,Europe,France,Furniture,Desks,2575.5,6,0.0,211.92
ORD-2024-13249,2024-02-26,CUST-1031,James Taylor 35,Corporate,Europe,France,Office Supplies,Art,601.84,8,0.05,166.08
ORD-2024-13250,2025-01-07,CUST-1052,Sophia Wilson 28,Home Office,Latin America,Mexico,Office Supplies,Appliances,1167.82,6,0.05,532.78
ORD-2024-13251,2024-02-01,CUST-1118,Sophia Wilson 16,Corporate,Asia Pacific,Japan,Office Supplies,Binders,1379.78,8,0.2,349.4
ORD-2024-13252,2024-12-17,CUST-1060,Alex Rivera 44,Corporate,Europe,France,Furniture,Desks,558.76,1,0.3,84.17
ORD-2024-13253,2024-03-12,CUST-1064,James Taylor 39,Consumer,Latin America,Chile,Office Supplies,Art,1118.82,5,0.05,473.75
ORD-2024-13254,2025-02-22,CUST-1018,Noah Davis 81,Corporate,North America,Canada,Furniture,Furnishings,290.65,1,0.15,61.56
ORD-2024-13255,2024-10-31,CUST-1105,Olivia Brown 96,Corporate,Asia Pacific,Japan,Technology,Smartphones,5227.52,8,0.2,2033.18
ORD-2024-13256,2024-11-17,CUST-1009,James Taylor 44,Consumer,Latin America,Brazil,Furniture,Tables,112.64,1,0.0,8.05
ORD-2024-13257,2024-03-25,CUST-1081,Alex Rivera 18,Home Office,Europe,Germany,Furniture,Chairs,166.53,5,0.35,-8.33
ORD-2024-13258,2024-09-03,CUST-1042,Benjamin Anderson 80,Home Office,Latin America,Chile,Technology,Laptops,720.6,3,0.0,207.93
ORD-2024-13259,2025-03-30,CUST-1020,Noah Davis 96,Home Office,Asia Pacific,Australia,Furniture,Chairs,4092.71,7,0.15,710.4
ORD-2024-13260,2025-02-20,CUST-1115,Benjamin Anderson 34,Consumer,North America,United States,Office Supplies,Paper,353.79,5,0.1,85.24
ORD-2024-13261,2024-07-19,CUST-1003,Mia Martinez 29,Corporate,Europe,United Kingdom,Office Supplies,Appliances,322.24,2,0.3,159.16
ORD-2024-13262,2024-10-23,CUST-1094,Liam Smith 67,Home Office,Asia Pacific,Singapore,Furniture,Bookcases,3622.72,7,0.05,829.89
ORD-2024-13263,2025-04-04,CUST-1125,Charlotte Thomas 65,Consumer,Europe,Germany,Furniture,Bookcases,2375.41,8,0.3,508.72
ORD-2024-13264,2024-11-24,CUST-1136,Olivia Brown 50,Corporate,Latin America,Brazil,Furniture,Bookcases,1179.84,2,0.0,146.06
ORD-2024-13265,2024-04-21,CUST-1069,Benjamin Anderson 14,Corporate,North America,Canada,Technology,Monitors,572.62,4,0.1,225.19
ORD-2024-13266,2024-08-10,CUST-1006,Liam Smith 68,Corporate,Latin America,Chile,Office Supplies,Art,89.7,1,0.2,29.22
ORD-2024-13267,2024-07-01,CUST-1078,Mia Martinez 51,Consumer,Latin America,Mexico,Technology,Laptops,325.82,2,0.2,72.57
ORD-2024-13268,2024-07-18,CUST-1042,Liam Smith 49,Corporate,Asia Pacific,Japan,Office Supplies,Paper,594.94,3,0.1,180.61
ORD-2024-13269,2024-05-30,CUST-1015,Benjamin Anderson 45,Home Office,Europe,France,Furniture,Bookcases,621.81,3,0.1,110.8
ORD-2024-13270,2024-08-28,CUST-1116,Charlotte Thomas 43,Consumer,Latin America,Chile,Furniture,Bookcases,3213.41,6,0.15,736.55
ORD-2024-13271,2024-09-05,CUST-1064,Benjamin Anderson 96,Home Office,Asia Pacific,Australia,Furniture,Chairs,746.97,6,0.3,119.64
ORD-2024-13272,2024-05-28,CUST-1107,Mia Martinez 76,Home Office,North America,United States,Office Supplies,Art,579.41,3,0.05,263.96
ORD-2024-13273,2024-10-28,CUST-1044,Charlotte Thomas 36,Home Office,Latin America,Mexico,Technology,Laptops,7121.44,7,0.15,1521.84
ORD-2024-13274,2025-03-23,CUST-1149,Charlotte Thomas 79,Consumer,Europe,Germany,Technology,Monitors,365.29,1,0.35,-18.26
ORD-2024-13275,2024-10-13,CUST-1067,Emma Watson 44,Home Office,North America,United States,Furniture,Desks,1841.81,6,0.15,419.54
ORD-2024-13276,2024-04-23,CUST-1139,Sophia Wilson 9,Home Office,Europe,Italy,Furniture,Tables,3300.7,6,0.05,571.04
ORD-2024-13277,2024-08-01,CUST-1018,Noah Davis 17,Home Office,Latin America,Chile,Technology,Smartphones,2650.44,6,0.05,412.42
ORD-2024-13278,2025-02-08,CUST-1062,Olivia Brown 34,Corporate,North America,United States,Office Supplies,Appliances,984.66,8,0.05,329.51
ORD-2024-13279,2024-09-23,CUST-1045,James Taylor 45,Home Office,Europe,United Kingdom,Office Supplies,Appliances,27.8,2,0.3,13.52
ORD-2024-13280,2024-02-03,CUST-1123,Emma Watson 50,Consumer,Europe,United Kingdom,Office Supplies,Binders,133.27,6,0.1,37.9
ORD-2024-13281,2024-09-27,CUST-1077,Olivia Brown 54,Home Office,Latin America,Brazil,Office Supplies,Binders,689.92,4,0.0,184.04
ORD-2024-13282,2025-04-11,CUST-1141,Benjamin Anderson 7,Home Office,Europe,Germany,Technology,Monitors,2506.26,7,0.15,830.12
ORD-2024-13283,2025-01-05,CUST-1105,Mia Martinez 59,Corporate,Latin America,Brazil,Furniture,Bookcases,4242.72,8,0.15,476.16
ORD-2024-13284,2024-06-27,CUST-1076,Sophia Wilson 80,Consumer,Europe,France,Office Supplies,Paper,746.75,5,0.05,229.6
ORD-2024-13285,2025-01-13,CUST-1028,Emma Watson 7,Consumer,Latin America,Chile,Technology,Monitors,2004.46,4,0.05,712.88
ORD-2024-13286,2024-10-02,CUST-1034,Olivia Brown 89,Consumer,Europe,Germany,Technology,Accessories,1878.8,2,0.1,739.22
ORD-2024-13287,2024-09-23,CUST-1080,Sophia Wilson 96,Consumer,Latin America,Brazil,Technology,Printers,2896.54,7,0.05,1013.99
ORD-2024-13288,2024-08-04,CUST-1003,James Taylor 57,Corporate,North America,Canada,Office Supplies,Paper,851.04,5,0.1,378.28
ORD-2024-13289,2024-09-01,CUST-1111,Liam Smith 14,Corporate,Asia Pacific,Australia,Office Supplies,Storage,944.27,8,0.3,437.79
ORD-2024-13290,2025-04-01,CUST-1148,Mia Martinez 32,Consumer,Europe,Italy,Furniture,Chairs,1925.71,6,0.15,449.93
ORD-2024-13291,2024-06-25,CUST-1042,Alex Rivera 21,Consumer,Asia Pacific,Australia,Furniture,Tables,1691.04,3,0.1,269.28
ORD-2024-13292,2024-10-01,CUST-1067,Benjamin Anderson 99,Home Office,North America,Canada,Office Supplies,Storage,1168.21,7,0.3,487.81
ORD-2024-13293,2024-11-15,CUST-1149,Emma Watson 96,Home Office,Asia Pacific,Singapore,Furniture,Bookcases,5032.63,7,0.1,1024.1
ORD-2024-13294,2024-03-14,CUST-1060,Charlotte Thomas 1,Consumer,Asia Pacific,Japan,Furniture,Desks,582.48,3,0.3,90.44
ORD-2024-13295,2024-09-10,CUST-1137,Sophia Wilson 43,Corporate,Latin America,Brazil,Technology,Monitors,5855.04,8,0.2,1884.58
ORD-2024-13296,2025-01-26,CUST-1011,Emma Watson 88,Corporate,Latin America,Mexico,Technology,Monitors,3550.55,4,0.15,967.61
ORD-2024-13297,2025-01-23,CUST-1087,Alex Rivera 96,Consumer,North America,United States,Office Supplies,Storage,1154.98,8,0.15,542.95
ORD-2024-13298,2024-01-17,CUST-1126,Olivia Brown 35,Home Office,Latin America,Brazil,Office Supplies,Binders,67.26,2,0.05,26.84
ORD-2024-13299,2024-01-07,CUST-1124,Charlotte Thomas 80,Consumer,North America,Canada,Furniture,Bookcases,1048.23,3,0.15,124.8
ORD-2024-13300,2024-11-27,CUST-1045,Benjamin Anderson 92,Home Office,Europe,United Kingdom,Office Supplies,Art,765.42,6,0.0,373.4
ORD-2024-13301,2024-12-14,CUST-1013,James Taylor 51,Home Office,North America,Canada,Furniture,Tables,714.74,6,0.1,155.22
ORD-2024-13302,2024-12-12,CUST-1106,Emma Watson 54,Corporate,Asia Pacific,Japan,Office Supplies,Binders,377.2,4,0.15,103.83
ORD-2024-13303,2024-11-23,CUST-1003,Sophia Wilson 73,Corporate,Asia Pacific,Japan,Office Supplies,Art,72.16,2,0.05,18.91
ORD-2024-13304,2024-06-20,CUST-1106,Olivia Brown 24,Consumer,Asia Pacific,Singapore,Technology,Monitors,1629.6,7,0.2,409.07
ORD-2024-13305,2024-10-30,CUST-1032,Emma Watson 19,Home Office,Latin America,Chile,Furniture,Bookcases,2623.77,7,0.2,386.26
ORD-2024-13306,2024-06-04,CUST-1134,Mia Martinez 74,Home Office,Latin America,Chile,Technology,Smartphones,3567.0,4,0.0,844.94
ORD-2024-13307,2024-09-10,CUST-1013,Noah Davis 91,Consumer,Latin America,Chile,Technology,Laptops,1975.26,2,0.15,419.96
ORD-2024-13308,2024-04-30,CUST-1001,Emma Watson 18,Corporate,Asia Pacific,India,Office Supplies,Paper,242.99,7,0.05,119.53
ORD-2024-13309,2025-01-20,CUST-1023,Charlotte Thomas 65,Corporate,Europe,Spain,Office Supplies,Paper,885.57,6,0.3,269.01
ORD-2024-13310,2025-02-19,CUST-1099,Alex Rivera 54,Consumer,Europe,United Kingdom,Technology,Printers,2069.17,7,0.15,416.98
ORD-2024-13311,2025-01-12,CUST-1090,Mia Martinez 59,Corporate,Latin America,Chile,Office Supplies,Storage,249.45,5,0.0,50.03
ORD-2024-13312,2024-06-01,CUST-1002,Alex Rivera 28,Home Office,Europe,Spain,Technology,Smartphones,1051.81,3,0.1,359.45
ORD-2024-13313,2024-03-30,CUST-1113,Noah Davis 89,Corporate,Europe,France,Technology,Laptops,5449.13,7,0.35,-272.46
ORD-2024-13314,2024-09-20,CUST-1038,Alex Rivera 32,Home Office,North America,Canada,Office Supplies,Appliances,592.38,7,0.05,236.0
ORD-2024-13315,2024-10-14,CUST-1085,Olivia Brown 84,Home Office,North America,United States,Technology,Laptops,1349.07,2,0.15,365.74
ORD-2024-13316,2024-11-04,CUST-1007,Olivia Brown 82,Corporate,Latin America,Mexico,Furniture,Desks,1462.89,5,0.15,124.4
ORD-2024-13317,2024-02-07,CUST-1063,Liam Smith 54,Corporate,Asia Pacific,Singapore,Technology,Laptops,2339.14,8,0.2,379.67
ORD-2024-13318,2024-03-29,CUST-1071,Alex Rivera 29,Corporate,Asia Pacific,Australia,Furniture,Desks,769.61,2,0.3,69.4
ORD-2024-13319,2024-12-29,CUST-1064,Sophia Wilson 17,Home Office,Latin America,Chile,Furniture,Tables,621.95,2,0.2,109.63
ORD-2024-13320,2024-01-25,CUST-1063,Alex Rivera 48,Corporate,Latin America,Chile,Technology,Printers,2522.83,3,0.3,919.65
ORD-2024-13321,2024-07-22,CUST-1084,Liam Smith 37,Home Office,Asia Pacific,Japan,Office Supplies,Storage,154.85,4,0.2,54.33
ORD-2024-13322,2024-03-27,CUST-1001,Emma Watson 42,Consumer,Asia Pacific,India,Furniture,Tables,684.46,2,0.05,88.97
ORD-2024-13323,2024-02-13,CUST-1104,Sophia Wilson 57,Corporate,Asia Pacific,Australia,Office Supplies,Binders,1680.77,7,0.0,759.55
ORD-2024-13324,2024-12-01,CUST-1083,Noah Davis 91,Home Office,North America,United States,Office Supplies,Storage,579.44,5,0.2,251.25
ORD-2024-13325,2024-04-07,CUST-1065,Sophia Wilson 59,Corporate,Latin America,Mexico,Technology,Laptops,8721.4,7,0.1,2671.66
ORD-2024-13326,2024-01-09,CUST-1008,Charlotte Thomas 12,Home Office,Asia Pacific,Singapore,Office Supplies,Art,717.29,4,0.05,347.04
ORD-2024-13327,2024-10-15,CUST-1093,Charlotte Thomas 97,Consumer,Latin America,Brazil,Technology,Monitors,2256.97,2,0.05,698.03
ORD-2024-13328,2024-01-16,CUST-1106,James Taylor 14,Home Office,Asia Pacific,Australia,Furniture,Chairs,3706.24,8,0.2,216.14
ORD-2024-13329,2025-04-24,CUST-1112,Liam Smith 1,Home Office,Europe,Germany,Technology,Laptops,1723.64,2,0.0,326.61
ORD-2024-13330,2025-01-23,CUST-1147,Charlotte Thomas 55,Corporate,Latin America,Mexico,Technology,Printers,297.09,1,0.05,92.61
ORD-2024-13331,2024-04-24,CUST-1075,Noah Davis 65,Consumer,Latin America,Mexico,Furniture,Tables,81.15,2,0.2,14.26
ORD-2024-13332,2024-01-02,CUST-1088,James Taylor 85,Corporate,Latin America,Mexico,Technology,Monitors,5275.28,8,0.0,1210.21
ORD-2024-13333,2024-07-19,CUST-1115,Olivia Brown 77,Consumer,North America,Canada,Furniture,Furnishings,292.84,6,0.1,72.49
ORD-2024-13334,2025-04-02,CUST-1140,Benjamin Anderson 64,Home Office,Europe,Germany,Furniture,Furnishings,4346.05,7,0.2,325.53
ORD-2024-13335,2025-03-11,CUST-1041,Sophia Wilson 28,Consumer,Europe,Italy,Technology,Printers,5785.55,7,0.35,-289.28
ORD-2024-13336,2024-09-10,CUST-1130,Alex Rivera 88,Consumer,Asia Pacific,Japan,Furniture,Chairs,2920.0,5,0.15,217.34
ORD-2024-13337,2024-06-10,CUST-1119,Alex Rivera 6,Consumer,North America,United States,Technology,Printers,2039.47,6,0.1,506.04
ORD-2024-13338,2025-04-14,CUST-1059,Noah Davis 94,Corporate,Asia Pacific,Australia,Furniture,Furnishings,179.18,1,0.2,30.62
ORD-2024-13339,2024-02-23,CUST-1053,Emma Watson 74,Home Office,Asia Pacific,India,Furniture,Chairs,1328.28,3,0.0,119.84
ORD-2024-13340,2024-01-07,CUST-1089,Noah Davis 17,Home Office,Asia Pacific,Australia,Furniture,Chairs,121.29,1,0.05,24.4
ORD-2024-13341,2024-11-03,CUST-1076,Alex Rivera 74,Corporate,Europe,Italy,Furniture,Chairs,3212.5,6,0.2,448.77
ORD-2024-13342,2024-11-15,CUST-1009,Olivia Brown 98,Consumer,Europe,Italy,Office Supplies,Art,1176.74,8,0.15,536.33
ORD-2024-13343,2024-01-19,CUST-1099,Liam Smith 94,Home Office,Asia Pacific,Japan,Technology,Accessories,331.87,4,0.2,100.55
ORD-2024-13344,2025-05-13,CUST-1120,Benjamin Anderson 28,Home Office,Latin America,Mexico,Furniture,Desks,105.62,2,0.2,9.43
ORD-2024-13345,2024-05-02,CUST-1041,Charlotte Thomas 86,Consumer,Latin America,Chile,Technology,Laptops,4165.96,7,0.05,1155.84
ORD-2024-13346,2025-03-25,CUST-1001,Mia Martinez 16,Corporate,Asia Pacific,Japan,Office Supplies,Storage,152.52,4,0.0,34.06
ORD-2024-13347,2024-08-28,CUST-1130,James Taylor 8,Corporate,Latin America,Mexico,Furniture,Tables,881.94,3,0.3,182.07
ORD-2024-13348,2025-02-20,CUST-1143,Benjamin Anderson 78,Consumer,North America,United States,Technology,Laptops,6001.56,8,0.1,2106.29
ORD-2024-13349,2024-05-18,CUST-1008,Sophia Wilson 65,Home Office,Europe,United Kingdom,Office Supplies,Paper,51.18,1,0.15,16.96
ORD-2024-13350,2024-09-28,CUST-1123,Emma Watson 77,Home Office,Europe,France,Office Supplies,Art,430.87,3,0.15,128.01
ORD-2024-13351,2025-01-19,CUST-1119,Emma Watson 25,Corporate,Asia Pacific,India,Furniture,Bookcases,802.91,2,0.3,159.8
ORD-2024-13352,2024-06-10,CUST-1058,Mia Martinez 46,Consumer,Asia Pacific,India,Office Supplies,Storage,851.93,5,0.3,377.63
ORD-2024-13353,2025-02-25,CUST-1132,Benjamin Anderson 19,Corporate,Europe,Spain,Office Supplies,Appliances,103.34,1,0.3,24.16
ORD-2024-13354,2024-09-23,CUST-1093,Emma Watson 98,Consumer,North America,Canada,Office Supplies,Art,472.42,4,0.05,171.5
ORD-2024-13355,2024-06-25,CUST-1019,Sophia Wilson 59,Corporate,Asia Pacific,India,Furniture,Chairs,375.73,1,0.3,49.87
ORD-2024-13356,2025-03-19,CUST-1136,Alex Rivera 78,Home Office,Europe,Italy,Office Supplies,Binders,645.32,4,0.35,-32.27
ORD-2024-13357,2024-12-25,CUST-1015,Liam Smith 98,Corporate,Asia Pacific,India,Technology,Laptops,4861.04,5,0.3,1635.19
ORD-2024-13358,2024-06-25,CUST-1096,Olivia Brown 89,Consumer,Europe,Italy,Office Supplies,Binders,391.08,6,0.05,110.94
ORD-2024-13359,2024-06-13,CUST-1115,Alex Rivera 44,Consumer,Asia Pacific,Singapore,Office Supplies,Art,547.69,3,0.15,141.15
ORD-2024-13360,2024-10-05,CUST-1001,Olivia Brown 22,Corporate,Europe,Spain,Technology,Printers,1571.66,7,0.05,516.78
ORD-2024-13361,2024-12-18,CUST-1130,James Taylor 75,Corporate,Asia Pacific,India,Furniture,Desks,2140.63,4,0.3,307.99
ORD-2024-13362,2024-04-17,CUST-1142,Sophia Wilson 84,Corporate,Latin America,Chile,Furniture,Desks,575.86,2,0.2,142.91
ORD-2024-13363,2024-04-06,CUST-1031,Charlotte Thomas 20,Consumer,Asia Pacific,Japan,Office Supplies,Binders,889.05,4,0.05,313.95
ORD-2024-13364,2024-12-22,CUST-1000,James Taylor 24,Corporate,Europe,Italy,Furniture,Chairs,3961.33,6,0.1,468.8
ORD-2024-13365,2024-05-22,CUST-1016,Benjamin Anderson 79,Consumer,Asia Pacific,Australia,Technology,Accessories,1109.1,1,0.05,262.62
ORD-2024-13366,2024-04-25,CUST-1007,Olivia Brown 21,Home Office,Europe,Spain,Furniture,Desks,1179.16,5,0.2,61.1
ORD-2024-13367,2024-08-16,CUST-1148,Benjamin Anderson 49,Corporate,Latin America,Brazil,Furniture,Furnishings,2391.98,7,0.3,186.23
ORD-2024-13368,2024-04-09,CUST-1037,Sophia Wilson 8,Home Office,Latin America,Brazil,Office Supplies,Art,1161.42,6,0.15,334.08
ORD-2024-13369,2024-11-16,CUST-1053,Noah Davis 57,Corporate,North America,United States,Technology,Smartphones,4314.24,6,0.2,1121.01
ORD-2024-13370,2024-09-23,CUST-1074,James Taylor 60,Home Office,Europe,Spain,Technology,Smartphones,2572.84,4,0.0,933.9
ORD-2024-13371,2024-05-30,CUST-1099,Alex Rivera 14,Corporate,Europe,Spain,Technology,Monitors,4456.15,4,0.05,1449.36
ORD-2024-13372,2024-07-26,CUST-1079,Charlotte Thomas 7,Home Office,Asia Pacific,India,Furniture,Furnishings,187.94,2,0.15,39.73
ORD-2024-13373,2024-05-02,CUST-1065,Olivia Brown 88,Consumer,Europe,Germany,Technology,Smartphones,2146.18,4,0.15,553.46
ORD-2024-13374,2025-01-19,CUST-1036,Benjamin Anderson 36,Corporate,Asia Pacific,Singapore,Technology,Accessories,5840.47,6,0.15,1774.51
ORD-2024-13375,2025-04-19,CUST-1096,Liam Smith 21,Home Office,Asia Pacific,Japan,Technology,Smartphones,5643.82,7,0.0,897.91
ORD-2024-13376,2025-01-09,CUST-1106,Alex Rivera 95,Home Office,North America,United States,Furniture,Chairs,190.5,1,0.3,13.48
ORD-2024-13377,2024-05-14,CUST-1085,Olivia Brown 66,Home Office,North America,Canada,Technology,Accessories,402.89,1,0.15,99.6
ORD-2024-13378,2024-09-08,CUST-1139,Benjamin Anderson 37,Corporate,Latin America,Brazil,Technology,Smartphones,656.84,1,0.05,248.15
ORD-2024-13379,2024-05-20,CUST-1039,Olivia Brown 68,Home Office,Europe,France,Furniture,Bookcases,582.55,1,0.15,38.01
ORD-2024-13380,2024-02-04,CUST-1003,Mia Martinez 97,Consumer,Asia Pacific,Japan,Technology,Laptops,917.05,1,0.1,283.99
ORD-2024-13381,2025-01-18,CUST-1007,James Taylor 56,Corporate,North America,Canada,Office Supplies,Storage,185.25,4,0.3,48.12
ORD-2024-13382,2024-03-03,CUST-1127,Emma Watson 33,Corporate,Asia Pacific,Singapore,Furniture,Chairs,480.68,3,0.1,96.5
ORD-2024-13383,2024-10-23,CUST-1045,Liam Smith 1,Consumer,North America,Canada,Office Supplies,Binders,122.04,6,0.05,28.46
ORD-2024-13384,2024-08-13,CUST-1100,Benjamin Anderson 1,Consumer,Europe,Spain,Office Supplies,Art,44.91,1,0.1,19.21
ORD-2024-13385,2024-09-01,CUST-1058,Liam Smith 36,Home Office,North America,United States,Office Supplies,Storage,188.36,4,0.3,80.08
ORD-2024-13386,2024-07-06,CUST-1011,Liam Smith 63,Corporate,Latin America,Brazil,Technology,Monitors,1831.95,5,0.1,296.44
ORD-2024-13387,2025-04-12,CUST-1059,Mia Martinez 83,Corporate,Asia Pacific,Singapore,Technology,Monitors,4319.32,5,0.05,1558.17
ORD-2024-13388,2024-10-14,CUST-1091,Benjamin Anderson 3,Consumer,Europe,Germany,Office Supplies,Art,294.73,2,0.1,108.16
ORD-2024-13389,2024-12-01,CUST-1062,Liam Smith 76,Home Office,North America,Canada,Technology,Accessories,5123.76,5,0.3,1423.33
ORD-2024-13390,2024-09-10,CUST-1027,Sophia Wilson 75,Consumer,Asia Pacific,Japan,Office Supplies,Binders,1555.23,8,0.15,390.55
ORD-2024-13391,2024-01-31,CUST-1013,Mia Martinez 33,Corporate,Asia Pacific,India,Office Supplies,Binders,248.74,2,0.15,59.07
ORD-2024-13392,2025-04-26,CUST-1064,Alex Rivera 4,Consumer,Asia Pacific,Singapore,Furniture,Furnishings,2238.8,5,0.2,289.31
ORD-2024-13393,2024-12-11,CUST-1124,Olivia Brown 62,Corporate,Asia Pacific,India,Furniture,Tables,5770.07,8,0.05,541.37
ORD-2024-13394,2024-07-12,CUST-1014,Noah Davis 61,Corporate,North America,United States,Technology,Monitors,218.49,1,0.05,56.61
ORD-2024-13395,2024-10-31,CUST-1053,Benjamin Anderson 82,Consumer,Asia Pacific,Australia,Office Supplies,Appliances,144.04,1,0.1,38.14
ORD-2024-13396,2024-05-06,CUST-1093,Emma Watson 52,Consumer,Europe,Spain,Office Supplies,Storage,906.91,8,0.1,217.4
ORD-2024-13397,2025-04-15,CUST-1110,James Taylor 72,Corporate,North America,United States,Office Supplies,Paper,669.73,7,0.15,239.07
ORD-2024-13398,2024-08-23,CUST-1080,Liam Smith 34,Home Office,North America,United States,Furniture,Desks,1974.15,5,0.05,339.48
ORD-2024-13399,2025-03-26,CUST-1131,Olivia Brown 97,Home Office,Europe,Germany,Technology,Monitors,4536.79,6,0.35,-226.84
ORD-2024-13400,2024-03-10,CUST-1101,Alex Rivera 67,Home Office,Asia Pacific,Australia,Technology,Monitors,9304.15,8,0.05,2070.82
ORD-2024-13401,2025-03-18,CUST-1007,Emma Watson 11,Corporate,Latin America,Chile,Furniture,Tables,2742.99,5,0.3,405.66
ORD-2024-13402,2024-12-10,CUST-1115,Mia Martinez 5,Corporate,North America,Canada,Furniture,Furnishings,454.0,5,0.1,97.42
ORD-2024-13403,2024-07-18,CUST-1086,Charlotte Thomas 62,Corporate,Europe,Italy,Furniture,Chairs,444.39,1,0.3,40.05
ORD-2024-13404,2024-12-17,CUST-1064,Alex Rivera 44,Corporate,Europe,Spain,Office Supplies,Appliances,26.54,1,0.2,12.2
ORD-2024-13405,2024-01-11,CUST-1075,Emma Watson 91,Home Office,Latin America,Mexico,Furniture,Furnishings,2117.4,4,0.0,306.52
ORD-2024-13406,2024-12-31,CUST-1041,Emma Watson 88,Home Office,Latin America,Chile,Furniture,Chairs,3125.19,7,0.2,523.9
ORD-2024-13407,2024-07-17,CUST-1081,Benjamin Anderson 60,Consumer,Europe,Spain,Technology,Accessories,2327.48,2,0.0,502.56
ORD-2024-13408,2025-03-15,CUST-1084,Mia Martinez 72,Home Office,Latin America,Mexico,Technology,Laptops,3509.8,8,0.3,666.7
ORD-2024-13409,2025-03-01,CUST-1017,Benjamin Anderson 19,Home Office,North America,United States,Furniture,Furnishings,2174.93,6,0.3,180.35
ORD-2024-13410,2024-10-22,CUST-1149,Emma Watson 80,Corporate,North America,Canada,Technology,Accessories,5626.21,6,0.1,1115.82
ORD-2024-13411,2024-12-31,CUST-1058,Alex Rivera 91,Corporate,Europe,Spain,Furniture,Desks,772.09,6,0.1,125.93
ORD-2024-13412,2025-05-12,CUST-1126,Alex Rivera 64,Consumer,Latin America,Chile,Furniture,Bookcases,829.04,2,0.1,165.76
ORD-2024-13413,2024-01-02,CUST-1001,Alex Rivera 96,Home Office,Asia Pacific,Japan,Furniture,Bookcases,1019.5,3,0.05,208.84
ORD-2024-13414,2024-03-03,CUST-1013,James Taylor 40,Consumer,Latin America,Chile,Furniture,Desks,1391.46,3,0.05,273.55
ORD-2024-13415,2024-09-14,CUST-1084,Noah Davis 20,Corporate,Europe,France,Furniture,Furnishings,1575.15,3,0.1,114.96
ORD-2024-13416,2025-03-12,CUST-1122,Olivia Brown 53,Corporate,Asia Pacific,Singapore,Furniture,Bookcases,2761.92,8,0.2,526.01
ORD-2024-13417,2025-04-26,CUST-1062,Mia Martinez 9,Consumer,Asia Pacific,Australia,Office Supplies,Binders,80.84,1,0.15,32.98
ORD-2024-13418,2024-09-10,CUST-1117,Emma Watson 72,Corporate,Europe,Spain,Technology,Smartphones,2114.45,4,0.3,327.75
ORD-2024-13419,2024-02-01,CUST-1040,Sophia Wilson 49,Consumer,North America,Canada,Technology,Laptops,6656.85,7,0.3,1658.96
ORD-2024-13420,2024-09-10,CUST-1119,Sophia Wilson 19,Corporate,North America,Canada,Technology,Laptops,10652.08,8,0.0,2767.09
ORD-2024-13421,2024-04-19,CUST-1083,Alex Rivera 53,Corporate,Europe,Spain,Technology,Monitors,772.37,1,0.3,172.65
ORD-2024-13422,2024-09-19,CUST-1140,Emma Watson 63,Home Office,Latin America,Mexico,Furniture,Desks,1911.71,3,0.15,108.83
ORD-2024-13423,2025-01-12,CUST-1089,Noah Davis 32,Consumer,Latin America,Chile,Technology,Monitors,742.81,5,0.15,162.06
ORD-2024-13424,2024-09-04,CUST-1032,Sophia Wilson 54,Consumer,Asia Pacific,India,Furniture,Furnishings,117.73,1,0.3,10.69
ORD-2024-13425,2024-11-13,CUST-1005,James Taylor 89,Consumer,Asia Pacific,Singapore,Technology,Laptops,1211.97,2,0.05,259.78
ORD-2024-13426,2024-12-25,CUST-1120,Olivia Brown 12,Consumer,Europe,Germany,Office Supplies,Art,607.67,7,0.15,298.39
ORD-2024-13427,2024-05-26,CUST-1001,Sophia Wilson 30,Home Office,Europe,France,Technology,Smartphones,5947.65,7,0.2,1304.83
ORD-2024-13428,2024-06-20,CUST-1057,Liam Smith 65,Home Office,Latin America,Brazil,Furniture,Furnishings,2635.92,6,0.2,600.71
ORD-2024-13429,2024-05-02,CUST-1132,Alex Rivera 43,Corporate,Europe,United Kingdom,Technology,Laptops,3948.74,8,0.2,1339.82
ORD-2024-13430,2025-04-12,CUST-1143,James Taylor 38,Corporate,Asia Pacific,Singapore,Technology,Printers,473.0,2,0.0,123.04
ORD-2024-13431,2025-01-11,CUST-1089,Sophia Wilson 64,Consumer,Asia Pacific,Australia,Office Supplies,Storage,104.55,7,0.2,36.36
ORD-2024-13432,2025-02-12,CUST-1068,Noah Davis 12,Consumer,Europe,France,Office Supplies,Appliances,734.07,7,0.3,184.99
ORD-2024-13433,2025-04-23,CUST-1081,Benjamin Anderson 51,Home Office,Europe,Spain,Technology,Accessories,588.08,1,0.15,183.5
ORD-2024-13434,2024-06-20,CUST-1088,Emma Watson 47,Consumer,Latin America,Chile,Furniture,Bookcases,362.68,4,0.15,81.78
ORD-2024-13435,2024-05-08,CUST-1085,Olivia Brown 9,Consumer,Latin America,Brazil,Furniture,Bookcases,3146.06,6,0.2,564.0
ORD-2024-13436,2024-12-08,CUST-1016,Charlotte Thomas 64,Corporate,Europe,Germany,Technology,Accessories,1142.35,2,0.15,250.53
ORD-2024-13437,2024-07-11,CUST-1019,Sophia Wilson 20,Home Office,Latin America,Mexico,Technology,Laptops,2590.6,3,0.3,900.79
ORD-2024-13438,2025-04-07,CUST-1115,Alex Rivera 95,Home Office,North America,United States,Technology,Accessories,1576.62,2,0.05,466.23
ORD-2024-13439,2024-08-14,CUST-1018,Charlotte Thomas 72,Home Office,Asia Pacific,Japan,Office Supplies,Appliances,1050.37,5,0.05,351.07
ORD-2024-13440,2025-02-08,CUST-1077,Benjamin Anderson 86,Home Office,North America,United States,Furniture,Furnishings,529.88,4,0.0,103.63
ORD-2024-13441,2024-09-23,CUST-1004,Sophia Wilson 66,Home Office,North America,Canada,Office Supplies,Appliances,36.05,2,0.1,7.38
ORD-2024-13442,2024-04-20,CUST-1072,Alex Rivera 44,Consumer,North America,United States,Furniture,Tables,2828.52,4,0.1,682.92
ORD-2024-13443,2024-09-22,CUST-1110,Charlotte Thomas 76,Consumer,Europe,Germany,Technology,Smartphones,1221.02,7,0.2,275.79
ORD-2024-13444,2024-01-12,CUST-1035,Emma Watson 21,Corporate,Latin America,Mexico,Furniture,Bookcases,300.47,2,0.05,57.43
ORD-2024-13445,2025-01-05,CUST-1088,Charlotte Thomas 68,Consumer,Latin America,Brazil,Technology,Printers,4967.64,5,0.2,1377.59
ORD-2024-13446,2024-10-13,CUST-1067,Charlotte Thomas 89,Home Office,Asia Pacific,Japan,Technology,Printers,259.17,3,0.0,54.73
ORD-2024-13447,2024-02-10,CUST-1066,James Taylor 48,Corporate,Asia Pacific,India,Office Supplies,Paper,1210.61,7,0.1,420.43
ORD-2024-13448,2025-03-16,CUST-1131,Emma Watson 28,Consumer,Asia Pacific,Singapore,Technology,Accessories,2607.38,7,0.1,814.31
ORD-2024-13449,2024-07-22,CUST-1069,Sophia Wilson 6,Home Office,Latin America,Brazil,Office Supplies,Appliances,838.28,4,0.05,361.01
ORD-2024-13450,2025-03-09,CUST-1057,Alex Rivera 61,Consumer,Asia Pacific,India,Furniture,Bookcases,307.33,3,0.15,21.44
ORD-2024-13451,2024-04-21,CUST-1145,Sophia Wilson 47,Corporate,Asia Pacific,Singapore,Office Supplies,Art,26.92,1,0.3,7.99
ORD-2024-13452,2024-09-15,CUST-1051,Charlotte Thomas 32,Corporate,North America,United States,Furniture,Bookcases,2494.32,5,0.05,461.61
ORD-2024-13453,2024-08-30,CUST-1131,Benjamin Anderson 46,Home Office,North America,United States,Technology,Printers,4839.49,6,0.15,1467.85
ORD-2024-13454,2024-04-01,CUST-1094,Charlotte Thomas 54,Consumer,Latin America,Mexico,Office Supplies,Binders,242.65,7,0.2,65.71
ORD-2024-13455,2025-02-16,CUST-1044,Mia Martinez 44,Consumer,Asia Pacific,Japan,Office Supplies,Binders,848.5,6,0.1,331.28
ORD-2024-13456,2024-08-28,CUST-1143,Alex Rivera 21,Consumer,North America,United States,Furniture,Tables,93.92,1,0.15,7.14
ORD-2024-13457,2024-05-31,CUST-1092,Alex Rivera 18,Home Office,Latin America,Chile,Office Supplies,Storage,267.08,4,0.1,106.85
ORD-2024-13458,2024-05-22,CUST-1024,Noah Davis 90,Consumer,North America,United States,Office Supplies,Binders,153.19,4,0.3,62.82
ORD-2024-13459,2025-02-27,CUST-1135,James Taylor 85,Home Office,Latin America,Mexico,Office Supplies,Paper,1093.78,7,0.3,378.34
ORD-2024-13460,2025-01-16,CUST-1065,Mia Martinez 62,Home Office,Europe,Germany,Office Supplies,Paper,26.16,1,0.1,5.24
ORD-2024-13461,2024-04-27,CUST-1130,Noah Davis 32,Home Office,Latin America,Chile,Technology,Printers,147.48,2,0.3,42.26
ORD-2024-13462,2024-08-28,CUST-1121,Charlotte Thomas 97,Corporate,Europe,United Kingdom,Office Supplies,Storage,251.88,6,0.05,95.07
ORD-2024-13463,2025-04-26,CUST-1033,Liam Smith 34,Consumer,Asia Pacific,India,Furniture,Tables,4266.8,8,0.15,428.6
ORD-2024-13464,2024-08-16,CUST-1086,Alex Rivera 22,Consumer,Asia Pacific,Australia,Technology,Smartphones,5634.68,5,0.2,1280.5
ORD-2024-13465,2024-01-18,CUST-1058,James Taylor 25,Home Office,Europe,Italy,Furniture,Furnishings,1980.23,5,0.05,420.34
ORD-2024-13466,2024-01-09,CUST-1073,Mia Martinez 43,Home Office,Europe,France,Office Supplies,Appliances,849.91,5,0.15,361.93
ORD-2024-13467,2024-01-29,CUST-1098,Charlotte Thomas 90,Home Office,Europe,Italy,Technology,Monitors,1182.87,3,0.3,366.38
ORD-2024-13468,2024-03-17,CUST-1081,Noah Davis 53,Consumer,Latin America,Chile,Office Supplies,Art,646.38,5,0.15,273.96
ORD-2024-13469,2024-08-15,CUST-1115,Benjamin Anderson 86,Consumer,Latin America,Brazil,Office Supplies,Art,359.31,2,0.05,165.61
ORD-2024-13470,2024-06-15,CUST-1074,Sophia Wilson 75,Consumer,North America,United States,Office Supplies,Appliances,687.65,8,0.05,184.91
ORD-2024-13471,2024-11-19,CUST-1085,Alex Rivera 12,Home Office,Asia Pacific,India,Technology,Printers,5134.66,7,0.05,1284.99
ORD-2024-13472,2024-04-10,CUST-1129,Charlotte Thomas 49,Corporate,Asia Pacific,India,Office Supplies,Art,939.84,8,0.2,364.76
ORD-2024-13473,2024-03-19,CUST-1034,Alex Rivera 6,Home Office,North America,United States,Technology,Smartphones,2721.94,3,0.2,964.25
ORD-2024-13474,2024-12-07,CUST-1106,Charlotte Thomas 8,Corporate,Europe,France,Technology,Accessories,4641.54,6,0.0,990.22
ORD-2024-13475,2024-10-25,CUST-1010,Charlotte Thomas 90,Corporate,Latin America,Brazil,Office Supplies,Paper,169.31,1,0.0,70.09
ORD-2024-13476,2024-11-19,CUST-1090,Benjamin Anderson 89,Corporate,Europe,France,Technology,Laptops,2684.32,5,0.3,867.21
ORD-2024-13477,2025-05-05,CUST-1100,James Taylor 45,Home Office,Europe,Italy,Furniture,Furnishings,178.9,1,0.1,13.06
ORD-2024-13478,2024-03-04,CUST-1118,Liam Smith 96,Corporate,North America,United States,Office Supplies,Binders,1033.17,5,0.05,441.85
ORD-2024-13479,2024-04-30,CUST-1083,Olivia Brown 56,Corporate,Asia Pacific,India,Office Supplies,Art,466.02,4,0.1,219.48
ORD-2024-13480,2025-02-06,CUST-1033,James Taylor 99,Corporate,Latin America,Mexico,Technology,Laptops,922.65,1,0.1,301.9
ORD-2024-13481,2024-10-29,CUST-1112,Charlotte Thomas 12,Corporate,North America,Canada,Furniture,Chairs,1253.18,3,0.2,70.14
ORD-2024-13482,2025-02-07,CUST-1105,Emma Watson 85,Home Office,North America,Canada,Furniture,Tables,1930.77,7,0.2,391.15
ORD-2024-13483,2025-03-02,CUST-1069,Mia Martinez 20,Home Office,North America,Canada,Technology,Laptops,1769.62,4,0.1,438.0
ORD-2024-13484,2024-09-13,CUST-1062,Alex Rivera 28,Consumer,Asia Pacific,Australia,Furniture,Furnishings,887.73,3,0.1,102.25
ORD-2024-13485,2024-08-16,CUST-1097,Mia Martinez 27,Corporate,North America,Canada,Office Supplies,Paper,1436.93,8,0.05,512.66
ORD-2024-13486,2024-04-24,CUST-1076,Mia Martinez 50,Corporate,Latin America,Chile,Office Supplies,Paper,378.14,7,0.0,105.16
ORD-2024-13487,2024-12-23,CUST-1052,James Taylor 86,Consumer,North America,Canada,Technology,Printers,2492.64,5,0.1,512.84
ORD-2024-13488,2025-03-20,CUST-1009,Charlotte Thomas 41,Consumer,Asia Pacific,India,Furniture,Desks,559.39,1,0.3,72.03
ORD-2024-13489,2024-07-18,CUST-1037,Emma Watson 7,Corporate,North America,Canada,Furniture,Chairs,2150.4,8,0.3,522.57
ORD-2024-13490,2025-02-18,CUST-1014,Noah Davis 65,Consumer,North America,United States,Office Supplies,Storage,542.19,4,0.3,227.09
ORD-2024-13491,2025-01-18,CUST-1063,Charlotte Thomas 54,Corporate,Europe,Spain,Office Supplies,Binders,929.76,6,0.2,394.95
ORD-2024-13492,2024-07-19,CUST-1112,Mia Martinez 61,Home Office,North America,Canada,Furniture,Bookcases,371.98,1,0.15,25.23
ORD-2024-13493,2024-04-03,CUST-1098,Charlotte Thomas 98,Home Office,North America,Canada,Furniture,Furnishings,1498.48,8,0.0,89.8
ORD-2024-13494,2024-03-06,CUST-1146,Olivia Brown 28,Home Office,North America,United States,Technology,Printers,2730.98,4,0.15,966.34
ORD-2024-13495,2024-08-03,CUST-1005,Liam Smith 9,Consumer,Latin America,Chile,Office Supplies,Storage,191.62,8,0.15,43.13
ORD-2024-13496,2024-03-10,CUST-1017,Benjamin Anderson 35,Consumer,Asia Pacific,Japan,Office Supplies,Appliances,663.39,7,0.0,226.8
ORD-2024-13497,2024-12-07,CUST-1093,Sophia Wilson 72,Home Office,Europe,United Kingdom,Technology,Accessories,1246.08,3,0.3,357.25
ORD-2024-13498,2024-10-11,CUST-1125,Alex Rivera 56,Consumer,North America,United States,Technology,Monitors,2844.29,3,0.2,1086.79
ORD-2024-13499,2025-02-12,CUST-1060,Sophia Wilson 19,Home Office,Latin America,Chile,Office Supplies,Art,125.75,4,0.1,55.44
ORD-2024-13500,2024-11-02,CUST-1104,Noah Davis 63,Consumer,Latin America,Chile,Office Supplies,Storage,1541.66,8,0.1,499.05
